DR_NO,Date Rptd,DATE OCC,TIME OCC,AREA,AREA NAME,Rpt Dist No,Part 1-2,Crm Cd,Crm Cd Desc,Mocodes,Vict Age,Vict Sex,Vict Descent,Premis Cd,Premis Desc,Weapon Used Cd,Weapon Desc,Status,Status Desc,Crm Cd 1,Crm Cd 2,Crm Cd 3,Crm Cd 4,LOCATION,Cross Street,LAT,LON
240216374,10/23/2024 12:00:00 AM,01/20/2024 12:00:00 AM,1020,02,Rampart,0245,1,440,THEFT PLAIN - PETTY ($950 & UNDER),1822 0344,25,M,H,114,TAXI,,,IC,Invest Cont,440,,,,2200 W  6TH                          ST,,34.0601,-118.2761
240604270,01/07/2024 12:00:00 AM,01/02/2024 12:00:00 AM,1225,06,Hollywood,0646,1,341,"THEFT-GRAND ($950.01 & OVER)EXCPT,GUNS,FOWL,LIVESTK,PROD",1822 0344,40,F,W,210,RESTAURANT/FAST FOOD,,,IC,Invest Cont,341,,,,6300    HOLLYWOOD                    BL,,34.1016,-118.3267
240409671,08/23/2024 12:00:00 AM,08/22/2024 12:00:00 AM,2200,04,Hollenbeck,0459,1,510,VEHICLE - STOLEN,,0,,,101,STREET,,,IC,Invest Cont,510,,,,700    BLADES                       ST,,34.0461,-118.1972
240314198,09/11/2024 12:00:00 AM,09/11/2024 12:00:00 AM,1150,03,Southwest,0326,1,510,VEHICLE - STOLEN,,0,,,101,STREET,,,IC,Invest Cont,510,,,,1800 W  27TH                         ST,,34.0309,-118.3028
241214594,08/22/2024 12:00:00 AM,08/21/2024 12:00:00 AM,1400,12,77th Street,1258,1,510,VEHICLE - STOLEN,,0,,,101,STREET,,,IC,Invest Cont,510,,,,73RD,BROADWAY,33.9737,-118.2783
241713410,10/08/2024 12:00:00 AM,10/08/2024 12:00:00 AM,0020,17,Devonshire,1738,1,510,VEHICLE - STOLEN,,0,,,101,STREET,,,IC,Invest Cont,510,,,,15800    TULSA                        ST,,34.2682,-118.476
241405732,02/09/2024 12:00:00 AM,02/07/2024 12:00:00 AM,1440,14,Pacific,1409,2,662,"BUNCO, GRAND THEFT",0701,0,X,X,203,OTHER BUSINESS,,,IC,Invest Cont,662,,,,8900    VENICE                       BL,,34.0293,-118.3882
241807716,03/19/2024 12:00:00 AM,03/18/2024 12:00:00 AM,1300,18,Southeast,1846,1,510,VEHICLE - STOLEN,,0,,,101,STREET,,,IC,Invest Cont,510,,,,11400    EVERS                        AV,,33.9311,-118.2473
241513638,09/11/2024 12:00:00 AM,09/11/2024 12:00:00 AM,1515,15,N Hollywood,1549,2,888,TRESPASSING,2052 1822 1501 0910 2004,0,X,X,913,MTA - RED LINE - NORTH HOLLYWOOD,,,AA,Adult Arrest,888,,,,5300    LANKERSHIM                   BL,,34.172,-118.3789
241710637,06/20/2024 12:00:00 AM,06/20/2024 12:00:00 AM,0710,17,Devonshire,1717,2,354,THEFT OF IDENTITY,1501,57,F,F,501,SINGLE FAMILY DWELLING,,,IC,Invest Cont,354,,,,11400    SWINTON                      AV,,34.2777,-118.4865
240121514,11/22/2024 12:00:00 AM,11/21/2024 12:00:00 AM,1830,01,Central,0138,1,330,BURGLARY FROM VEHICLE,1300 0344 0329 1307,18,M,H,116,OTHER/OUTSIDE,,,IC,Invest Cont,330,,,,300 S  CENTRAL                      AV,,34.0461,-118.2395
240607150,03/10/2024 12:00:00 AM,03/03/2024 12:00:00 AM,0120,06,Hollywood,0636,2,624,BATTERY - SIMPLE ASSAULT,1822 0400 0416 2036,24,M,B,210,RESTAURANT/FAST FOOD,400,"STRONG-ARM (HANDS, FIST, FEET OR BODILY FORCE)",IC,Invest Cont,624,946,,,6700    HOLLYWOOD                    BL,,34.1034,-118.3325
240612275,09/29/2024 12:00:00 AM,07/20/2024 12:00:00 AM,0600,06,Hollywood,0679,2,740,"VANDALISM - FELONY ($400 & OVER, ALL CHURCH VANDALISMS)",0329 1300 1307,58,F,H,103,ALLEY,500,UNKNOWN WEAPON/OTHER WEAPON,IC,Invest Cont,740,,,,1000 N  KINGSLEY                     DR,,34.0885,-118.3033
240507881,04/13/2024 12:00:00 AM,04/11/2024 12:00:00 AM,2355,05,Harbor,0506,1,210,ROBBERY,0916 1822 0305 0354 0330 0344 0416,44,F,O,101,STREET,500,UNKNOWN WEAPON/OTHER WEAPON,AA,Adult Arrest,210,,,,21900 S  WESTERN                      AV,,33.8287,-118.309
241412142,07/31/2024 12:00:00 AM,07/31/2024 12:00:00 AM,1611,14,Pacific,1437,1,440,THEFT PLAIN - PETTY ($950 & UNDER),0344,24,F,B,710,OTHER PREMISE,,,IC,Invest Cont,440,,,,3600 S  SEPULVEDA                    BL,,34.0166,-118.4201
241511140,06/08/2024 12:00:00 AM,06/01/2024 12:00:00 AM,1456,15,N Hollywood,1591,2,745,VANDALISM - MISDEAMEANOR ($399 OR UNDER),0329 1822,25,F,O,406,OTHER STORE,,,IC,Invest Cont,745,,,,12200    VENTURA                      BL,,34.1433,-118.3983
240708875,05/14/2024 12:00:00 AM,05/14/2024 12:00:00 AM,1935,07,Wilshire,0721,1,442,SHOPLIFTING - PETTY THEFT ($950 & UNDER),0325 0378 1822,0,X,X,203,OTHER BUSINESS,,,IC,Invest Cont,442,,,,8500    BEVERLY                      BL,,34.0761,-118.3766
241208471,03/15/2024 12:00:00 AM,03/15/2024 12:00:00 AM,1400,12,77th Street,1241,2,624,BATTERY - SIMPLE ASSAULT,0416 0446 0603 0913,67,M,B,102,SIDEWALK,400,"STRONG-ARM (HANDS, FIST, FEET OR BODILY FORCE)",AO,Adult Other,624,,,,6300    CRENSHAW                     BL,,33.9829,-118.3309
240115569,07/28/2024 12:00:00 AM,07/28/2024 12:00:00 AM,0620,01,Central,0119,2,888,TRESPASSING,0910,0,X,X,834,LA UNION STATION (NOT LINE SPECIFIC),,,IC,Invest Cont,888,,,,800 N  ALAMEDA                      ST,,34.0561,-118.2375
242113169,11/16/2024 12:00:00 AM,11/15/2024 12:00:00 AM,1400,21,Topanga,2137,1,331,THEFT FROM MOTOR VEHICLE - GRAND ($950.01 AND OVER),0385,58,M,B,104,DRIVEWAY,,,IC,Invest Cont,331,,,,21000    COHASSET                     ST,,34.2065,-118.5906
242011779,09/15/2024 12:00:00 AM,09/14/2024 12:00:00 AM,2215,20,Olympic,2033,1,330,BURGLARY FROM VEHICLE,0344 1202 1822,69,M,W,108,PARKING LOT,,,IC,Invest Cont,330,,,,600 S  WESTERN                      AV,,34.061,-118.3091
240216528,10/30/2024 12:00:00 AM,10/29/2024 12:00:00 AM,1520,02,Rampart,0217,1,440,THEFT PLAIN - PETTY ($950 & UNDER),0394 1822,26,F,W,502,"MULTI-UNIT DWELLING (APARTMENT, DUPLEX, ETC)",,,IC,Invest Cont,440,,,,1700    CLINTON                      ST,,34.0719,-118.262
240105821,01/26/2024 12:00:00 AM,01/16/2024 12:00:00 AM,0930,01,Central,0122,2,624,BATTERY - SIMPLE ASSAULT,0913 0400 0444,58,M,H,102,SIDEWALK,400,"STRONG-ARM (HANDS, FIST, FEET OR BODILY FORCE)",IC,Invest Cont,624,,,,100 N  HILL                         ST,,34.0572,-118.2481
241906755,03/14/2024 12:00:00 AM,03/13/2024 12:00:00 AM,1730,19,Mission,1941,1,341,"THEFT-GRAND ($950.01 & OVER)EXCPT,GUNS,FOWL,LIVESTK,PROD",0344,48,M,X,123,PARKING UNDERGROUND/BUILDING,,,IC,Invest Cont,341,,,,15400    BERMUDA                      ST,,34.2677,-118.4672
241505053,01/21/2024 12:00:00 AM,01/21/2024 12:00:00 AM,0718,15,N Hollywood,1549,2,888,TRESPASSING,,0,X,X,913,MTA - RED LINE - NORTH HOLLYWOOD,,,AA,Adult Arrest,888,,,,5300    LANKERSHIM                   BL,,34.172,-118.3789
240109257,03/19/2024 12:00:00 AM,03/19/2024 12:00:00 AM,1940,01,Central,0176,1,510,VEHICLE - STOLEN,,0,,,101,STREET,,,IC,Invest Cont,510,,,,600 E  9TH                          ST,,34.0404,-118.2504
240508981,05/15/2024 12:00:00 AM,05/12/2024 12:00:00 AM,2235,05,Harbor,0541,1,440,THEFT PLAIN - PETTY ($950 & UNDER),0394 0361,29,M,H,506,ABANDONED BUILDING ABANDONED HOUSE,,,IC,Invest Cont,440,,,,1300 W  PARK WESTERN                 DR,,33.7537,-118.3055
240217877,12/07/2024 12:00:00 AM,12/06/2024 12:00:00 AM,2130,02,Rampart,0233,1,330,BURGLARY FROM VEHICLE,0344 1822 1300 1307 1609,41,M,H,140,BALCONY*,,,IC,Invest Cont,330,,,,2700    COUNCIL                      ST,,34.0713,-118.2767
240806766,03/07/2024 12:00:00 AM,02/09/2024 12:00:00 AM,0800,08,West LA,0809,1,440,THEFT PLAIN - PETTY ($950 & UNDER),1822 0344 0122,0,X,X,501,SINGLE FAMILY DWELLING,,,IC,Invest Cont,440,,,,1500    SCHUYLER                     RD,,34.0987,-118.4011
241207063,02/22/2024 12:00:00 AM,02/21/2024 12:00:00 AM,2000,12,77th Street,1204,1,420,THEFT FROM MOTOR VEHICLE - PETTY ($950 & UNDER),,0,,,101,STREET,,,IC,Invest Cont,420,,,,1100 W  47TH                         ST,,34.0006,-118.2937
240108684,03/07/2024 12:00:00 AM,03/03/2024 12:00:00 AM,2015,01,Central,0176,1,330,BURGLARY FROM VEHICLE,0344 1307,41,M,W,108,PARKING LOT,,,IC,Invest Cont,330,,,,200 E  8TH                          ST,,34.0419,-118.2523
241211347,05/06/2024 12:00:00 AM,05/06/2024 12:00:00 AM,0130,12,77th Street,1269,1,310,BURGLARY,1822 1607 0321 0344 0329,69,M,B,708,CHURCH/CHAPEL (CHANGED 03-03 FROM CHURCH/TEMPLE),,,IC,Invest Cont,310,,,,1000 E  MANCHESTER                   AV,,33.9638,-118.2629
241005638,02/15/2024 12:00:00 AM,02/14/2024 12:00:00 AM,1605,10,West Valley,1075,2,956,"LETTERS, LEWD  -  TELEPHONE CALLS, LEWD",1822 1906,44,M,W,721,HIGH SCHOOL,,,IC,Invest Cont,956,,,,5000    ALONZO                       AV,,34.1612,-118.5204
241407495,03/17/2024 12:00:00 AM,03/17/2024 12:00:00 AM,2320,14,Pacific,1467,1,440,THEFT PLAIN - PETTY ($950 & UNDER),0344,27,F,W,711,"ARCADE,GAME ROOM/VIDEO GAMES (EXAMPLE CHUCKIE CHEESE)*",,,IC,Invest Cont,440,,,,HOWARD HUGHES                PY,PARK                         TR,33.9733,-118.3878
241212748,06/20/2024 12:00:00 AM,06/13/2024 12:00:00 AM,1430,12,77th Street,1257,1,510,VEHICLE - STOLEN,,0,,,101,STREET,,,IC,Invest Cont,510,,,,300 W  77TH                         ST,,33.9699,-118.2783
241104129,01/04/2024 12:00:00 AM,01/02/2024 12:00:00 AM,1445,11,Northeast,1152,1,331,THEFT FROM MOTOR VEHICLE - GRAND ($950.01 AND OVER),0385,66,F,W,104,DRIVEWAY,,,IC,Invest Cont,331,,,,1400    MANZANITA                    ST,,34.097,-118.2798
242105739,02/12/2024 12:00:00 AM,01/01/2024 12:00:00 AM,1800,21,Topanga,2156,2,860,BATTERY WITH SEXUAL CONTACT,0503,16,F,H,727,SHOPPING MALL (COMMON AREA),400,"STRONG-ARM (HANDS, FIST, FEET OR BODILY FORCE)",IC,Invest Cont,860,,,,6600    TOPANGA CANYON               BL,,34.1904,-118.6059
241607548,04/23/2024 12:00:00 AM,04/23/2024 12:00:00 AM,1545,16,Foothill,1642,1,230,"ASSAULT WITH DEADLY WEAPON, AGGRAVATED ASSAULT",0913 0400 0416 0429 0554,60,F,H,501,SINGLE FAMILY DWELLING,400,"STRONG-ARM (HANDS, FIST, FEET OR BODILY FORCE)",AO,Adult Other,230,,,,13000    GOLETA                       ST,,34.2536,-118.4194
240106787,02/04/2024 12:00:00 AM,01/06/2024 12:00:00 AM,1607,01,Central,0162,1,440,THEFT PLAIN - PETTY ($950 & UNDER),2032 0377 0344,27,M,I,503,HOTEL,,,IC,Invest Cont,440,,,,400 W  8TH                          ST,,34.0445,-118.2558
240404028,01/02/2024 12:00:00 AM,01/01/2024 12:00:00 AM,1600,04,Hollenbeck,0468,1,510,VEHICLE - STOLEN,,0,,,101,STREET,,,IC,Invest Cont,510,,,,3100 E  1ST                          ST,,34.0395,-118.2003
241509243,04/18/2024 12:00:00 AM,01/03/2024 12:00:00 AM,1200,15,N Hollywood,1583,2,354,THEFT OF IDENTITY,0377,61,F,W,502,"MULTI-UNIT DWELLING (APARTMENT, DUPLEX, ETC)",,,IC,Invest Cont,354,,,,12000    GUERIN                       ST,,34.1458,-118.3924
241907292,03/29/2024 12:00:00 AM,03/29/2024 12:00:00 AM,2030,19,Mission,1917,2,740,"VANDALISM - FELONY ($400 & OVER, ALL CHURCH VANDALISMS)",0329 1402,48,M,X,122,"VEHICLE, PASSENGER/TRUCK",,,AA,Adult Arrest,740,998,,,14000    FOOTHILL                     BL,,34.3138,-118.4385
240809235,06/26/2024 12:00:00 AM,06/15/2024 12:00:00 AM,0445,08,West LA,0885,1,331,THEFT FROM MOTOR VEHICLE - GRAND ($950.01 AND OVER),1822 0344 1300,55,M,F,101,STREET,,,IC,Invest Cont,331,,,,10500    CHEVIOT                      DR,,34.0373,-118.4136
240207796,03/15/2024 12:00:00 AM,03/13/2024 12:00:00 AM,2230,02,Rampart,0205,1,330,BURGLARY FROM VEHICLE,1609 0344 1822,0,F,W,104,DRIVEWAY,,,IC,Invest Cont,330,,,,700    PARKMAN                      AV,,34.079,-118.2758
240405786,02/24/2024 12:00:00 AM,02/24/2024 12:00:00 AM,0205,04,Hollenbeck,0464,2,624,BATTERY - SIMPLE ASSAULT,0400 0417,21,F,H,101,STREET,400,"STRONG-ARM (HANDS, FIST, FEET OR BODILY FORCE)",IC,Invest Cont,624,,,,CESAR E CHAVEZ,SOTO,34.0468,-118.2078
241414507,10/26/2024 12:00:00 AM,10/25/2024 12:00:00 AM,1800,14,Pacific,1494,1,341,"THEFT-GRAND ($950.01 & OVER)EXCPT,GUNS,FOWL,LIVESTK,PROD",1822 0344,32,M,O,212,TRANSPORTATION FACILITY (AIRPORT),500,UNKNOWN WEAPON/OTHER WEAPON,IC,Invest Cont,341,,,,700    WORLD                        WY,,33.9431,-118.401
240905819,02/20/2024 12:00:00 AM,02/16/2024 12:00:00 AM,1900,09,Van Nuys,0914,1,510,VEHICLE - STOLEN,,0,,,101,STREET,,,IC,Invest Cont,510,,,,14900    SHERMAN                      WY,,34.2011,-118.4575
240310870,05/28/2024 12:00:00 AM,05/27/2024 12:00:00 AM,1955,03,Southwest,0331,1,440,THEFT PLAIN - PETTY ($950 & UNDER),0344 2052 2050 0910,17,F,B,949,MTA - EXPO LINE - EXPO/LA BREA,,,IC,Invest Cont,440,,,,5000    EXPOSITION                   BL,,34.0246,-118.352
241807703,03/19/2024 12:00:00 AM,03/14/2024 12:00:00 AM,2140,18,Southeast,1891,2,624,BATTERY - SIMPLE ASSAULT,0913 0416 0342 0216,21,F,H,501,SINGLE FAMILY DWELLING,400,"STRONG-ARM (HANDS, FIST, FEET OR BODILY FORCE)",AO,Adult Other,624,,,,16600 S  MENLO                        AV,,33.8808,-118.2891
240806731,03/10/2024 12:00:00 AM,03/10/2024 12:00:00 AM,1200,08,West LA,0849,1,480,BIKE - STOLEN,0344 0355 0412,34,F,W,707,GARAGE/CARPORT,,,IC,Invest Cont,480,,,,1100 S  WOOSTER                      ST,,34.0571,-118.3825
241314291,10/26/2024 12:00:00 AM,10/26/2024 12:00:00 AM,1646,13,Newton,1325,1,442,SHOPLIFTING - PETTY THEFT ($950 & UNDER),0325 0344 1822,30,M,H,403,DRUG STORE,,,IC,Invest Cont,442,,,,ADAMS                        BL,CENTRAL                      AV,34.0185,-118.2544
241510133,05/02/2024 12:00:00 AM,05/02/2024 12:00:00 AM,1645,15,N Hollywood,1527,1,442,SHOPLIFTING - PETTY THEFT ($950 & UNDER),1822 0325,0,X,X,404,DEPARTMENT STORE,,,AA,Adult Arrest,442,,,,11000    VICTORY                      BL,,34.1867,-118.3703
240613995,12/16/2024 12:00:00 AM,12/14/2024 12:00:00 AM,1921,06,Hollywood,0645,1,442,SHOPLIFTING - PETTY THEFT ($950 & UNDER),1822 0104 0325 1501,0,X,X,404,DEPARTMENT STORE,,,IC,Invest Cont,442,,,,7000    HOLLYWOOD                    BL,,34.1015,-118.3417
241906398,03/04/2024 12:00:00 AM,03/03/2024 12:00:00 AM,0800,19,Mission,1962,2,626,INTIMATE PARTNER - SIMPLE ASSAULT,2000 0913 1814 0444,45,F,B,501,SINGLE FAMILY DWELLING,400,"STRONG-ARM (HANDS, FIST, FEET OR BODILY FORCE)",AO,Adult Other,626,,,,15000    CORE                         LN,,34.2424,-118.4596
241513190,08/27/2024 12:00:00 AM,08/27/2024 12:00:00 AM,0400,15,N Hollywood,1583,1,420,THEFT FROM MOTOR VEHICLE - PETTY ($950 & UNDER),1300 0344,39,M,H,101,STREET,,,IC,Invest Cont,420,,,,4300    GENTRY                       AV,,34.1486,-118.3932
241307539,03/18/2024 12:00:00 AM,03/18/2024 12:00:00 AM,1015,13,Newton,1346,2,956,"LETTERS, LEWD  -  TELEPHONE CALLS, LEWD",1906,26,F,B,606,DRIVE THRU BANKING (WINDOW)*,,,IC,Invest Cont,956,,,,VERNON                       AV,CENTRAL                      AV,34.0039,-118.2565
241708491,04/18/2024 12:00:00 AM,03/21/2024 12:00:00 AM,1400,17,Devonshire,1788,1,442,SHOPLIFTING - PETTY THEFT ($950 & UNDER),0325 0378,0,X,X,404,DEPARTMENT STORE,,,IC,Invest Cont,442,,,,8900    BALBOA                       BL,,34.2322,-118.5113
240116175,08/05/2024 12:00:00 AM,08/05/2024 12:00:00 AM,1000,01,Central,0123,1,440,THEFT PLAIN - PETTY ($950 & UNDER),0344,45,M,W,116,OTHER/OUTSIDE,,,IC,Invest Cont,440,,,,300 W  1ST                          ST,,34.0536,-118.2455
240106162,01/30/2024 12:00:00 AM,01/27/2024 12:00:00 AM,1000,01,Central,0182,1,520,VEHICLE - ATTEMPT STOLEN,0329 1822 1609 1307 1300,28,M,B,123,PARKING UNDERGROUND/BUILDING,,,IC,Invest Cont,520,,,,500 W  OLYMPIC                      BL,,34.043,-118.2606
242010038,07/05/2024 12:00:00 AM,06/03/2024 12:00:00 AM,0800,20,Olympic,2045,1,440,THEFT PLAIN - PETTY ($950 & UNDER),0344 1822 0377,19,F,H,722,COLLEGE/JUNIOR COLLEGE/UNIVERSITY,,,IC,Invest Cont,440,,,,800 S  KENMORE                      AV,,34.0561,-118.2981
241609166,07/03/2024 12:00:00 AM,07/03/2024 12:00:00 AM,0700,16,Foothill,1614,1,420,THEFT FROM MOTOR VEHICLE - PETTY ($950 & UNDER),,0,,,101,STREET,,,IC,Invest Cont,420,,,,12100    FOOTHILL                     BL,,34.2798,-118.3997
241315395,12/08/2024 12:00:00 AM,12/08/2024 12:00:00 AM,0200,13,Newton,1313,1,330,BURGLARY FROM VEHICLE,0344 0358 1307,28,F,H,101,STREET,500,UNKNOWN WEAPON/OTHER WEAPON,IC,Invest Cont,330,,,,WALL                         ST,PICO                         BL,34.0338,-118.2568
242009295,06/01/2024 12:00:00 AM,05/31/2024 12:00:00 AM,1500,20,Olympic,2035,1,510,VEHICLE - STOLEN,,0,,,101,STREET,,,IC,Invest Cont,510,,,,3200 W  8TH                          ST,,34.0598,-118.2979
242006597,03/01/2024 12:00:00 AM,02/25/2024 12:00:00 AM,1500,20,Olympic,2002,2,624,BATTERY - SIMPLE ASSAULT,0400 0432 0444 0913 1810 1820,23,M,W,501,SINGLE FAMILY DWELLING,400,"STRONG-ARM (HANDS, FIST, FEET OR BODILY FORCE)",AO,Adult Other,624,,,,4700    ELMWOOD                      AV,,34.0783,-118.3092
240612012,09/18/2024 12:00:00 AM,09/18/2024 12:00:00 AM,0610,06,Hollywood,0645,2,888,TRESPASSING,1501 1822,0,X,X,911,MTA - RED LINE - HOLLYWOOD/HIGHLAND,,,IC,Invest Cont,888,,,,6800    HOLLYWOOD                    BL,,34.1016,-118.3387
240809198,06/23/2024 12:00:00 AM,06/22/2024 12:00:00 AM,1430,08,West LA,0841,2,745,VANDALISM - MISDEAMEANOR ($399 OR UNDER),0329,31,F,W,140,BALCONY*,,,IC,Invest Cont,745,,,,1200    BROCKTON                     AV,,34.046,-118.4652
241210265,04/17/2024 12:00:00 AM,04/17/2024 12:00:00 AM,1800,12,77th Street,1253,1,220,ATTEMPTED ROBBERY,1822 0305,28,M,B,101,STREET,207,OTHER KNIFE,IC,Invest Cont,220,,,,FLORENCE,WESTERN,33.9746,-118.309
240610382,07/07/2024 12:00:00 AM,07/07/2024 12:00:00 AM,0830,06,Hollywood,0666,1,330,BURGLARY FROM VEHICLE,1822 0344 1300 1501,33,M,H,101,STREET,,,IC,Invest Cont,330,,,,1400    IVAR                         AV,,34.0962,-118.3288
240308622,03/31/2024 12:00:00 AM,03/28/2024 12:00:00 AM,0830,03,Southwest,0327,1,330,BURGLARY FROM VEHICLE,1822 1601 1609 0344 1307 0329,22,F,W,101,STREET,,,IC,Invest Cont,330,,,,2600    MAGNOLIA                     AV,,34.0328,-118.2865
240204284,01/05/2024 12:00:00 AM,01/05/2024 12:00:00 AM,1820,02,Rampart,0218,2,901,VIOLATION OF RESTRAINING ORDER,2038,88,F,H,501,SINGLE FAMILY DWELLING,,,IC,Invest Cont,901,,,,1000 W  KENSINGTON                   RD,,34.0735,-118.2572
240405164,02/07/2024 12:00:00 AM,02/06/2024 12:00:00 AM,0040,04,Hollenbeck,0421,1,510,VEHICLE - STOLEN,,0,,,101,STREET,,,IC,Invest Cont,510,,,,200 S  AVENUE 18,,34.0697,-118.2212
241906226,02/28/2024 12:00:00 AM,02/09/2024 12:00:00 AM,0819,19,Mission,1907,2,354,THEFT OF IDENTITY,0928,72,F,O,501,SINGLE FAMILY DWELLING,,,IC,Invest Cont,354,,,,13500    SAYRE                        ST,,34.3111,-118.4328
241104183,01/06/2024 12:00:00 AM,01/06/2024 12:00:00 AM,0620,11,Northeast,1173,1,510,VEHICLE - STOLEN,,0,,,707,GARAGE/CARPORT,,,IC,Invest Cont,510,,,,2200    GLENDALE                     BL,,34.0916,-118.2539
240505973,02/22/2024 12:00:00 AM,01/26/2024 12:00:00 AM,0927,05,Harbor,0504,1,310,BURGLARY,1822 1607 0344,0,X,X,221,PUBLIC STORAGE,,,IC,Invest Cont,310,,,,1400 W  190TH                        ST,,33.8584,-118.3022
241504997,01/20/2024 12:00:00 AM,01/09/2024 12:00:00 AM,1800,15,N Hollywood,1526,2,624,BATTERY - SIMPLE ASSAULT,1810 0429 0400 0417 0446 0421,56,M,O,502,"MULTI-UNIT DWELLING (APARTMENT, DUPLEX, ETC)",400,"STRONG-ARM (HANDS, FIST, FEET OR BODILY FORCE)",IC,Invest Cont,624,,,,6200    BECK                         AV,,34.183,-118.3834
241215276,09/14/2024 12:00:00 AM,09/14/2024 12:00:00 AM,0005,12,77th Street,1241,1,510,VEHICLE - STOLEN,,0,,,101,STREET,,,IC,Invest Cont,510,,,,3600 W  61ST                         ST,,33.9845,-118.3352
240805696,02/14/2024 12:00:00 AM,02/14/2024 12:00:00 AM,0345,08,West LA,0832,2,740,"VANDALISM - FELONY ($400 & OVER, ALL CHURCH VANDALISMS)",1822 0329,0,X,X,203,OTHER BUSINESS,,,IC,Invest Cont,740,,,,11700    SAN VICENTE                  BL,,34.0535,-118.4655
241215681,09/25/2024 12:00:00 AM,09/10/2024 12:00:00 AM,2355,12,77th Street,1232,1,331,THEFT FROM MOTOR VEHICLE - GRAND ($950.01 AND OVER),0344,39,F,B,122,"VEHICLE, PASSENGER/TRUCK",,,IC,Invest Cont,331,,,,5900    WEST                         BL,,33.9872,-118.3352
241404664,01/12/2024 12:00:00 AM,01/12/2024 12:00:00 AM,0130,14,Pacific,1494,1,440,THEFT PLAIN - PETTY ($950 & UNDER),0344,36,M,H,212,TRANSPORTATION FACILITY (AIRPORT),,,IC,Invest Cont,440,,,,500    WORLD                        WY,,33.9427,-118.4049
241306443,02/22/2024 12:00:00 AM,02/04/2024 12:00:00 AM,1645,13,Newton,1344,1,420,THEFT FROM MOTOR VEHICLE - PETTY ($950 & UNDER),,0,,,101,STREET,,,IC,Invest Cont,420,,,,41ST                         ST,AVALON,34.0092,-118.2653
241706729,03/06/2024 12:00:00 AM,03/05/2024 12:00:00 AM,1230,17,Devonshire,1785,1,510,VEHICLE - STOLEN,,0,,,101,STREET,,,IC,Invest Cont,510,,,,9100    RESEDA                       BL,,34.2354,-118.5361
242109233,05/20/2024 12:00:00 AM,05/18/2024 12:00:00 AM,2230,21,Topanga,2189,1,330,BURGLARY FROM VEHICLE,0344,43,M,W,101,STREET,,,IC,Invest Cont,330,,,,5400    QUAKERTOWN                   AV,,34.1681,-118.5696
240612350,10/03/2024 12:00:00 AM,10/02/2024 12:00:00 AM,1945,06,Hollywood,0656,1,330,BURGLARY FROM VEHICLE,1501 1822 0344 1300,32,M,W,108,PARKING LOT,,,IC,Invest Cont,330,,,,900    COLE                         AV,,34.0871,-118.3299
242012427,10/10/2024 12:00:00 AM,10/09/2024 12:00:00 AM,0931,20,Olympic,2039,1,440,THEFT PLAIN - PETTY ($950 & UNDER),0344 0394 1822,18,M,H,145,MAIL BOX,,,IC,Invest Cont,440,,,,2700 W  8TH                          ST,,34.0598,-118.2865
242108896,05/08/2024 12:00:00 AM,05/03/2024 12:00:00 AM,0001,21,Topanga,2144,2,354,THEFT OF IDENTITY,0923 1822,64,M,W,501,SINGLE FAMILY DWELLING,,,IC,Invest Cont,354,,,,22500    GILMORE                      ST,,34.1878,-118.6173
240106152,01/30/2024 12:00:00 AM,01/27/2024 12:00:00 AM,1000,01,Central,0135,1,510,VEHICLE - STOLEN,,0,,,101,STREET,,,IC,Invest Cont,510,,,,200 S  SPRING                       ST,,34.0517,-118.2456
241005025,01/28/2024 12:00:00 AM,01/27/2024 12:00:00 AM,2300,10,West Valley,1018,2,626,INTIMATE PARTNER - SIMPLE ASSAULT,2000 0416 0400 0913 1813 2002 0446 0444 0417,37,M,H,501,SINGLE FAMILY DWELLING,400,"STRONG-ARM (HANDS, FIST, FEET OR BODILY FORCE)",IC,Invest Cont,626,,,,16100    CANTLAY                      ST,,34.2022,-118.4837
240805383,02/06/2024 12:00:00 AM,02/03/2024 12:00:00 AM,1140,08,West LA,0853,1,440,THEFT PLAIN - PETTY ($950 & UNDER),0394 1822 0344,27,M,W,502,"MULTI-UNIT DWELLING (APARTMENT, DUPLEX, ETC)",,,IC,Invest Cont,440,,,,1500    BELOIT                       AV,,34.0489,-118.4491
240511179,09/08/2024 12:00:00 AM,09/08/2024 12:00:00 AM,1115,05,Harbor,0529,1,510,VEHICLE - STOLEN,,0,,,108,PARKING LOT,,,IC,Invest Cont,510,,,,800    PIONEER                      AV,,33.7807,-118.2484
241305545,02/03/2024 12:00:00 AM,02/03/2024 12:00:00 AM,1030,13,Newton,1362,2,624,BATTERY - SIMPLE ASSAULT,1822 0400,39,F,B,501,SINGLE FAMILY DWELLING,400,"STRONG-ARM (HANDS, FIST, FEET OR BODILY FORCE)",AO,Adult Other,624,,,,100 E  49TH                         ST,,33.9983,-118.274
240907007,03/20/2024 12:00:00 AM,03/16/2024 12:00:00 AM,0500,09,Van Nuys,0989,1,330,BURGLARY FROM VEHICLE,0344 1822,66,M,O,108,PARKING LOT,,,IC,Invest Cont,330,,,,4500    WOODMAN                      AV,,34.153,-118.4312
241707919,04/04/2024 12:00:00 AM,03/26/2024 12:00:00 AM,2206,17,Devonshire,1788,1,442,SHOPLIFTING - PETTY THEFT ($950 & UNDER),0325,0,X,X,404,DEPARTMENT STORE,,,IC,Invest Cont,442,,,,8900    BALBOA                       BL,,34.2322,-118.5113
241217126,11/15/2024 12:00:00 AM,11/13/2024 12:00:00 AM,1900,12,77th Street,1283,1,510,VEHICLE - STOLEN,,0,,,109,PARK/PLAYGROUND,,,IC,Invest Cont,510,,,,9200 S  HARVARD                      BL,,33.9527,-118.3069
240608049,03/29/2024 12:00:00 AM,03/18/2024 12:00:00 AM,1200,06,Hollywood,0667,2,745,VANDALISM - MISDEAMEANOR ($399 OR UNDER),1501 1822 1604 0329,33,F,W,501,SINGLE FAMILY DWELLING,,,IC,Invest Cont,745,,,,1100 N  BEACHWOOD                    DR,,34.0908,-118.3212
241109040,07/01/2024 12:00:00 AM,06/21/2024 12:00:00 AM,1700,11,Northeast,1173,1,420,THEFT FROM MOTOR VEHICLE - PETTY ($950 & UNDER),,0,,,101,STREET,,,IC,Invest Cont,420,,,,EWING                        ST,N  ALVARADO                     ST,34.0908,-118.2584
240406850,04/08/2024 12:00:00 AM,04/06/2024 12:00:00 AM,1300,04,Hollenbeck,0451,1,510,VEHICLE - STOLEN,,0,,,101,STREET,,,IC,Invest Cont,510,,,,200 N  MISSION                      RD,,34.0497,-118.2275
241813896,10/15/2024 12:00:00 AM,10/15/2024 12:00:00 AM,0730,18,Southeast,1821,1,510,VEHICLE - STOLEN,,0,,,101,STREET,,,IC,Invest Cont,510,,,,98TH                         ST,FIGUEROA                     ST,33.9472,-118.2827
241611657,12/02/2024 12:00:00 AM,12/01/2024 12:00:00 AM,1635,16,Foothill,1639,1,330,BURGLARY FROM VEHICLE,0344 1300,21,M,O,101,STREET,,,IC,Invest Cont,330,,,,10400    GLORY                        AV,,34.2577,-118.281
241709070,04/30/2024 12:00:00 AM,04/30/2024 12:00:00 AM,1030,17,Devonshire,1791,1,330,BURGLARY FROM VEHICLE,0344 2032,58,F,H,158,TRANSIENT ENCAMPMENT,,,IC,Invest Cont,330,,,,CHASE                        ST,LIMERICK                     AV,34.2246,-118.5832
241611900,12/15/2024 12:00:00 AM,12/15/2024 12:00:00 AM,0300,16,Foothill,1601,1,510,VEHICLE - STOLEN,,0,,,101,STREET,,,IC,Invest Cont,510,,,,12800    EUSTACE                      ST,,34.2861,-118.412
240109812,04/01/2024 12:00:00 AM,04/01/2024 12:00:00 AM,0038,01,Central,0182,1,510,VEHICLE - STOLEN,,0,,,707,GARAGE/CARPORT,,,IC,Invest Cont,510,,,,1100 S  GRAND                        AV,,34.0415,-118.262
241211144,05/03/2024 12:00:00 AM,05/01/2024 12:00:00 AM,1200,12,77th Street,1242,1,510,VEHICLE - STOLEN,,0,,,101,STREET,,,IC,Invest Cont,510,,,,GRAMERCY,GAGE,33.9818,-118.3221
241313050,09/15/2024 12:00:00 AM,09/14/2024 12:00:00 AM,1945,13,Newton,1317,1,510,VEHICLE - STOLEN,,0,,,101,STREET,,,IC,Invest Cont,510,,,,1600    LONG BEACH                   AV,,34.0233,-118.2424
240505338,02/04/2024 12:00:00 AM,02/03/2024 12:00:00 AM,2030,05,Harbor,0518,1,442,SHOPLIFTING - PETTY THEFT ($950 & UNDER),0325,0,X,X,404,DEPARTMENT STORE,,,IC,Invest Cont,442,,,,200 E  PACIFIC COAST                HY,,33.798,-118.2604
240212913,08/12/2024 12:00:00 AM,08/11/2024 12:00:00 AM,2015,02,Rampart,0218,2,740,"VANDALISM - FELONY ($400 & OVER, ALL CHURCH VANDALISMS)",1822 0329 1300,36,F,W,502,"MULTI-UNIT DWELLING (APARTMENT, DUPLEX, ETC)",,,IC,Invest Cont,740,,,,CROSBY,KENSINGTON                   RD,34.0734,-118.2575
241408583,04/14/2024 12:00:00 AM,04/13/2024 12:00:00 AM,1700,14,Pacific,1494,1,510,VEHICLE - STOLEN,,0,,,108,PARKING LOT,,,IC,Invest Cont,510,,,,5600 W  IMPERIAL                     HY,,33.9319,-118.4062
240311647,06/19/2024 12:00:00 AM,06/19/2024 12:00:00 AM,1335,03,Southwest,0358,2,888,TRESPASSING,0910 1501 2004 1822,23,X,X,944,MTA - EXPO LINE - EXPO PARK/USC,,,IC,Invest Cont,888,,,,600    EXPOSITION                   BL,,34.0183,-118.2832
241218095,12/17/2024 12:00:00 AM,12/03/2024 12:00:00 AM,1222,12,77th Street,1203,1,440,THEFT PLAIN - PETTY ($950 & UNDER),0344,26,M,H,121,YARD (RESIDENTIAL/BUSINESS),,,IC,Invest Cont,440,,,,1800 W  48TH                         ST,,34.0001,-118.3113
241210280,04/18/2024 12:00:00 AM,04/17/2024 12:00:00 AM,1625,12,77th Street,1268,1,510,VEHICLE - STOLEN,,0,,,101,STREET,,,IC,Invest Cont,510,,,,100 E  81ST                         ST,,33.9662,-118.2739
240709617,06/21/2024 12:00:00 AM,06/20/2024 12:00:00 AM,0300,07,Wilshire,0785,1,510,VEHICLE - STOLEN,,0,,,101,STREET,,,IC,Invest Cont,510,,,,2000 W  VIEW                         ST,,34.0386,-118.345
242006172,02/21/2024 12:00:00 AM,02/20/2024 12:00:00 AM,2000,20,Olympic,2029,1,510,VEHICLE - STOLEN,,0,,,101,STREET,,,IC,Invest Cont,510,,,,500 S  VIRGIL                       AV,,34.0652,-118.2871
240505154,01/30/2024 12:00:00 AM,01/30/2024 12:00:00 AM,1115,05,Harbor,0509,2,624,BATTERY - SIMPLE ASSAULT,0917 1822 0444,47,F,H,721,HIGH SCHOOL,400,"STRONG-ARM (HANDS, FIST, FEET OR BODILY FORCE)",AA,Adult Arrest,624,,,,24300    WESTERN                      AV,,33.8046,-118.3074
240806026,02/22/2024 12:00:00 AM,02/21/2024 12:00:00 AM,1302,08,West LA,0805,1,310,BURGLARY,1822 1607 0344 0352,27,M,W,501,SINGLE FAMILY DWELLING,,,IC,Invest Cont,310,,,,11800    BEL                          TR,,34.0853,-118.4725
241210674,04/24/2024 12:00:00 AM,04/24/2024 12:00:00 AM,1945,12,77th Street,1241,1,230,"ASSAULT WITH DEADLY WEAPON, AGGRAVATED ASSAULT",0913 0431 0361 0359 0603 0319,0,F,B,502,"MULTI-UNIT DWELLING (APARTMENT, DUPLEX, ETC)",512,MACE/PEPPER SPRAY,IC,Invest Cont,230,,,,6400 S  VICTORIA                     AV,,33.9817,-118.3323
242109929,06/24/2024 12:00:00 AM,06/24/2024 12:00:00 AM,1045,21,Topanga,2156,1,343,SHOPLIFTING-GRAND THEFT ($950.01 & OVER),0397 0325,0,M,W,406,OTHER STORE,,,IC,Invest Cont,343,,,,6200    TOPANGA CANYON               BL,,34.1865,-118.6017
241708787,04/26/2024 12:00:00 AM,04/06/2024 12:00:00 AM,0900,17,Devonshire,1797,2,354,THEFT OF IDENTITY,0928 1813,39,F,W,501,SINGLE FAMILY DWELLING,,,IC,Invest Cont,354,,,,8800    HAYVENHURST                  AV,,34.2304,-118.4938
240605145,01/23/2024 12:00:00 AM,01/22/2024 12:00:00 AM,2000,06,Hollywood,0646,1,510,VEHICLE - STOLEN,,0,,,101,STREET,,,IC,Invest Cont,510,,,,SELMA,SCHRADER,34.0998,-118.3332
240908999,05/10/2024 12:00:00 AM,05/06/2024 12:00:00 AM,0600,09,Van Nuys,0916,1,341,"THEFT-GRAND ($950.01 & OVER)EXCPT,GUNS,FOWL,LIVESTK,PROD",0344 1822,26,F,H,501,SINGLE FAMILY DWELLING,,,IC,Invest Cont,341,,,,7000    RANCHITO                     AV,,34.1975,-118.4356
240611740,09/07/2024 12:00:00 AM,09/06/2024 12:00:00 AM,2315,06,Hollywood,0666,1,440,THEFT PLAIN - PETTY ($950 & UNDER),1822 0344 1501,21,F,H,207,BAR/COCKTAIL/NIGHTCLUB,,,IC,Invest Cont,440,,,,1400    IVAR                         AV,,34.0962,-118.3288
241605861,02/27/2024 12:00:00 AM,02/27/2024 12:00:00 AM,0825,16,Foothill,1637,2,745,VANDALISM - MISDEAMEANOR ($399 OR UNDER),0329,45,F,O,203,OTHER BUSINESS,,,IC,Invest Cont,745,,,,10400    MT GLEASON                   AV,,34.2605,-118.3027
241012309,11/15/2024 12:00:00 AM,11/15/2024 12:00:00 AM,1529,10,West Valley,1043,2,956,"LETTERS, LEWD  -  TELEPHONE CALLS, LEWD",1822 1906,28,M,O,501,SINGLE FAMILY DWELLING,,,AO,Adult Other,956,,,,18500    COLLINS                      ST,,34.1745,-118.536
241706542,03/01/2024 12:00:00 AM,03/01/2024 12:00:00 AM,2100,17,Devonshire,1703,2,626,INTIMATE PARTNER - SIMPLE ASSAULT,2000 0913 0448 1813,53,M,O,501,SINGLE FAMILY DWELLING,400,"STRONG-ARM (HANDS, FIST, FEET OR BODILY FORCE)",IC,Invest Cont,626,,,,18900    KINBRACE                     ST,,34.2963,-118.5455
241606686,03/26/2024 12:00:00 AM,03/25/2024 12:00:00 AM,1200,16,Foothill,1698,1,420,THEFT FROM MOTOR VEHICLE - PETTY ($950 & UNDER),,0,,,101,STREET,,,IC,Invest Cont,420,,,,10200    ARMINTA                      ST,,34.214,-118.3531
242106831,03/12/2024 12:00:00 AM,03/12/2024 12:00:00 AM,0847,21,Topanga,2189,2,930,CRIMINAL THREATS - NO WEAPON DISPLAYED,2040,0,M,W,721,HIGH SCHOOL,511,VERBAL THREAT,IC,Invest Cont,930,,,,5400    WINNETKA                     AV,,34.1681,-118.571
241012464,11/25/2024 12:00:00 AM,11/25/2024 12:00:00 AM,1154,10,West Valley,1015,1,440,THEFT PLAIN - PETTY ($950 & UNDER),0325,0,M,W,404,DEPARTMENT STORE,,,IC,Invest Cont,440,,,,18200    SHERMAN                      WY,,34.2012,-118.5296
240604498,01/11/2024 12:00:00 AM,01/11/2024 12:00:00 AM,0330,06,Hollywood,0656,1,310,BURGLARY,1822 2004 1402 0325 1601 0202 0321,0,X,X,203,OTHER BUSINESS,,,AA,Adult Arrest,310,998,,,6200    SANTA MONICA                 BL,,34.0907,-118.3244
240708275,04/21/2024 12:00:00 AM,04/20/2024 12:00:00 AM,2200,07,Wilshire,0782,1,510,VEHICLE - STOLEN,,0,,,101,STREET,,,IC,Invest Cont,510,,,,2300    THURMAN                      AV,,34.0371,-118.3667
241009334,06/10/2024 12:00:00 AM,06/09/2024 12:00:00 AM,1900,10,West Valley,1006,2,354,THEFT OF IDENTITY,0929 1822 0930 0928,30,M,A,501,SINGLE FAMILY DWELLING,,,IC,Invest Cont,354,,,,7900    SHOSHONE                     AV,,34.2135,-118.5167
241210560,04/23/2024 12:00:00 AM,04/22/2024 12:00:00 AM,1700,12,77th Street,1251,1,310,BURGLARY,0344 1822 0329 1609 0321,0,X,X,203,OTHER BUSINESS,,,IC,Invest Cont,310,,,,3300 W  FLORENCE                     AV,,33.9745,-118.3294
241505352,01/27/2024 12:00:00 AM,01/27/2024 12:00:00 AM,1800,15,N Hollywood,1525,1,510,VEHICLE - STOLEN,,0,,,101,STREET,,,IC,Invest Cont,510,,,,11800    KITTRIDGE                    ST,,34.1903,-118.39
242013708,11/27/2024 12:00:00 AM,11/26/2024 12:00:00 AM,2200,20,Olympic,2029,2,740,"VANDALISM - FELONY ($400 & OVER, ALL CHURCH VANDALISMS)",0329 1822,34,F,H,122,"VEHICLE, PASSENGER/TRUCK",,,IC,Invest Cont,740,,,,400 S  VIRGIL                       AV,,34.0667,-118.2871
240312247,07/13/2024 12:00:00 AM,07/13/2024 12:00:00 AM,1750,03,Southwest,0327,1,440,THEFT PLAIN - PETTY ($950 & UNDER),0344 1251 1822 0345 0394,21,F,W,502,"MULTI-UNIT DWELLING (APARTMENT, DUPLEX, ETC)",,,IC,Invest Cont,440,,,,2600    ORCHARD                      AV,,34.0328,-118.2874
240206576,02/20/2024 12:00:00 AM,02/20/2024 12:00:00 AM,0905,02,Rampart,0221,2,888,TRESPASSING,1822 0910,0,X,X,906,MTA - RED LINE - VERMONT/BEVERLY,,,IC,Invest Cont,888,,,,300 N  VERMONT                      AV,,34.0777,-118.2961
240107208,02/14/2024 12:00:00 AM,02/14/2024 12:00:00 AM,2355,01,Central,0162,2,740,"VANDALISM - FELONY ($400 & OVER, ALL CHURCH VANDALISMS)",0329,0,X,X,502,"MULTI-UNIT DWELLING (APARTMENT, DUPLEX, ETC)",,,IC,Invest Cont,740,,,,800 S  FLOWER                       ST,,34.0473,-118.2601
240108732,03/08/2024 12:00:00 AM,03/06/2024 12:00:00 AM,2140,01,Central,0181,1,440,THEFT PLAIN - PETTY ($950 & UNDER),0344,28,M,B,712,COLISEUM,,,IC,Invest Cont,440,,,,1100 S  FIGUEROA                     ST,,34.0431,-118.2692
240705256,01/30/2024 12:00:00 AM,01/30/2024 12:00:00 AM,0745,07,Wilshire,0769,1,420,THEFT FROM MOTOR VEHICLE - PETTY ($950 & UNDER),0344,40,M,W,501,SINGLE FAMILY DWELLING,,,IC,Invest Cont,420,,,,1500    5TH                          AV,,34.0454,-118.3225
240105431,01/21/2024 12:00:00 AM,01/20/2024 12:00:00 AM,0100,01,Central,0134,1,352,PICKPOCKET,0344,28,F,H,207,BAR/COCKTAIL/NIGHTCLUB,,,IC,Invest Cont,352,,,,300 S  HILL                         ST,,34.0516,-118.2491
242106523,03/03/2024 12:00:00 AM,03/03/2024 12:00:00 AM,1540,21,Topanga,2114,1,236,INTIMATE PARTNER - AGGRAVATED ASSAULT,2000 1814 0913 0444,49,F,W,501,SINGLE FAMILY DWELLING,400,"STRONG-ARM (HANDS, FIST, FEET OR BODILY FORCE)",IC,Invest Cont,236,,,,22300    STRATHERN                    ST,,34.2155,-118.6123
241714986,12/14/2024 12:00:00 AM,12/14/2024 12:00:00 AM,1550,17,Devonshire,1782,1,442,SHOPLIFTING - PETTY THEFT ($950 & UNDER),0325 0344,0,X,X,203,OTHER BUSINESS,,,IC,Invest Cont,442,,,,8800    CORBIN                       AV,,34.2302,-118.5623
240810504,08/30/2024 12:00:00 AM,08/29/2024 12:00:00 AM,2300,08,West LA,0852,1,510,VEHICLE - STOLEN,,0,,,101,STREET,,,IC,Invest Cont,510,,,,1700    GRANVILLE                    AV,,34.0403,-118.456
241110108,08/19/2024 12:00:00 AM,08/17/2024 12:00:00 AM,1140,11,Northeast,1129,2,354,THEFT OF IDENTITY,0100 0928,25,F,W,501,SINGLE FAMILY DWELLING,,,IC,Invest Cont,354,,,,800 N  AVENUE 65,,34.1202,-118.1766
240804717,01/21/2024 12:00:00 AM,01/12/2024 12:00:00 AM,0100,08,West LA,0855,2,740,"VANDALISM - FELONY ($400 & OVER, ALL CHURCH VANDALISMS)",0329 1300 1609,21,M,B,710,OTHER PREMISE,,,IC,Invest Cont,740,,,,10900    MASSACHUSETTS                AV,,34.0516,-118.4398
241408559,04/12/2024 12:00:00 AM,04/11/2024 12:00:00 AM,1900,14,Pacific,1441,1,522,"VEHICLE, STOLEN - OTHER (MOTORIZED SCOOTERS, BIKES, ETC)",,0,,,707,GARAGE/CARPORT,,,IC,Invest Cont,522,,,,2500 S  STRONGS                      DR,,33.9821,-118.4671
241913290,11/23/2024 12:00:00 AM,10/13/2024 12:00:00 AM,1021,19,Mission,1954,1,442,SHOPLIFTING - PETTY THEFT ($950 & UNDER),0325 2028,23,F,H,404,DEPARTMENT STORE,,,IC,Invest Cont,442,,,,10300 N  SEPULVEDA                    BL,,34.2573,-118.4673
241305428,01/29/2024 12:00:00 AM,01/28/2024 12:00:00 AM,1630,13,Newton,1353,2,626,INTIMATE PARTNER - SIMPLE ASSAULT,0913 1814 2000 0416,24,F,B,501,SINGLE FAMILY DWELLING,400,"STRONG-ARM (HANDS, FIST, FEET OR BODILY FORCE)",IC,Invest Cont,626,,,,600 E  43RD                         ST,,34.0057,-118.2653
241908114,04/22/2024 12:00:00 AM,04/21/2024 12:00:00 AM,1115,19,Mission,1962,2,354,THEFT OF IDENTITY,0377,57,M,W,501,SINGLE FAMILY DWELLING,,,IC,Invest Cont,354,,,,9300    NATICK                       AV,,34.2392,-118.4576
240905566,02/13/2024 12:00:00 AM,02/12/2024 12:00:00 AM,1800,09,Van Nuys,0985,2,664,"BUNCO, PETTY THEFT",0800 1300,19,M,B,104,DRIVEWAY,,,IC,Invest Cont,664,,,,13900    VALLEYHEART                  DR,,34.1549,-118.4392
241608002,05/06/2024 12:00:00 AM,05/06/2024 12:00:00 AM,1200,16,Foothill,1699,2,354,THEFT OF IDENTITY,1822 0377 1202,89,M,O,501,SINGLE FAMILY DWELLING,,,IC,Invest Cont,354,,,,10100    KESWICK                      ST,,34.2107,-118.3508
241708467,04/18/2024 12:00:00 AM,04/18/2024 12:00:00 AM,0150,17,Devonshire,1771,2,740,"VANDALISM - FELONY ($400 & OVER, ALL CHURCH VANDALISMS)",0329,0,X,X,203,OTHER BUSINESS,,,IC,Invest Cont,740,,,,9300    WINNETKA                     AV,,34.2402,-118.5807
241111409,10/15/2024 12:00:00 AM,10/04/2024 12:00:00 AM,0730,11,Northeast,1118,2,888,TRESPASSING,,0,X,X,971,MTA - GOLD LINE - HIGHLAND PARK,,,AA,Adult Arrest,888,,,,100 N  AVENUE 57,,34.1096,-118.1928
242014070,12/15/2024 12:00:00 AM,12/13/2024 12:00:00 AM,2100,20,Olympic,2034,1,341,"THEFT-GRAND ($950.01 & OVER)EXCPT,GUNS,FOWL,LIVESTK,PROD",0344 0394 1822,28,F,C,502,"MULTI-UNIT DWELLING (APARTMENT, DUPLEX, ETC)",,,IC,Invest Cont,341,,,,WILSHIRE,S  ARDMORE                      AV,34.0617,-118.3016
241713365,10/06/2024 12:00:00 AM,10/06/2024 12:00:00 AM,0959,17,Devonshire,1788,1,442,SHOPLIFTING - PETTY THEFT ($950 & UNDER),0325 0344 0100 0104,0,X,X,404,DEPARTMENT STORE,,,IC,Invest Cont,442,,,,8900    BALBOA                       BL,,34.2322,-118.5113
242110802,08/05/2024 12:00:00 AM,08/01/2024 12:00:00 AM,1820,21,Topanga,2156,1,343,SHOPLIFTING-GRAND THEFT ($950.01 & OVER),0352 1420 0378 2028 0325,0,M,W,405,CLOTHING STORE,,,IC,Invest Cont,343,,,,6600    TOPANGA CANYON               BL,,34.1904,-118.6059
241705999,02/16/2024 12:00:00 AM,02/07/2024 12:00:00 AM,1200,17,Devonshire,1745,2,649,DOCUMENT FORGERY / STOLEN FELONY,1821,40,F,H,501,SINGLE FAMILY DWELLING,,,IC,Invest Cont,649,,,,17100    KINGSBURY                    ST,,34.2636,-118.5057
240410678,10/09/2024 12:00:00 AM,10/08/2024 12:00:00 AM,1730,04,Hollenbeck,0466,1,420,THEFT FROM MOTOR VEHICLE - PETTY ($950 & UNDER),,0,,,101,STREET,,,IC,Invest Cont,420,,,,CESAR E CHAVEZ,MOTT                         ST,34.0452,-118.2041
242109764,06/16/2024 12:00:00 AM,06/15/2024 12:00:00 AM,2300,21,Topanga,2159,1,510,VEHICLE - STOLEN,,0,,,101,STREET,,,IC,Invest Cont,510,,,,19700    VICTORY                      BL,,34.1866,-118.5622
241407253,03/09/2024 12:00:00 AM,03/02/2024 12:00:00 AM,0755,14,Pacific,1406,2,354,THEFT OF IDENTITY,0377,28,M,A,502,"MULTI-UNIT DWELLING (APARTMENT, DUPLEX, ETC)",,,IC,Invest Cont,354,,,,3700    KEYSTONE                     AV,,34.0215,-118.408
241805170,01/25/2024 12:00:00 AM,01/24/2024 12:00:00 AM,2200,18,Southeast,1846,1,236,INTIMATE PARTNER - AGGRAVATED ASSAULT,0858 2000 0913 1813 1243 0416 0408 0432,29,F,B,501,SINGLE FAMILY DWELLING,400,"STRONG-ARM (HANDS, FIST, FEET OR BODILY FORCE)",IC,Invest Cont,236,,,,11500    COMPTON                      AV,,33.9323,-118.2502
242011630,09/13/2024 12:00:00 AM,09/12/2024 12:00:00 AM,1830,20,Olympic,2055,1,510,VEHICLE - STOLEN,,0,,,101,STREET,,,IC,Invest Cont,510,,,,SAN MARINO                   ST,FEDORA                       ST,34.0545,-118.2979
240610933,08/02/2024 12:00:00 AM,08/02/2024 12:00:00 AM,0730,06,Hollywood,0646,2,740,"VANDALISM - FELONY ($400 & OVER, ALL CHURCH VANDALISMS)",0329 1822,0,X,X,203,OTHER BUSINESS,,,IC,Invest Cont,740,,,,1300 N  HIGHLAND                     AV,,34.0944,-118.3386
241905423,02/06/2024 12:00:00 AM,01/26/2024 12:00:00 AM,0700,19,Mission,1902,2,666,"BUNCO, ATTEMPT",0701,32,F,H,502,"MULTI-UNIT DWELLING (APARTMENT, DUPLEX, ETC)",,,IC,Invest Cont,666,,,,14300    FOOTHILL                     BL,,34.3192,-118.4455
240105666,01/24/2024 12:00:00 AM,01/24/2024 12:00:00 AM,0030,01,Central,0176,2,626,INTIMATE PARTNER - SIMPLE ASSAULT,2000 1814 0444 0429 0913 0421 2038,26,F,H,502,"MULTI-UNIT DWELLING (APARTMENT, DUPLEX, ETC)",400,"STRONG-ARM (HANDS, FIST, FEET OR BODILY FORCE)",IC,Invest Cont,626,,,,700 S  LOS ANGELES                  ST,,34.0432,-118.2504
242011885,09/21/2024 12:00:00 AM,09/20/2024 12:00:00 AM,0800,20,Olympic,2069,1,420,THEFT FROM MOTOR VEHICLE - PETTY ($950 & UNDER),,0,,,101,STREET,,,IC,Invest Cont,420,,,,1200    ELDEN                        AV,,34.0491,-118.2877
240405632,02/20/2024 12:00:00 AM,02/19/2024 12:00:00 AM,2008,04,Hollenbeck,0406,1,330,BURGLARY FROM VEHICLE,1302 0344,31,F,V,108,PARKING LOT,,,IC,Invest Cont,330,,,,4400    VIA MARISOL,,34.0983,-118.1828
240807877,04/18/2024 12:00:00 AM,04/17/2024 12:00:00 AM,0100,08,West LA,0832,2,740,"VANDALISM - FELONY ($400 & OVER, ALL CHURCH VANDALISMS)",0329 1822,0,X,X,744,HIGH-RISE BUILDING,,,IC,Invest Cont,740,,,,11800    WILSHIRE                     BL,,34.0511,-118.4643
242006735,02/16/2024 12:00:00 AM,02/13/2024 12:00:00 AM,1900,20,Olympic,2081,2,740,"VANDALISM - FELONY ($400 & OVER, ALL CHURCH VANDALISMS)",0329 1822 0311,0,X,X,510,NURSING/CONVALESCENT/RETIREMENT HOME,,,IC,Invest Cont,740,,,,S  GRAMERCY                     PL,WASHINGTON                   BL,34.0399,-118.313
241605367,02/15/2024 12:00:00 AM,02/15/2024 12:00:00 AM,0400,16,Foothill,1687,2,901,VIOLATION OF RESTRAINING ORDER,2038,46,F,H,502,"MULTI-UNIT DWELLING (APARTMENT, DUPLEX, ETC)",,,AA,Adult Arrest,901,,,,11100    LORNE                        ST,,34.2175,-118.3726
240111298,05/11/2024 12:00:00 AM,05/10/2024 12:00:00 AM,2030,01,Central,0164,1,330,BURGLARY FROM VEHICLE,1300 0344 1307,28,M,B,101,STREET,,,IC,Invest Cont,330,,,,E  7TH                          ST,S  LOS ANGELES                  ST,34.0432,-118.2504
240605748,02/05/2024 12:00:00 AM,02/04/2024 12:00:00 AM,2029,06,Hollywood,0647,1,330,BURGLARY FROM VEHICLE,1300 1822 0344 1609 0329,32,M,W,501,SINGLE FAMILY DWELLING,,,IC,Invest Cont,330,,,,6200    HOLLYWOOD                    BL,,34.1016,-118.3246
240310857,05/29/2024 12:00:00 AM,05/28/2024 12:00:00 AM,2100,03,Southwest,0337,1,510,VEHICLE - STOLEN,,0,,,101,STREET,,,IC,Invest Cont,510,,,,2900 S  HARVARD                      BL,,34.0291,-118.3067
240308763,04/04/2024 12:00:00 AM,04/03/2024 12:00:00 AM,2248,03,Southwest,0394,2,624,BATTERY - SIMPLE ASSAULT,0416 0446 0913,29,F,B,101,STREET,400,"STRONG-ARM (HANDS, FIST, FEET OR BODILY FORCE)",AO,Adult Other,624,,,,4200    3RD                          AV,,34.0072,-118.3204
241412667,08/30/2024 12:00:00 AM,08/16/2024 12:00:00 AM,0335,14,Pacific,1433,1,330,BURGLARY FROM VEHICLE,1822 0344 1300,26,F,F,504,OTHER RESIDENCE,,,IC,Invest Cont,330,,,,1600    VENICE                       BL,,33.9947,-118.4517
240611407,08/26/2024 12:00:00 AM,08/25/2024 12:00:00 AM,1400,06,Hollywood,0666,1,510,VEHICLE - STOLEN,,0,,,101,STREET,,,IC,Invest Cont,510,,,,1400 N  EL CENTRO                    AV,,34.0962,-118.3237
240314322,09/10/2024 12:00:00 AM,09/10/2024 12:00:00 AM,1315,03,Southwest,0311,2,888,TRESPASSING,0910 1501,23,X,X,950,MTA - EXPO LINE - LA CIENEGA/JEFFERSON,,,IC,Invest Cont,888,,,,5600 W  JEFFERSON                    BL,,34.0265,-118.3717
241813308,09/22/2024 12:00:00 AM,09/21/2024 12:00:00 AM,1237,18,Southeast,1851,1,343,SHOPLIFTING-GRAND THEFT ($950.01 & OVER),1822 0344 0325,0,X,X,405,CLOTHING STORE,,,IC,Invest Cont,343,,,,13400 S  FIGUEROA                     ST,,33.9102,-118.2827
240610083,06/23/2024 12:00:00 AM,06/23/2024 12:00:00 AM,1745,06,Hollywood,0663,1,442,SHOPLIFTING - PETTY THEFT ($950 & UNDER),1501 2004 0325,0,X,X,301,GAS STATION,,,IC,Invest Cont,442,,,,6600    SANTA MONICA                 BL,,34.0907,-118.3332
240907815,04/09/2024 12:00:00 AM,04/09/2024 12:00:00 AM,0900,09,Van Nuys,0937,1,310,BURGLARY,0352 1822 1607 1202,65,F,H,501,SINGLE FAMILY DWELLING,,,IC,Invest Cont,310,,,,6300    COLBATH                      AV,,34.1849,-118.4367
240206990,02/27/2024 12:00:00 AM,02/27/2024 12:00:00 AM,1958,02,Rampart,0245,2,354,THEFT OF IDENTITY,1822 0344 0929 0930 0100,31,F,B,501,SINGLE FAMILY DWELLING,,,IC,Invest Cont,354,,,,2500    WILSHIRE                     BL,,34.0601,-118.2805
241208962,03/25/2024 12:00:00 AM,03/25/2024 12:00:00 AM,1400,12,77th Street,1256,1,210,ROBBERY,1822 0344 0400 0416 0305,24,M,H,101,STREET,400,"STRONG-ARM (HANDS, FIST, FEET OR BODILY FORCE)",IC,Invest Cont,210,,,,600 W  73RD                         ST,,33.9737,-118.2844
241205413,01/22/2024 12:00:00 AM,01/22/2024 12:00:00 AM,1830,12,77th Street,1208,2,626,INTIMATE PARTNER - SIMPLE ASSAULT,2000 1814 0913 0400 0416,20,F,H,501,SINGLE FAMILY DWELLING,400,"STRONG-ARM (HANDS, FIST, FEET OR BODILY FORCE)",AA,Adult Arrest,626,,,,45TH                         ST,FIGUEROA                     ST,34.0027,-118.2827
241309560,05/09/2024 12:00:00 AM,05/07/2024 12:00:00 AM,0900,13,Newton,1303,1,341,"THEFT-GRAND ($950.01 & OVER)EXCPT,GUNS,FOWL,LIVESTK,PROD",0325 0344 0352 1822,42,M,K,405,CLOTHING STORE,,,IC,Invest Cont,341,,,,1100    SAN JULIAN                   ST,,34.0359,-118.2531
240215404,10/02/2024 12:00:00 AM,09/28/2024 12:00:00 AM,0001,02,Rampart,0235,1,510,VEHICLE - STOLEN,,0,,,101,STREET,,,IC,Invest Cont,510,,,,100 N  CARONDELET                   ST,,34.0687,-118.275
241107866,05/03/2024 12:00:00 AM,05/02/2024 12:00:00 AM,2030,11,Northeast,1143,1,420,THEFT FROM MOTOR VEHICLE - PETTY ($950 & UNDER),0344,41,F,H,108,PARKING LOT,,,IC,Invest Cont,420,,,,1700    TALMADGE                     ST,,34.1018,-118.2831
240406175,03/06/2024 12:00:00 AM,02/28/2024 12:00:00 AM,1900,04,Hollenbeck,0412,1,510,VEHICLE - STOLEN,,0,,,103,ALLEY,,,IC,Invest Cont,510,,,,300 W  AVENUE 26,,34.0798,-118.2185
240316973,12/13/2024 12:00:00 AM,12/08/2024 12:00:00 AM,1421,03,Southwest,0363,1,442,SHOPLIFTING - PETTY THEFT ($950 & UNDER),0325 1822 0104,23,X,X,404,DEPARTMENT STORE,,,IC,Invest Cont,442,,,,3600 W  MARTIN LUTHER KING JR        BL,,34.0109,-118.3351
241704831,01/21/2024 12:00:00 AM,01/21/2024 12:00:00 AM,0516,17,Devonshire,1745,1,310,BURGLARY,0216 0209 0206 1609 0344,0,X,X,248,CELL PHONE STORE,,,IC,Invest Cont,310,,,,17500    CHATSWORTH                   ST,,34.2649,-118.5154
242106201,02/24/2024 12:00:00 AM,02/24/2024 12:00:00 AM,1440,21,Topanga,2143,1,442,SHOPLIFTING - PETTY THEFT ($950 & UNDER),2028 0325,0,M,W,406,OTHER STORE,,,IC,Invest Cont,442,,,,6600    FALLBROOK                    AV,,34.1883,-118.6274
241105797,02/16/2024 12:00:00 AM,02/12/2024 12:00:00 AM,1730,11,Northeast,1147,2,662,"BUNCO, GRAND THEFT",0701 0928 1822,0,X,X,255,"AUTO DEALERSHIP (CHEVY, FORD, BMW, MERCEDES, ETC.)",,,AA,Adult Arrest,662,,,,1700    SAN FERNANDO                 RD,,34.0984,-118.2339
240407848,05/27/2024 12:00:00 AM,05/25/2024 12:00:00 AM,2200,04,Hollenbeck,0487,1,331,THEFT FROM MOTOR VEHICLE - GRAND ($950.01 AND OVER),1300 0385 0344,47,M,H,710,OTHER PREMISE,,,IC,Invest Cont,331,,,,1100    ORME                         AV,,34.0282,-118.2147
240110333,04/15/2024 12:00:00 AM,02/28/2024 12:00:00 AM,2200,01,Central,0159,1,510,VEHICLE - STOLEN,,0,,,101,STREET,,,IC,Invest Cont,510,,,,600    MATEO                        ST,,34.0383,-118.2327
241415925,12/09/2024 12:00:00 AM,09/17/2024 12:00:00 AM,1535,14,Pacific,1469,2,354,THEFT OF IDENTITY,0377,69,F,B,501,SINGLE FAMILY DWELLING,,,IC,Invest Cont,354,,,,6700    LA TIJERA                    BL,,33.9787,-118.3702
241513981,09/19/2024 12:00:00 AM,09/06/2024 12:00:00 AM,0001,15,N Hollywood,1549,2,354,THEFT OF IDENTITY,0930,23,M,H,501,SINGLE FAMILY DWELLING,,,IC,Invest Cont,354,,,,5400    WILLOW CREST                 AV,,34.1687,-118.3627
240120562,10/29/2024 12:00:00 AM,10/24/2024 12:00:00 AM,1622,01,Central,0161,1,442,SHOPLIFTING - PETTY THEFT ($950 & UNDER),0325 0344,0,X,X,405,CLOTHING STORE,,,IC,Invest Cont,442,,,,700 S  FIGUEROA                     ST,,34.0483,-118.2631
241506342,02/18/2024 12:00:00 AM,02/17/2024 12:00:00 AM,1100,15,N Hollywood,1525,1,331,THEFT FROM MOTOR VEHICLE - GRAND ($950.01 AND OVER),1822 0321 1300 0344,25,M,W,707,GARAGE/CARPORT,,,IC,Invest Cont,331,,,,6100    RADFORD                      AV,,34.1812,-118.3921
241105146,02/01/2024 12:00:00 AM,01/31/2024 12:00:00 AM,1255,11,Northeast,1141,1,440,THEFT PLAIN - PETTY ($950 & UNDER),0325,0,X,X,248,CELL PHONE STORE,,,IC,Invest Cont,440,,,,5000    HOLLYWOOD                    BL,,34.1095,-118.2958
240107324,02/15/2024 12:00:00 AM,02/13/2024 12:00:00 AM,1800,01,Central,0162,2,740,"VANDALISM - FELONY ($400 & OVER, ALL CHURCH VANDALISMS)",0329,0,X,X,502,"MULTI-UNIT DWELLING (APARTMENT, DUPLEX, ETC)",,,IC,Invest Cont,740,,,,700 S  FIGUEROA                     ST,,34.0494,-118.2599
240608549,04/17/2024 12:00:00 AM,04/17/2024 12:00:00 AM,1130,06,Hollywood,0644,1,440,THEFT PLAIN - PETTY ($950 & UNDER),1822 0344,30,M,B,738,LIBRARY,,,IC,Invest Cont,440,,,,7100 W  SUNSET                       BL,,34.098,-118.3441
240806142,02/25/2024 12:00:00 AM,02/24/2024 12:00:00 AM,2140,08,West LA,0849,1,331,THEFT FROM MOTOR VEHICLE - GRAND ($950.01 AND OVER),0344 1300,37,M,W,707,GARAGE/CARPORT,,,IC,Invest Cont,331,,,,1200 S  CORNING                      ST,,34.0552,-118.3774
240312371,07/16/2024 12:00:00 AM,07/16/2024 12:00:00 AM,2013,03,Southwest,0338,2,624,BATTERY - SIMPLE ASSAULT,1822 0416 1251,20,F,O,404,DEPARTMENT STORE,511,VERBAL THREAT,IC,Invest Cont,624,,,,3100 S  HOOVER                       ST,,34.0268,-118.2896
240118231,09/09/2024 12:00:00 AM,08/24/2024 12:00:00 AM,0100,01,Central,0148,1,330,BURGLARY FROM VEHICLE,1307 0344 0329,39,F,W,103,ALLEY,,,IC,Invest Cont,330,,,,400    STANFORD                     AV,,34.044,-118.24
240305797,02/04/2024 12:00:00 AM,02/04/2024 12:00:00 AM,0521,03,Southwest,0338,2,745,VANDALISM - MISDEAMEANOR ($399 OR UNDER),0329,23,X,X,203,OTHER BUSINESS,,,AO,Adult Other,745,,,,1200 W  30TH                         ST,,34.0275,-118.2891
240308934,04/07/2024 12:00:00 AM,03/29/2024 12:00:00 AM,2000,03,Southwest,0331,1,121,"RAPE, FORCIBLE",0913 1802 0527,19,F,H,505,MOTEL,400,"STRONG-ARM (HANDS, FIST, FEET OR BODILY FORCE)",IC,Invest Cont,121,,,,3000 S  LA BREA                      AV,,34.0272,-118.3537
240118922,09/24/2024 12:00:00 AM,09/24/2024 12:00:00 AM,1540,01,Central,0152,2,888,TRESPASSING,0910 2004,0,M,O,903,MTA - RED LINE - 7TH AND METRO CENTER,,,IC,Invest Cont,888,,,,600 S  FIGUEROA                     ST,,34.0508,-118.2586
241810982,06/26/2024 12:00:00 AM,06/26/2024 12:00:00 AM,1315,18,Southeast,1826,1,210,ROBBERY,1822 0213 1240 0400 0401 0916 0330 0432 0354,19,F,B,101,STREET,400,"STRONG-ARM (HANDS, FIST, FEET OR BODILY FORCE)",IC,Invest Cont,210,,,,GRANDEE,103RD                        ST,33.9432,-118.2435
242007938,03/29/2024 12:00:00 AM,03/28/2024 12:00:00 AM,0900,20,Olympic,2033,1,440,THEFT PLAIN - PETTY ($950 & UNDER),0344 0394 1822 2032,25,M,W,502,"MULTI-UNIT DWELLING (APARTMENT, DUPLEX, ETC)",,,IC,Invest Cont,440,,,,800 S  OXFORD                       AV,,34.0577,-118.3078
240510030,07/04/2024 12:00:00 AM,07/03/2024 12:00:00 AM,1730,05,Harbor,0584,1,420,THEFT FROM MOTOR VEHICLE - PETTY ($950 & UNDER),0344 1300 1606,41,F,O,101,STREET,,,IC,Invest Cont,420,,,,700 W  27TH                         ST,,33.7144,-118.2997
240508416,04/26/2024 12:00:00 AM,04/26/2024 12:00:00 AM,2100,05,Harbor,0558,2,626,INTIMATE PARTNER - SIMPLE ASSAULT,0408 0432 0913 1813 2000,32,F,W,501,SINGLE FAMILY DWELLING,400,"STRONG-ARM (HANDS, FIST, FEET OR BODILY FORCE)",AA,Adult Arrest,626,,,,300 N  PALOS VERDES                 ST,,33.7452,-118.2817
240113326,06/24/2024 12:00:00 AM,06/24/2024 12:00:00 AM,0725,01,Central,0153,2,888,TRESPASSING,0910,0,X,X,902,MTA - RED LINE - PERSHING SQUARE,,,IC,Invest Cont,888,,,,500 S  HILL                         ST,,34.0488,-118.2518
241608678,06/03/2024 12:00:00 AM,05/27/2024 12:00:00 AM,1200,16,Foothill,1675,1,510,VEHICLE - STOLEN,,0,,,118,CONSTRUCTION SITE,,,IC,Invest Cont,510,,,,11400    TUXFORD                      ST,,34.2286,-118.3795
240606226,02/16/2024 12:00:00 AM,02/15/2024 12:00:00 AM,1820,06,Hollywood,0637,1,330,BURGLARY FROM VEHICLE,1822 0344 1300,51,M,W,101,STREET,,,IC,Invest Cont,330,,,,6100    YUCCA                        ST,,34.1038,-118.3225
242107191,03/23/2024 12:00:00 AM,03/22/2024 12:00:00 AM,2145,21,Topanga,2175,1,320,"BURGLARY, ATTEMPTED",1202 1609,84,F,W,502,"MULTI-UNIT DWELLING (APARTMENT, DUPLEX, ETC)",,,IC,Invest Cont,320,,,,5800    TOPANGA CANYON               BL,,34.1732,-118.6152
240110899,04/30/2024 12:00:00 AM,04/30/2024 12:00:00 AM,1100,01,Central,0161,1,510,VEHICLE - STOLEN,,0,,,101,STREET,,,IC,Invest Cont,510,,,,900 W  7TH                          ST,,34.0494,-118.2599
241110765,09/16/2024 12:00:00 AM,08/22/2024 12:00:00 AM,1230,11,Northeast,1101,1,420,THEFT FROM MOTOR VEHICLE - PETTY ($950 & UNDER),0344 1300,56,F,H,109,PARK/PLAYGROUND,,,IC,Invest Cont,420,,,,MINERAL WELLS                RD,GRIFFITH PARK                DR,34.1471,-118.2954
241805478,01/31/2024 12:00:00 AM,01/31/2024 12:00:00 AM,1315,18,Southeast,1863,1,230,"ASSAULT WITH DEADLY WEAPON, AGGRAVATED ASSAULT",1402 0913 1810 0421 0432,29,M,H,501,SINGLE FAMILY DWELLING,215,MACHETE,AO,Adult Other,230,998,,,600 E  118TH                        ST,,33.9265,-118.2652
240904894,01/17/2024 12:00:00 AM,01/13/2024 12:00:00 AM,0208,09,Van Nuys,0939,1,331,THEFT FROM MOTOR VEHICLE - GRAND ($950.01 AND OVER),0344 1822,68,M,W,101,STREET,,,IC,Invest Cont,331,,,,5400    VAN NOORD                    AV,,34.1695,-118.415
240913358,12/01/2024 12:00:00 AM,11/30/2024 12:00:00 AM,2025,09,Van Nuys,0985,1,341,"THEFT-GRAND ($950.01 & OVER)EXCPT,GUNS,FOWL,LIVESTK,PROD",0344 1822,34,F,B,203,OTHER BUSINESS,,,IC,Invest Cont,341,,,,14400    VENTURA                      BL,,34.1505,-118.4458
241413132,09/11/2024 12:00:00 AM,09/07/2024 12:00:00 AM,1505,14,Pacific,1415,1,480,BIKE - STOLEN,0344,38,M,W,502,"MULTI-UNIT DWELLING (APARTMENT, DUPLEX, ETC)",,,IC,Invest Cont,480,,,,LAKE,FREDERICK,33.9999,-118.462
240806392,03/01/2024 12:00:00 AM,03/01/2024 12:00:00 AM,0906,08,West LA,0889,1,442,SHOPLIFTING - PETTY THEFT ($950 & UNDER),0325 1822 2028,0,X,X,203,OTHER BUSINESS,,,IC,Invest Cont,442,,,,1800    LA CIENEGA                   BL,,34.0425,-118.3818
240116870,08/15/2024 12:00:00 AM,08/15/2024 12:00:00 AM,0645,01,Central,0119,2,888,TRESPASSING,0910,0,M,O,834,LA UNION STATION (NOT LINE SPECIFIC),,,IC,Invest Cont,888,,,,800 N  ALAMEDA                      ST,,34.0561,-118.2375
241307317,03/02/2024 12:00:00 AM,03/01/2024 12:00:00 AM,1000,13,Newton,1352,1,330,BURGLARY FROM VEHICLE,0329 0344 0358 1822,27,M,H,118,CONSTRUCTION SITE,500,UNKNOWN WEAPON/OTHER WEAPON,IC,Invest Cont,330,,,,MAIN                         ST,46TH                         ST,34.002,-118.274
240811318,10/11/2024 12:00:00 AM,10/08/2024 12:00:00 AM,1400,08,West LA,0857,1,440,THEFT PLAIN - PETTY ($950 & UNDER),0344 1300 1822 0394,26,M,O,502,"MULTI-UNIT DWELLING (APARTMENT, DUPLEX, ETC)",,,IC,Invest Cont,440,,,,9300    ALCOTT                       ST,,34.0543,-118.3932
240904237,01/08/2024 12:00:00 AM,01/08/2024 12:00:00 AM,0002,09,Van Nuys,0909,2,890,FAILURE TO YIELD,1300,0,M,W,101,STREET,,,IC,Invest Cont,890,,,,VENTURA CANYON               AV,WYANDOTTE                    ST,34.2031,-118.4291
241600631,07/09/2024 12:00:00 AM,07/09/2024 12:00:00 AM,1330,16,Foothill,1612,1,230,"ASSAULT WITH DEADLY WEAPON, AGGRAVATED ASSAULT",1100 1822 1419 1402 1407 0430 1816,22,M,H,101,STREET,102,HAND GUN,JA,Juv Arrest,230,998,,,11300    DE FOE                       AV,,34.2754,-118.418
241607079,04/09/2024 12:00:00 AM,04/08/2024 12:00:00 AM,1930,16,Foothill,1655,2,624,BATTERY - SIMPLE ASSAULT,1822 0416,28,M,H,202,LIQUOR STORE,400,"STRONG-ARM (HANDS, FIST, FEET OR BODILY FORCE)",JO,Juv Other,624,,,,9600    SUNLAND                      BL,,34.2562,-118.3588
240505819,02/17/2024 12:00:00 AM,02/16/2024 12:00:00 AM,1830,05,Harbor,0514,1,310,BURGLARY,1822 0344 1609,0,X,X,408,AUTO SUPPLY STORE*,,,IC,Invest Cont,310,,,,1300 W  PACIFIC COAST                HY,,33.7904,-118.2799
240605816,02/05/2024 12:00:00 AM,02/05/2024 12:00:00 AM,0200,06,Hollywood,0647,1,330,BURGLARY FROM VEHICLE,1822 0344 1300,49,M,W,707,GARAGE/CARPORT,,,IC,Invest Cont,330,,,,1500    GORDON                       ST,,34.098,-118.3197
241104568,01/16/2024 12:00:00 AM,01/06/2024 12:00:00 AM,2343,11,Northeast,1105,2,740,"VANDALISM - FELONY ($400 & OVER, ALL CHURCH VANDALISMS)",0329,66,F,W,501,SINGLE FAMILY DWELLING,,,AO,Adult Other,740,,,,5100    CASPAR                       AV,,34.1391,-118.2131
241507434,03/11/2024 12:00:00 AM,03/07/2024 12:00:00 AM,0400,15,N Hollywood,1595,1,310,BURGLARY,1822 1607 0321 2034,39,M,H,501,SINGLE FAMILY DWELLING,400,"STRONG-ARM (HANDS, FIST, FEET OR BODILY FORCE)",IC,Invest Cont,310,,,,11500    DECENTE                      DR,,34.1359,-118.3833
241306224,02/17/2024 12:00:00 AM,02/17/2024 12:00:00 AM,1130,13,Newton,1362,1,210,ROBBERY,1822 0344 1309 0302,39,M,H,101,STREET,102,HAND GUN,IC,Invest Cont,210,,,,4700    WALL                         ST,,34.0011,-118.2718
240804529,01/15/2024 12:00:00 AM,01/11/2024 12:00:00 AM,1659,08,West LA,0882,1,440,THEFT PLAIN - PETTY ($950 & UNDER),1822 0344,58,M,J,203,OTHER BUSINESS,,,IC,Invest Cont,440,,,,2100    SAWTELLE                     BL,,34.0396,-118.4425
240308981,04/07/2024 12:00:00 AM,04/07/2024 12:00:00 AM,1028,03,Southwest,0321,2,624,BATTERY - SIMPLE ASSAULT,2048 1822 0910 0416 0446 0417,28,F,B,950,MTA - EXPO LINE - LA CIENEGA/JEFFERSON,400,"STRONG-ARM (HANDS, FIST, FEET OR BODILY FORCE)",IC,Invest Cont,624,,,,5600 W  JEFFERSON                    BL,,34.0258,-118.3668
241004520,01/15/2024 12:00:00 AM,01/12/2024 12:00:00 AM,1600,10,West Valley,1024,1,330,BURGLARY FROM VEHICLE,1822 0344 0358 1300,38,F,H,101,STREET,,,IC,Invest Cont,330,,,,CREBS,BASSETT,34.1957,-118.5437
242110323,06/28/2024 12:00:00 AM,06/28/2024 12:00:00 AM,0251,21,Topanga,2115,1,331,THEFT FROM MOTOR VEHICLE - GRAND ($950.01 AND OVER),0385,57,M,H,108,PARKING LOT,,,IC,Invest Cont,331,,,,STRATHERN,REMMET,34.2155,-118.6003
241810600,06/09/2024 12:00:00 AM,06/08/2024 12:00:00 AM,2200,18,Southeast,1851,1,210,ROBBERY,1822 1300 0916 1281 0319 0432 1317,22,M,H,101,STREET,102,HAND GUN,IC,Invest Cont,210,,,,12900 S  FIGUEROA                     ST,,33.9154,-118.2827
240405727,02/18/2024 12:00:00 AM,02/18/2024 12:00:00 AM,2019,04,Hollenbeck,0422,1,648,ARSON,1501,52,F,H,101,STREET,,,IC,Invest Cont,648,,,,2700 N  BROADWAY,,34.0737,-118.2143
240810217,08/18/2024 12:00:00 AM,08/15/2024 12:00:00 AM,1900,08,West LA,0831,1,420,THEFT FROM MOTOR VEHICLE - PETTY ($950 & UNDER),,0,,,101,STREET,,,IC,Invest Cont,420,,,,11900 W  DOROTHY                      ST,,34.0507,-118.4683
241400616,02/18/2024 12:00:00 AM,02/18/2024 12:00:00 AM,2140,14,Pacific,1406,1,230,"ASSAULT WITH DEADLY WEAPON, AGGRAVATED ASSAULT",1402 0411 0602 0913 0555,22,M,B,502,"MULTI-UNIT DWELLING (APARTMENT, DUPLEX, ETC)",207,OTHER KNIFE,AA,Adult Arrest,230,998,,,3700    MENTONE                      AV,,34.0221,-118.4068
240315768,10/29/2024 12:00:00 AM,10/25/2024 12:00:00 AM,0240,03,Southwest,0343,1,440,THEFT PLAIN - PETTY ($950 & UNDER),0344 1202 0377,61,M,B,602,BANK,,,IC,Invest Cont,440,,,,3600 S  LA BREA                      AV,,34.0199,-118.3608
240704965,01/23/2024 12:00:00 AM,01/23/2024 12:00:00 AM,2038,07,Wilshire,0724,1,442,SHOPLIFTING - PETTY THEFT ($950 & UNDER),0325 0378 0344 0601,0,X,X,405,CLOTHING STORE,,,IC,Invest Cont,442,,,,100    THE GROVE                    DR,,34.0736,-118.3563
240108235,03/01/2024 12:00:00 AM,03/01/2024 12:00:00 AM,0430,01,Central,0158,2,626,INTIMATE PARTNER - SIMPLE ASSAULT,2000 0913 1814 0448,32,F,H,516,SINGLE RESIDENCE OCCUPANCY (SRO'S) LOCATIONS,400,"STRONG-ARM (HANDS, FIST, FEET OR BODILY FORCE)",AO,Adult Other,626,,,,600 S  CENTRAL                      AV,,34.039,-118.24
240308945,04/04/2024 12:00:00 AM,04/04/2024 12:00:00 AM,1500,03,Southwest,0307,2,624,BATTERY - SIMPLE ASSAULT,1218 0913 0360 0416 0446,49,M,H,101,STREET,400,"STRONG-ARM (HANDS, FIST, FEET OR BODILY FORCE)",AO,Adult Other,624,,,,5TH                          AV,ADAMS                        BL,34.0338,-118.337
240307114,03/02/2024 12:00:00 AM,03/01/2024 12:00:00 AM,2000,03,Southwest,0338,1,510,VEHICLE - STOLEN,,0,,,104,DRIVEWAY,,,IC,Invest Cont,510,,,,1200 W  30TH                         ST,,34.0275,-118.2891
241314316,10/29/2024 12:00:00 AM,10/27/2024 12:00:00 AM,2130,13,Newton,1331,2,740,"VANDALISM - FELONY ($400 & OVER, ALL CHURCH VANDALISMS)",0329 1307,43,M,H,122,"VEHICLE, PASSENGER/TRUCK",,,IC,Invest Cont,740,,,,200 E  28TH                         ST,,34.0228,-118.2686
240809500,07/13/2024 12:00:00 AM,07/13/2024 12:00:00 AM,0255,08,West LA,0893,2,623,BATTERY POLICE (SIMPLE),1212 0416 0400 1822,0,M,O,101,STREET,400,"STRONG-ARM (HANDS, FIST, FEET OR BODILY FORCE)",IC,Invest Cont,623,998,,,2700    WESTWOOD                     BL,,34.0351,-118.4245
240706911,03/09/2024 12:00:00 AM,03/09/2024 12:00:00 AM,1400,07,Wilshire,0765,2,668,"EMBEZZLEMENT, GRAND THEFT ($950.01 & OVER)",0344 1309 0913,0,X,X,203,OTHER BUSINESS,,,IC,Invest Cont,668,,,,1400 S  LA BREA                      AV,,34.0479,-118.3447
241413994,10/11/2024 12:00:00 AM,09/24/2024 12:00:00 AM,1206,14,Pacific,1454,2,354,THEFT OF IDENTITY,1822 0344,33,F,W,502,"MULTI-UNIT DWELLING (APARTMENT, DUPLEX, ETC)",,,IC,Invest Cont,354,,,,13200    FIJI                         WY,,33.981,-118.4332
240711115,08/31/2024 12:00:00 AM,07/14/2024 12:00:00 AM,1742,07,Wilshire,0711,1,442,SHOPLIFTING - PETTY THEFT ($950 & UNDER),0325,23,X,X,416,THE BEVERLY CENTER,,,IC,Invest Cont,442,,,,8500    BEVERLY                      PL,,34.0766,-118.3768
240306680,02/22/2024 12:00:00 AM,02/21/2024 12:00:00 AM,1600,03,Southwest,0325,1,510,VEHICLE - STOLEN,,0,,,101,STREET,,,IC,Invest Cont,510,,,,2600 S  CATALINA                     ST,,34.0328,-118.2942
240905241,02/02/2024 12:00:00 AM,02/02/2024 12:00:00 AM,1930,09,Van Nuys,0904,1,442,SHOPLIFTING - PETTY THEFT ($950 & UNDER),0325 1822,0,X,X,404,DEPARTMENT STORE,,,IC,Invest Cont,442,,,,7900 N  SEPULVEDA                    BL,,34.2141,-118.4662
241510089,05/07/2024 12:00:00 AM,05/07/2024 12:00:00 AM,1020,15,N Hollywood,1549,2,625,OTHER ASSAULT,1822 2048 1266 0910 0400 0416,23,F,H,913,MTA - RED LINE - NORTH HOLLYWOOD,212,BOTTLE,IC,Invest Cont,625,,,,5300    LANKERSHIM                   BL,,34.172,-118.3789
240120582,10/30/2024 12:00:00 AM,10/29/2024 12:00:00 AM,1930,01,Central,0192,1,510,VEHICLE - STOLEN,,0,,,101,STREET,,,IC,Invest Cont,510,,,,VENICE                       BL,FLOWER                       ST,34.037,-118.2688
240316921,12/10/2024 12:00:00 AM,12/10/2024 12:00:00 AM,0030,03,Southwest,0391,1,510,VEHICLE - STOLEN,,0,,,101,STREET,,,IC,Invest Cont,510,,,,3900    DON FELIPE                   DR,,34.0076,-118.3431
240900637,03/13/2024 12:00:00 AM,03/11/2024 12:00:00 AM,2115,09,Van Nuys,0952,2,660,COUNTERFEIT,1501 1817 1402,37,F,O,102,SIDEWALK,,,IC,Invest Cont,660,998,,,5500    KESTER                       AV,,34.1703,-118.4574
240305678,02/02/2024 12:00:00 AM,01/26/2024 12:00:00 AM,1100,03,Southwest,0317,2,740,"VANDALISM - FELONY ($400 & OVER, ALL CHURCH VANDALISMS)",1307 0329 1822 1309 0447,21,M,A,101,STREET,,,IC,Invest Cont,740,,,,ADAMS                        BL,VERMONT                      AV,34.0328,-118.2942
241205819,01/30/2024 12:00:00 AM,01/29/2024 12:00:00 AM,2130,12,77th Street,1265,1,510,VEHICLE - STOLEN,,0,,,101,STREET,,,IC,Invest Cont,510,,,,84TH                         ST,DENKER                       AV,33.9627,-118.3047
240706597,03/02/2024 12:00:00 AM,03/01/2024 12:00:00 AM,1900,07,Wilshire,0743,1,310,BURGLARY,1822 1609 0344,0,X,X,203,OTHER BUSINESS,,,IC,Invest Cont,310,,,,5800    WILSHIRE                     BL,,34.0624,-118.355
241305051,01/22/2024 12:00:00 AM,01/22/2024 12:00:00 AM,1755,13,Newton,1323,1,440,THEFT PLAIN - PETTY ($950 & UNDER),1309 0342 0213 0315 0325 0344 1300 1822,28,F,W,403,DRUG STORE,,,IC,Invest Cont,440,,,,1000 E  ADAMS                        BL,,34.0191,-118.2556
241111090,09/30/2024 12:00:00 AM,09/24/2024 12:00:00 AM,1630,11,Northeast,1124,1,341,"THEFT-GRAND ($950.01 & OVER)EXCPT,GUNS,FOWL,LIVESTK,PROD",0344,0,X,X,109,PARK/PLAYGROUND,,,IC,Invest Cont,341,,,,3300    SAN FERNANDO                 RD,,34.118,-118.2489
240405445,02/14/2024 12:00:00 AM,02/11/2024 12:00:00 AM,2200,04,Hollenbeck,0439,1,331,THEFT FROM MOTOR VEHICLE - GRAND ($950.01 AND OVER),0344,73,M,H,101,STREET,,,IC,Invest Cont,331,,,,2300    LILLYVALE                    AV,,34.072,-118.1643
240204044,01/02/2024 12:00:00 AM,01/02/2024 12:00:00 AM,1305,02,Rampart,0257,1,761,BRANDISH WEAPON,1822 0334 1309 0919,38,F,B,101,STREET,114,AIR PISTOL/REVOLVER/RIFLE/BB GUN,IC,Invest Cont,761,,,,BIXEL,7TH                          ST,34.0552,-118.2675
241911625,09/06/2024 12:00:00 AM,09/06/2024 12:00:00 AM,0950,19,Mission,1944,2,740,"VANDALISM - FELONY ($400 & OVER, ALL CHURCH VANDALISMS)",0329 0903 2055 1514,48,M,X,721,HIGH SCHOOL,,,IC,Invest Cont,740,,,,11100    OMELVENY                     AV,,34.2722,-118.4417
241714314,11/18/2024 12:00:00 AM,11/17/2024 12:00:00 AM,2240,17,Devonshire,1756,1,341,"THEFT-GRAND ($950.01 & OVER)EXCPT,GUNS,FOWL,LIVESTK,PROD",1602 0344,0,X,X,102,SIDEWALK,,,IC,Invest Cont,341,,,,ALDEA                        AV,MAYALL                       ST,34.2539,-118.509
240806601,03/06/2024 12:00:00 AM,03/06/2024 12:00:00 AM,1645,08,West LA,0842,2,810,"SEX,UNLAWFUL(INC MUTUAL CONSENT, PENETRATION W/ FRGN OBJ",0533 0527 0545 1259 0913 1824 1814 2024 0515,16,M,B,721,HIGH SCHOOL,400,"STRONG-ARM (HANDS, FIST, FEET OR BODILY FORCE)",AA,Adult Arrest,810,,,,11800    TEXAS                        AV,,34.0458,-118.4614
240315301,10/14/2024 12:00:00 AM,09/19/2024 12:00:00 AM,0940,03,Southwest,0396,1,330,BURGLARY FROM VEHICLE,1202 0329 1822 1300 0344,61,M,B,101,STREET,,,IC,Invest Cont,330,,,,S  VERMONT,MARTIN LUTHER KING JR        BL,34.0109,-118.2915
240311390,06/14/2024 12:00:00 AM,06/09/2024 12:00:00 AM,0815,03,Southwest,0375,2,354,THEFT OF IDENTITY,0100 1822 0930,25,M,B,501,SINGLE FAMILY DWELLING,,,IC,Invest Cont,354,,,,1800    MIDDLETON                    PL,,34.0155,-118.3133
240706164,02/21/2024 12:00:00 AM,02/21/2024 12:00:00 AM,1105,07,Wilshire,0722,1,442,SHOPLIFTING - PETTY THEFT ($950 & UNDER),0344 1822 0325 0104,0,X,X,203,OTHER BUSINESS,,,IC,Invest Cont,442,,,,100    LA CIENEGA                   BL,,34.0734,-118.3765
240508021,04/17/2024 12:00:00 AM,04/17/2024 12:00:00 AM,0320,05,Harbor,0558,2,901,VIOLATION OF RESTRAINING ORDER,2038,80,F,H,501,SINGLE FAMILY DWELLING,,,AA,Adult Arrest,901,,,,300 W  SEPULVEDA                    ST,,33.7451,-118.2835
240712726,11/20/2024 12:00:00 AM,11/10/2024 12:00:00 AM,1700,07,Wilshire,0762,1,510,VEHICLE - STOLEN,,0,,,101,STREET,,,IC,Invest Cont,510,,,,5900 W  PICO                         BL,,34.0517,-118.3676
241405504,02/04/2024 12:00:00 AM,02/04/2024 12:00:00 AM,2215,14,Pacific,1412,2,740,"VANDALISM - FELONY ($400 & OVER, ALL CHURCH VANDALISMS)",0329,24,F,W,502,"MULTI-UNIT DWELLING (APARTMENT, DUPLEX, ETC)",400,"STRONG-ARM (HANDS, FIST, FEET OR BODILY FORCE)",IC,Invest Cont,740,,,,100    PALOMA                       AV,,33.9944,-118.4776
241507387,03/10/2024 12:00:00 AM,03/10/2024 12:00:00 AM,1900,15,N Hollywood,1504,1,230,"ASSAULT WITH DEADLY WEAPON, AGGRAVATED ASSAULT",1822 0447 1609 0416 0913 2004,63,M,H,202,LIQUOR STORE,306,ROCK/THROWN OBJECT,AA,Adult Arrest,230,,,,7500    LAUREL CANYON                BL,,34.2071,-118.3965
240200526,01/13/2024 12:00:00 AM,01/13/2024 12:00:00 AM,0120,02,Rampart,0245,1,230,"ASSAULT WITH DEADLY WEAPON, AGGRAVATED ASSAULT",1817 1218 0913 0202 1100 0430 0334 1407 0906,25,M,H,109,PARK/PLAYGROUND,101,REVOLVER,IC,Invest Cont,230,998,,,2200 W  6TH                          ST,,34.0601,-118.2761
241407973,03/28/2024 12:00:00 AM,03/27/2024 12:00:00 AM,0900,14,Pacific,1464,2,740,"VANDALISM - FELONY ($400 & OVER, ALL CHURCH VANDALISMS)",0329,0,X,X,710,OTHER PREMISE,,,IC,Invest Cont,740,,,,BLUFF CREEK,ARTESANS                     WY,33.9759,-118.4156
241504347,01/06/2024 12:00:00 AM,01/06/2024 12:00:00 AM,1149,15,N Hollywood,1506,1,442,SHOPLIFTING - PETTY THEFT ($950 & UNDER),0325,20,M,H,213,WAREHOUSE,,,IC,Invest Cont,442,,,,7100    VINELAND                     AV,,34.2027,-118.3745
241511136,06/08/2024 12:00:00 AM,06/08/2024 12:00:00 AM,0005,15,N Hollywood,1545,1,510,VEHICLE - STOLEN,,0,,,101,STREET,,,IC,Invest Cont,510,,,,5000    LAUREL CANYON                BL,,34.1613,-118.3965
240611136,08/12/2024 12:00:00 AM,08/09/2024 12:00:00 AM,0037,06,Hollywood,0622,1,341,"THEFT-GRAND ($950.01 & OVER)EXCPT,GUNS,FOWL,LIVESTK,PROD",1822 0344 1501,0,X,X,135,MTA PROPERTY OR PARKING LOT,,,IC,Invest Cont,341,,,,7300    FRANKLIN                     AV,,34.1146,-118.3607
241209635,04/07/2024 12:00:00 AM,04/07/2024 12:00:00 AM,0515,12,77th Street,1231,2,740,"VANDALISM - FELONY ($400 & OVER, ALL CHURCH VANDALISMS)",0329 1822,56,F,B,501,SINGLE FAMILY DWELLING,,,IC,Invest Cont,740,,,,6300 S  RIMPAU                       BL,,33.9826,-118.3397
240119424,10/04/2024 12:00:00 AM,10/03/2024 12:00:00 AM,1700,01,Central,0185,1,510,VEHICLE - STOLEN,,0,,,101,STREET,,,IC,Invest Cont,510,,,,900 S  BROADWAY,,34.0423,-118.2561
241414823,09/06/2024 12:00:00 AM,09/06/2024 12:00:00 AM,1010,14,Pacific,1494,2,437,RESISTING ARREST,1271 0400 0444,0,M,O,212,TRANSPORTATION FACILITY (AIRPORT),500,UNKNOWN WEAPON/OTHER WEAPON,AA,Adult Arrest,437,,,,300    WORLD                        WY,,33.9455,-118.4001
240114630,07/15/2024 12:00:00 AM,07/11/2024 12:00:00 AM,1035,01,Central,0162,1,440,THEFT PLAIN - PETTY ($950 & UNDER),0344,26,F,O,504,OTHER RESIDENCE,,,IC,Invest Cont,440,,,,700 S  GRAND                        AV,,34.0473,-118.2566
241813376,09/23/2024 12:00:00 AM,09/22/2024 12:00:00 AM,1430,18,Southeast,1871,1,440,THEFT PLAIN - PETTY ($950 & UNDER),1822 0344 2032 0377,22,M,H,301,GAS STATION,,,IC,Invest Cont,440,,,,800 W  ROSECRANS                    AV,,33.9019,-118.2893
241708272,04/12/2024 12:00:00 AM,04/11/2024 12:00:00 AM,2230,17,Devonshire,1708,1,310,BURGLARY,0209 0206 0344,43,X,W,501,SINGLE FAMILY DWELLING,,,IC,Invest Cont,310,,,,11600    SOPHIA                       AV,,34.2811,-118.4867
240309402,04/17/2024 12:00:00 AM,04/17/2024 12:00:00 AM,0001,03,Southwest,0391,1,330,BURGLARY FROM VEHICLE,1822 0344 1601 1609 1307 0329,32,M,B,101,STREET,,,IC,Invest Cont,330,,,,3900 W  DON TOMASO                   DR,,34.0061,-118.3412
240612762,10/16/2024 12:00:00 AM,10/16/2024 12:00:00 AM,0440,06,Hollywood,0632,1,330,BURGLARY FROM VEHICLE,1822 1300 0344 1501,25,F,W,501,SINGLE FAMILY DWELLING,,,IC,Invest Cont,330,,,,8500    FRANKLIN                     AV,,34.1011,-118.3751
240411933,12/05/2024 12:00:00 AM,12/04/2024 12:00:00 AM,2315,04,Hollenbeck,0467,2,740,"VANDALISM - FELONY ($400 & OVER, ALL CHURCH VANDALISMS)",0325,61,F,B,401,MINI-MART,500,UNKNOWN WEAPON/OTHER WEAPON,IC,Invest Cont,740,,,,2700 E  1ST                          ST,,34.0421,-118.206
240904313,01/10/2024 12:00:00 AM,01/10/2024 12:00:00 AM,0950,09,Van Nuys,0929,1,442,SHOPLIFTING - PETTY THEFT ($950 & UNDER),0325 2004 1402,44,M,O,403,DRUG STORE,,,AA,Adult Arrest,442,998,,,13200    VICTORY                      BL,,34.1887,-118.4247
241512538,08/06/2024 12:00:00 AM,08/03/2024 12:00:00 AM,2230,15,N Hollywood,1557,1,510,VEHICLE - STOLEN,,0,,,101,STREET,,,IC,Invest Cont,510,,,,5100    VINELAND                     AV,,34.1626,-118.3703
241907663,04/10/2024 12:00:00 AM,04/09/2024 12:00:00 AM,1715,19,Mission,1998,1,442,SHOPLIFTING - PETTY THEFT ($950 & UNDER),1822 0325,0,M,O,405,CLOTHING STORE,,,IC,Invest Cont,442,,,,7800    VAN NUYS                     BL,,34.2153,-118.4409
240114915,07/18/2024 12:00:00 AM,07/18/2024 12:00:00 AM,0005,01,Central,0123,1,341,"THEFT-GRAND ($950.01 & OVER)EXCPT,GUNS,FOWL,LIVESTK,PROD",0344 1822,30,M,B,101,STREET,,,IC,Invest Cont,341,,,,200 N  HILL                         ST,,34.0552,-118.2457
241905903,02/19/2024 12:00:00 AM,02/19/2024 12:00:00 AM,1430,19,Mission,1941,2,626,INTIMATE PARTNER - SIMPLE ASSAULT,2000 1814 0416 0913,32,M,H,122,"VEHICLE, PASSENGER/TRUCK",400,"STRONG-ARM (HANDS, FIST, FEET OR BODILY FORCE)",AO,Adult Other,626,,,,SEPULVEDA,DEVONSHIRE,34.2685,-118.4694
241208096,03/10/2024 12:00:00 AM,03/10/2024 12:00:00 AM,1255,12,77th Street,1242,1,761,BRANDISH WEAPON,1402 0443 0334 1822 1310,44,M,H,101,STREET,208,RAZOR,AO,Adult Other,761,998,,,GAGE,FIGUEROA,33.9818,-118.3221
241811718,07/28/2024 12:00:00 AM,06/19/2024 12:00:00 AM,1540,18,Southeast,1831,2,354,THEFT OF IDENTITY,1822 0930,80,F,B,501,SINGLE FAMILY DWELLING,,,IC,Invest Cont,354,,,,800 W  125TH                        ST,,33.9192,-118.2892
240105984,01/28/2024 12:00:00 AM,01/28/2024 12:00:00 AM,1430,01,Central,0157,2,624,BATTERY - SIMPLE ASSAULT,0444 0448 0426 0913,44,M,H,502,"MULTI-UNIT DWELLING (APARTMENT, DUPLEX, ETC)",400,"STRONG-ARM (HANDS, FIST, FEET OR BODILY FORCE)",AO,Adult Other,624,,,,500 S  SAN PEDRO                    ST,,34.0442,-118.2439
240511173,09/08/2024 12:00:00 AM,09/07/2024 12:00:00 AM,1800,05,Harbor,0514,1,420,THEFT FROM MOTOR VEHICLE - PETTY ($950 & UNDER),,0,,,122,"VEHICLE, PASSENGER/TRUCK",,,IC,Invest Cont,420,,,,1000 W  DON                          ST,,33.7978,-118.2753
241111781,10/28/2024 12:00:00 AM,10/27/2024 12:00:00 AM,2300,11,Northeast,1136,1,510,VEHICLE - STOLEN,,0,,,101,STREET,,,IC,Invest Cont,510,,,,4400    TOLAND                       WY,,34.1221,-118.2198
240808266,05/09/2024 12:00:00 AM,05/09/2024 12:00:00 AM,0854,08,West LA,0852,1,343,SHOPLIFTING-GRAND THEFT ($950.01 & OVER),1822 0325,0,X,X,203,OTHER BUSINESS,,,IC,Invest Cont,343,,,,11800    SANTA MONICA                 BL,,34.0428,-118.4582
240811621,10/18/2024 12:00:00 AM,10/18/2024 12:00:00 AM,1457,08,West LA,0884,1,343,SHOPLIFTING-GRAND THEFT ($950.01 & OVER),0325,0,X,X,719,MEDICAL/DENTAL OFFICES,,,IC,Invest Cont,343,,,,10700 W  PICO                         BL,,34.0419,-118.4247
240613432,11/18/2024 12:00:00 AM,11/18/2024 12:00:00 AM,1657,06,Hollywood,0677,1,442,SHOPLIFTING - PETTY THEFT ($950 & UNDER),1822 0325 0601,0,X,X,210,RESTAURANT/FAST FOOD,,,IC,Invest Cont,442,,,,5800    SANTA MONICA                 BL,,34.0907,-118.3157
241907376,04/01/2024 12:00:00 AM,03/31/2024 12:00:00 AM,0030,19,Mission,1999,1,510,VEHICLE - STOLEN,,0,,,101,STREET,,,IC,Invest Cont,510,,,,13400    STRATHERN                    ST,,34.2159,-118.4247
240106191,01/30/2024 12:00:00 AM,01/30/2024 12:00:00 AM,1820,01,Central,0111,1,210,ROBBERY,0344 0431 1822,69,M,A,203,OTHER BUSINESS,512,MACE/PEPPER SPRAY,IC,Invest Cont,210,,,,600 N  SPRING                       ST,,34.0582,-118.2387
241809495,04/29/2024 12:00:00 AM,04/29/2024 12:00:00 AM,1518,18,Southeast,1829,1,442,SHOPLIFTING - PETTY THEFT ($950 & UNDER),1822 0344 0325,0,X,X,405,CLOTHING STORE,,,IC,Invest Cont,442,,,,9800 S  ALAMEDA                      ST,,33.9478,-118.2289
240507056,03/21/2024 12:00:00 AM,03/10/2024 12:00:00 AM,1200,05,Harbor,0524,1,236,INTIMATE PARTNER - AGGRAVATED ASSAULT,2000 0913 1813 0408,58,F,H,108,PARKING LOT,400,"STRONG-ARM (HANDS, FIST, FEET OR BODILY FORCE)",IC,Invest Cont,236,,,,N  WILMINGTON                   BL,W  ANAHEIM                      ST,33.7793,-118.2742
240708741,05/07/2024 12:00:00 AM,05/03/2024 12:00:00 AM,1430,07,Wilshire,0721,2,740,"VANDALISM - FELONY ($400 & OVER, ALL CHURCH VANDALISMS)",0329 1822,48,F,B,122,"VEHICLE, PASSENGER/TRUCK",,,IC,Invest Cont,740,,,,ALDEN                        DR,ROBERTSON                    BL,34.0753,-118.3838
241105456,02/08/2024 12:00:00 AM,02/07/2024 12:00:00 AM,1600,11,Northeast,1124,2,624,BATTERY - SIMPLE ASSAULT,0400 0416 1822 1202,70,M,H,108,PARKING LOT,400,"STRONG-ARM (HANDS, FIST, FEET OR BODILY FORCE)",IC,Invest Cont,624,,,,3100    SAN FERNANDO                 RD,,34.1149,-118.2459
241611223,11/06/2024 12:00:00 AM,10/13/2024 12:00:00 AM,1335,16,Foothill,1639,1,440,THEFT PLAIN - PETTY ($950 & UNDER),0394 0344,31,M,W,501,SINGLE FAMILY DWELLING,,,IC,Invest Cont,440,,,,10500    FAIRGROVE                    AV,,34.2594,-118.2831
240215346,09/29/2024 12:00:00 AM,09/29/2024 12:00:00 AM,1410,02,Rampart,0219,2,624,BATTERY - SIMPLE ASSAULT,1822 0305 0416,59,M,H,102,SIDEWALK,400,"STRONG-ARM (HANDS, FIST, FEET OR BODILY FORCE)",IC,Invest Cont,624,,,,1100 W  SUNSET                       BL,,34.0656,-118.2493
241709200,05/04/2024 12:00:00 AM,05/04/2024 12:00:00 AM,1449,17,Devonshire,1767,2,888,TRESPASSING,0603 0913,29,F,H,501,SINGLE FAMILY DWELLING,,,IC,Invest Cont,888,,,,18800    VINCENNES                    ST,,34.241,-118.5442
241509570,04/25/2024 12:00:00 AM,04/24/2024 12:00:00 AM,1950,15,N Hollywood,1515,1,230,"ASSAULT WITH DEADLY WEAPON, AGGRAVATED ASSAULT",0445 0553 0602 2003 1300 1309,70,F,H,501,SINGLE FAMILY DWELLING,307,VEHICLE,AA,Adult Arrest,230,,,,6700    HINDS                        AV,,34.1921,-118.3911
240113300,06/22/2024 12:00:00 AM,06/21/2024 12:00:00 AM,1945,01,Central,0182,1,341,"THEFT-GRAND ($950.01 & OVER)EXCPT,GUNS,FOWL,LIVESTK,PROD",0344 1822,29,M,V,707,GARAGE/CARPORT,,,IC,Invest Cont,341,,,,1100 S  GRAND                        AV,,34.0415,-118.262
242110283,07/11/2024 12:00:00 AM,07/05/2024 12:00:00 AM,1200,21,Topanga,2126,1,331,THEFT FROM MOTOR VEHICLE - GRAND ($950.01 AND OVER),0385 1202,77,M,O,101,STREET,,,IC,Invest Cont,331,,,,7700    DE SOTO                      AV,,34.2104,-118.5885
241504643,01/13/2024 12:00:00 AM,01/11/2024 12:00:00 AM,1900,15,N Hollywood,1553,1,420,THEFT FROM MOTOR VEHICLE - PETTY ($950 & UNDER),,0,,,122,"VEHICLE, PASSENGER/TRUCK",,,IC,Invest Cont,420,,,,11900    KLING                        ST,,34.1558,-118.3922
240710392,05/27/2024 12:00:00 AM,05/14/2024 12:00:00 AM,1500,07,Wilshire,0705,2,860,BATTERY WITH SEXUAL CONTACT,0500 0522 0510,31,F,W,233,TATTOO PARLOR*,400,"STRONG-ARM (HANDS, FIST, FEET OR BODILY FORCE)",IC,Invest Cont,860,,,,7200    MELROSE                      AV,,34.0835,-118.3462
240912155,10/07/2024 12:00:00 AM,10/07/2024 12:00:00 AM,0917,09,Van Nuys,0901,2,956,"LETTERS, LEWD  -  TELEPHONE CALLS, LEWD",1822,78,F,W,501,SINGLE FAMILY DWELLING,,,IC,Invest Cont,956,,,,15400    LEADWELL                     ST,,34.2039,-118.469
241813215,09/18/2024 12:00:00 AM,09/18/2024 12:00:00 AM,1835,18,Southeast,1804,1,510,VEHICLE - STOLEN,,0,,,101,STREET,,,IC,Invest Cont,510,,,,700 E  87TH                         ST,,33.9593,-118.2624
240113793,07/01/2024 12:00:00 AM,06/30/2024 12:00:00 AM,1900,01,Central,0185,1,330,BURGLARY FROM VEHICLE,1300 0344 1307,35,M,W,108,PARKING LOT,,,IC,Invest Cont,330,,,,900 S  BROADWAY,,34.0423,-118.2561
241810823,06/20/2024 12:00:00 AM,06/15/2024 12:00:00 AM,1800,18,Southeast,1838,1,510,VEHICLE - STOLEN,,0,,,101,STREET,,,IC,Invest Cont,510,,,,107TH                        ST,JUNIPER,33.9399,-118.2362
241308709,04/25/2024 12:00:00 AM,04/24/2024 12:00:00 AM,2200,13,Newton,1323,1,510,VEHICLE - STOLEN,,0,,,101,STREET,,,IC,Invest Cont,510,,,,2300    GRIFFITH                     AV,,34.0224,-118.2559
241414492,10/19/2024 12:00:00 AM,10/19/2024 12:00:00 AM,0357,14,Pacific,1435,1,331,THEFT FROM MOTOR VEHICLE - GRAND ($950.01 AND OVER),1300 0344 1822,32,M,B,101,STREET,,,IC,Invest Cont,331,,,,3500    MOUNTAIN VIEW                AV,,34.0124,-118.4353
241806146,02/14/2024 12:00:00 AM,02/14/2024 12:00:00 AM,2000,18,Southeast,1862,1,230,"ASSAULT WITH DEADLY WEAPON, AGGRAVATED ASSAULT",0913 0400 1202,64,M,B,501,SINGLE FAMILY DWELLING,503,CAUSTIC CHEMICAL/POISON,AO,Adult Other,230,,,,200 W  118TH                        ST,,33.9265,-118.2761
241714081,10/10/2024 12:00:00 AM,01/17/2024 12:00:00 AM,1817,17,Devonshire,1729,1,442,SHOPLIFTING - PETTY THEFT ($950 & UNDER),0325 0344,0,X,X,404,DEPARTMENT STORE,,,IC,Invest Cont,442,,,,11100    BALBOA                       BL,,34.2757,-118.5144
240804150,01/05/2024 12:00:00 AM,01/05/2024 12:00:00 AM,0345,08,West LA,0857,1,510,VEHICLE - STOLEN,,0,,,101,STREET,,,IC,Invest Cont,510,,,,1400 S  CANFIELD                     AV,,34.0553,-118.3894
242011534,09/07/2024 12:00:00 AM,08/01/2024 12:00:00 AM,1100,20,Olympic,2022,1,330,BURGLARY FROM VEHICLE,0352 1221 0344 1822,27,M,K,123,PARKING UNDERGROUND/BUILDING,,,IC,Invest Cont,330,,,,600 S  GRAMERCY                     PL,,34.0635,-118.3128
240811286,10/10/2024 12:00:00 AM,10/09/2024 12:00:00 AM,1930,08,West LA,0899,1,510,VEHICLE - STOLEN,,0,,,101,STREET,,,IC,Invest Cont,510,,,,8500    MELVIL                       ST,,34.0322,-118.3786
241809022,04/19/2024 12:00:00 AM,04/19/2024 12:00:00 AM,0100,18,Southeast,1826,1,420,THEFT FROM MOTOR VEHICLE - PETTY ($950 & UNDER),,0,,,101,STREET,,,IC,Invest Cont,420,,,,9300    MAIE                         AV,,33.9521,-118.2446
240811946,11/12/2024 12:00:00 AM,11/11/2024 12:00:00 AM,0901,08,West LA,0849,1,442,SHOPLIFTING - PETTY THEFT ($950 & UNDER),0325 2028 1420 0216 1013,0,X,X,203,OTHER BUSINESS,,,IC,Invest Cont,442,,,,8500 W  OLYMPIC                      BL,,34.0594,-118.3762
240909166,05/17/2024 12:00:00 AM,05/17/2024 12:00:00 AM,1100,09,Van Nuys,0985,1,310,BURGLARY,0344 1501,23,F,H,210,RESTAURANT/FAST FOOD,,,IC,Invest Cont,310,,,,14100    VENTURA                      BL,,34.1495,-118.44
240313450,08/23/2024 12:00:00 AM,08/20/2024 12:00:00 AM,1318,03,Southwest,0395,2,956,"LETTERS, LEWD  -  TELEPHONE CALLS, LEWD",1202 0913 1906,68,F,H,501,SINGLE FAMILY DWELLING,,,IC,Invest Cont,956,,,,1800 W  42ND                         ST,,34.0073,-118.3114
240304935,01/17/2024 12:00:00 AM,01/16/2024 12:00:00 AM,0700,03,Southwest,0376,1,235,CHILD ABUSE (PHYSICAL) - AGGRAVATED ASSAULT,0602 0913 0553 1257 0407,0,F,H,501,SINGLE FAMILY DWELLING,510,SCALDING LIQUID,IC,Invest Cont,235,,,,1400 W  39TH                         ST,,34.0155,-118.3034
240913734,12/20/2024 12:00:00 AM,12/17/2024 12:00:00 AM,1025,09,Van Nuys,0904,2,354,THEFT OF IDENTITY,0929 1501,63,F,W,502,"MULTI-UNIT DWELLING (APARTMENT, DUPLEX, ETC)",,,IC,Invest Cont,354,,,,15100    SHERMAN                      WY,,34.2013,-118.4659
240607258,03/12/2024 12:00:00 AM,03/11/2024 12:00:00 AM,1800,06,Hollywood,0659,2,624,BATTERY - SIMPLE ASSAULT,1601 1501 1822 0416 0446 1218 0305 2024,29,M,H,101,STREET,400,"STRONG-ARM (HANDS, FIST, FEET OR BODILY FORCE)",IC,Invest Cont,624,,,,SUNSET                       AV,HOBART,34.0981,-118.3056
240913021,11/13/2024 12:00:00 AM,11/09/2024 12:00:00 AM,1933,09,Van Nuys,0981,1,442,SHOPLIFTING - PETTY THEFT ($950 & UNDER),0325 2028,0,X,X,402,MARKET,,,IC,Invest Cont,442,,,,4500 N  SEPULVEDA                    BL,,34.1517,-118.4671
241312848,09/06/2024 12:00:00 AM,09/06/2024 12:00:00 AM,1200,13,Newton,1373,1,510,VEHICLE - STOLEN,,0,,,101,STREET,,,IC,Invest Cont,510,,,,5700    MCKINLEY                     AV,,33.9907,-118.2608
241806845,03/01/2024 12:00:00 AM,03/01/2024 12:00:00 AM,0845,18,Southeast,1802,2,626,INTIMATE PARTNER - SIMPLE ASSAULT,0913 1814 2000 0416,54,F,B,501,SINGLE FAMILY DWELLING,400,"STRONG-ARM (HANDS, FIST, FEET OR BODILY FORCE)",IC,Invest Cont,626,,,,9100 S  FIGUEROA                     ST,,33.9542,-118.2827
240118535,09/16/2024 12:00:00 AM,09/16/2024 12:00:00 AM,0645,01,Central,0133,2,888,TRESPASSING,0910 1501,0,X,X,135,MTA PROPERTY OR PARKING LOT,400,"STRONG-ARM (HANDS, FIST, FEET OR BODILY FORCE)",IC,Invest Cont,888,,,,200 S  BROADWAY,,34.0524,-118.2467
240807146,03/20/2024 12:00:00 AM,03/20/2024 12:00:00 AM,0800,08,West LA,0828,1,310,BURGLARY,0358 0344 1609 1822 0352,47,F,W,501,SINGLE FAMILY DWELLING,,,IC,Invest Cont,310,,,,900    MANNING                      AV,,34.0646,-118.4378
240507653,04/06/2024 12:00:00 AM,04/06/2024 12:00:00 AM,0700,05,Harbor,0531,1,510,VEHICLE - STOLEN,,0,,,101,STREET,,,AA,Adult Arrest,510,,,,PACIFIC COAST                HY,FRAMPTON                     AV,33.7895,-118.3
241007779,04/15/2024 12:00:00 AM,04/14/2024 12:00:00 AM,2100,10,West Valley,1025,1,510,VEHICLE - STOLEN,,0,,,108,PARKING LOT,,,IC,Invest Cont,510,,,,17800    SHERMAN                      WY,,34.2009,-118.5208
240907181,03/24/2024 12:00:00 AM,03/23/2024 12:00:00 AM,2350,09,Van Nuys,0904,2,624,BATTERY - SIMPLE ASSAULT,0417 0913,21,F,B,501,SINGLE FAMILY DWELLING,500,UNKNOWN WEAPON/OTHER WEAPON,AA,Adult Arrest,624,,,,7600    VAN NUYS                     BL,,34.2085,-118.4488
241108870,06/22/2024 12:00:00 AM,06/21/2024 12:00:00 AM,1710,11,Northeast,1101,1,330,BURGLARY FROM VEHICLE,0344 0358 1609,42,M,W,108,PARKING LOT,,,IC,Invest Cont,330,,,,5200    ZOO                          DR,,34.1538,-118.3092
241109384,07/19/2024 12:00:00 AM,07/07/2024 12:00:00 AM,1159,11,Northeast,1136,1,480,BIKE - STOLEN,0344,54,M,H,119,"PORCH, RESIDENTIAL",,,IC,Invest Cont,480,,,,4200    EAGLE ROCK                   BL,,34.1218,-118.2251
241504998,01/20/2024 12:00:00 AM,01/20/2024 12:00:00 AM,0400,15,N Hollywood,1555,1,510,VEHICLE - STOLEN,,0,,,108,PARKING LOT,,,AO,Adult Other,510,,,,4800    LANKERSHIM                   BL,,34.158,-118.3705
240410830,10/16/2024 12:00:00 AM,10/14/2024 12:00:00 AM,2300,04,Hollenbeck,0478,1,331,THEFT FROM MOTOR VEHICLE - GRAND ($950.01 AND OVER),1300 0385 0344,23,F,H,101,STREET,,,IC,Invest Cont,331,,,,900 S  CONCORD                      ST,,34.0281,-118.2033
241806382,02/21/2024 12:00:00 AM,02/21/2024 12:00:00 AM,2305,18,Southeast,1822,1,230,"ASSAULT WITH DEADLY WEAPON, AGGRAVATED ASSAULT",2033 1822 0302 0430 1206 1100,37,M,B,101,STREET,102,HAND GUN,IC,Invest Cont,230,,,,COLDEN,MAIN,33.9492,-118.2739
241708642,04/22/2024 12:00:00 AM,04/22/2024 12:00:00 AM,1600,17,Devonshire,1737,2,740,"VANDALISM - FELONY ($400 & OVER, ALL CHURCH VANDALISMS)",1202 0329,88,F,W,108,PARKING LOT,,,IC,Invest Cont,740,,,,16800    SAN FERNANDO MISSION         BL,,34.272,-118.4978
240710092,07/14/2024 12:00:00 AM,07/14/2024 12:00:00 AM,0030,07,Wilshire,0779,1,330,BURGLARY FROM VEHICLE,1300 1307 1822 0344 0321,39,M,H,101,STREET,,,IC,Invest Cont,330,,,,1800    3RD                          AV,,34.0409,-118.3201
240314397,09/18/2024 12:00:00 AM,09/04/2024 12:00:00 AM,0725,03,Southwest,0397,2,354,THEFT OF IDENTITY,0922 0930 0935 1822,36,M,H,502,"MULTI-UNIT DWELLING (APARTMENT, DUPLEX, ETC)",,,IC,Invest Cont,354,,,,1300 W  41ST                         PL,,34.0082,-118.298
242109491,06/01/2024 12:00:00 AM,06/01/2024 12:00:00 AM,1905,21,Topanga,2136,2,354,THEFT OF IDENTITY,1822 0930 0928,27,F,H,502,"MULTI-UNIT DWELLING (APARTMENT, DUPLEX, ETC)",,,IC,Invest Cont,354,,,,7200    JORDAN                       AV,,34.201,-118.6028
240410437,09/30/2024 12:00:00 AM,09/29/2024 12:00:00 AM,1500,04,Hollenbeck,0427,1,510,VEHICLE - STOLEN,,0,,,104,DRIVEWAY,,,IC,Invest Cont,510,,,,4700    GAMBIER                      ST,,34.0809,-118.1819
240300795,06/08/2024 12:00:00 AM,06/08/2024 12:00:00 AM,0123,03,Southwest,0329,1,210,ROBBERY,0344 1822 2024 1402 0400 0342,34,F,W,101,STREET,400,"STRONG-ARM (HANDS, FIST, FEET OR BODILY FORCE)",AA,Adult Arrest,210,,,,33RD,FLOWER,34.023,-118.2793
241306967,03/02/2024 12:00:00 AM,03/01/2024 12:00:00 AM,1700,13,Newton,1313,1,310,BURGLARY,0344,0,M,W,203,OTHER BUSINESS,,,IC,Invest Cont,310,,,,800 E  WASHINGTON                   BL,,34.0267,-118.2551
241609648,08/04/2024 12:00:00 AM,08/04/2024 12:00:00 AM,1800,16,Foothill,1612,1,442,SHOPLIFTING - PETTY THEFT ($950 & UNDER),0325,0,X,X,410,"MEMBERSHIP STORE (COSTCO,SAMS CLUB)*",,,AA,Adult Arrest,442,,,,13500    PAXTON                       ST,,34.2732,-118.4268
241706826,03/09/2024 12:00:00 AM,03/03/2024 12:00:00 AM,1700,17,Devonshire,1761,1,510,VEHICLE - STOLEN,,0,,,101,STREET,,,IC,Invest Cont,510,,,,OWENSMOUTH                   AV,PRAIRIE                      ST,34.2391,-118.6019
240204799,01/17/2024 12:00:00 AM,01/17/2024 12:00:00 AM,1345,02,Rampart,0202,1,210,ROBBERY,1822 0334 0344 0325,0,X,X,203,OTHER BUSINESS,102,HAND GUN,IC,Invest Cont,210,,,,900 N  VERMONT                      AV,,34.0877,-118.2917
241714223,11/14/2024 12:00:00 AM,08/03/2024 12:00:00 AM,0940,17,Devonshire,1792,2,956,"LETTERS, LEWD  -  TELEPHONE CALLS, LEWD",0913 0603 1906,34,F,H,116,OTHER/OUTSIDE,,,IC,Invest Cont,956,,,,TUNNEY                       AV,CHASE                        ST,34.2246,-118.5569
240112302,06/03/2024 12:00:00 AM,05/29/2024 12:00:00 AM,1245,01,Central,0156,2,354,THEFT OF IDENTITY,0922 0930 0935,36,M,W,502,"MULTI-UNIT DWELLING (APARTMENT, DUPLEX, ETC)",,,IC,Invest Cont,354,,,,500    SAN JULIAN                   ST,,34.0446,-118.245
241304462,01/10/2024 12:00:00 AM,01/10/2024 12:00:00 AM,1100,13,Newton,1333,2,668,"EMBEZZLEMENT, GRAND THEFT ($950.01 & OVER)",0344 0913 1300 1810 0354,46,M,H,101,STREET,,,IC,Invest Cont,668,,,,32ND                         ST,SAN PEDRO,34.0169,-118.2643
241205749,01/29/2024 12:00:00 AM,01/29/2024 12:00:00 AM,1130,12,77th Street,1257,2,930,CRIMINAL THREATS - NO WEAPON DISPLAYED,0421 0361,49,F,O,502,"MULTI-UNIT DWELLING (APARTMENT, DUPLEX, ETC)",511,VERBAL THREAT,IC,Invest Cont,930,,,,300 W  78TH                         ST,,33.9689,-118.2783
242107995,04/13/2024 12:00:00 AM,04/13/2024 12:00:00 AM,2140,21,Topanga,2197,1,310,BURGLARY,0352 1609 0321 1202 0314,70,F,W,501,SINGLE FAMILY DWELLING,,,IC,Invest Cont,310,,,,4800    WINNETKA                     AV,,34.1574,-118.57
241610138,09/04/2024 12:00:00 AM,09/01/2024 12:00:00 AM,1200,16,Foothill,1612,1,331,THEFT FROM MOTOR VEHICLE - GRAND ($950.01 AND OVER),0385,63,M,H,101,STREET,,,IC,Invest Cont,331,,,,11200    DE HAVEN                     AV,,34.2738,-118.4133
240117866,09/02/2024 12:00:00 AM,08/31/2024 12:00:00 AM,1735,01,Central,0159,1,330,BURGLARY FROM VEHICLE,0344 1307 0329 1609,34,F,H,203,OTHER BUSINESS,,,IC,Invest Cont,330,,,,COLYTON                      ST,PALMETTO                     ST,34.0401,-118.236
241105516,02/09/2024 12:00:00 AM,02/07/2024 12:00:00 AM,0914,11,Northeast,1183,1,442,SHOPLIFTING - PETTY THEFT ($950 & UNDER),0325,0,X,X,403,DRUG STORE,,,IC,Invest Cont,442,,,,1600 W  SUNSET                       BL,,34.0832,-118.2572
240405024,02/02/2024 12:00:00 AM,01/27/2024 12:00:00 AM,1100,04,Hollenbeck,0466,2,627,CHILD ABUSE (PHYSICAL) - SIMPLE ASSAULT,1251 1259 0416 0334 0913 0552,14,F,H,502,"MULTI-UNIT DWELLING (APARTMENT, DUPLEX, ETC)",500,UNKNOWN WEAPON/OTHER WEAPON,AO,Adult Other,627,,,,200 N  FICKETT                      ST,,34.0434,-118.2068
241804626,01/13/2024 12:00:00 AM,01/13/2024 12:00:00 AM,1850,18,Southeast,1861,1,210,ROBBERY,1822 0344 0325 2024 0216,0,X,X,402,MARKET,400,"STRONG-ARM (HANDS, FIST, FEET OR BODILY FORCE)",IC,Invest Cont,210,,,,11900 S  VERMONT                      AV,,33.9251,-118.2915
240105735,01/25/2024 12:00:00 AM,01/24/2024 12:00:00 AM,1230,01,Central,0122,2,901,VIOLATION OF RESTRAINING ORDER,2038,31,F,H,102,SIDEWALK,,,AO,Adult Other,901,,,,100 N  HILL                         ST,,34.0572,-118.2481
241705299,01/31/2024 12:00:00 AM,01/30/2024 12:00:00 AM,2230,17,Devonshire,1785,1,310,BURGLARY,1609 0321 0344 0209,0,X,X,203,OTHER BUSINESS,,,IC,Invest Cont,310,,,,8800    RESEDA                       BL,,34.2308,-118.5361
240712249,10/26/2024 12:00:00 AM,10/24/2024 12:00:00 AM,1430,07,Wilshire,0734,1,522,"VEHICLE, STOLEN - OTHER (MOTORIZED SCOOTERS, BIKES, ETC)",,0,,,121,YARD (RESIDENTIAL/BUSINESS),,,IC,Invest Cont,522,,,,400 S  CURSON                       AV,,34.0675,-118.3536
241907123,03/25/2024 12:00:00 AM,03/15/2024 12:00:00 AM,0755,19,Mission,1924,1,330,BURGLARY FROM VEHICLE,1612 0344 1822,41,M,H,108,PARKING LOT,,,IC,Invest Cont,330,,,,12400    SAN FERNANDO                 RD,,34.2957,-118.4548
240120844,11/05/2024 12:00:00 AM,11/05/2024 12:00:00 AM,1220,01,Central,0152,2,888,TRESPASSING,1501,54,M,X,101,STREET,,,IC,Invest Cont,888,,,,500 S  GRAND                        AV,,34.0502,-118.2539
241808707,04/11/2024 12:00:00 AM,04/11/2024 12:00:00 AM,2011,18,Southeast,1849,2,753,DISCHARGE FIREARMS/SHOTS FIRED,1402 1100 1822 0216,0,X,X,101,STREET,106,UNKNOWN FIREARM,AA,Adult Arrest,753,998,,,11300    GORMAN                       AV,,33.9318,-118.232
241004135,01/04/2024 12:00:00 AM,01/04/2024 12:00:00 AM,2145,10,West Valley,1035,2,740,"VANDALISM - FELONY ($400 & OVER, ALL CHURCH VANDALISMS)",1822 0329 0311 2004,0,M,W,708,CHURCH/CHAPEL (CHANGED 03-03 FROM CHURCH/TEMPLE),,,AO,Adult Other,740,,,,6600    RESEDA                       BL,,34.1905,-118.536
241408621,04/11/2024 12:00:00 AM,04/11/2024 12:00:00 AM,0900,14,Pacific,1494,2,354,THEFT OF IDENTITY,1822 0377,40,F,B,212,TRANSPORTATION FACILITY (AIRPORT),500,UNKNOWN WEAPON/OTHER WEAPON,IC,Invest Cont,354,,,,300    WORLD                        WY,,33.9455,-118.4001
240210945,06/14/2024 12:00:00 AM,06/13/2024 12:00:00 AM,1800,02,Rampart,0256,1,522,"VEHICLE, STOLEN - OTHER (MOTORIZED SCOOTERS, BIKES, ETC)",,0,,,108,PARKING LOT,,,IC,Invest Cont,522,,,,1600    WILSHIRE                     BL,,34.0554,-118.2702
241204023,01/01/2024 12:00:00 AM,01/01/2024 12:00:00 AM,0305,12,77th Street,1269,1,236,INTIMATE PARTNER - AGGRAVATED ASSAULT,2000 1814 0913 0408 2034,29,F,H,501,SINGLE FAMILY DWELLING,400,"STRONG-ARM (HANDS, FIST, FEET OR BODILY FORCE)",AA,Adult Arrest,236,,,,400 E  84TH                         ST,,33.9628,-118.2673
241207564,03/01/2024 12:00:00 AM,02/01/2024 12:00:00 AM,2350,12,77th Street,1249,2,822,HUMAN TRAFFICKING - COMMERCIAL SEX ACTS,1258 1402 2023 0527,17,F,H,101,STREET,,,IC,Invest Cont,822,,,,69TH                         ST,FIGUEROA                     ST,33.9774,-118.2827
241508333,03/29/2024 12:00:00 AM,03/28/2024 12:00:00 AM,1700,15,N Hollywood,1529,1,331,THEFT FROM MOTOR VEHICLE - GRAND ($950.01 AND OVER),1822 0385 1300 0344,58,F,W,502,"MULTI-UNIT DWELLING (APARTMENT, DUPLEX, ETC)",,,IC,Invest Cont,331,,,,10600    OXNARD                       ST,,34.1829,-118.365
242108059,04/15/2024 12:00:00 AM,03/28/2024 12:00:00 AM,2129,21,Topanga,2103,1,442,SHOPLIFTING - PETTY THEFT ($950 & UNDER),0325 2028,0,M,W,407,HARDWARE/BUILDING SUPPLY,,,IC,Invest Cont,442,,,,8300    TOPANGA CANYON               BL,,34.2259,-118.6126
241905205,02/01/2024 12:00:00 AM,01/30/2024 12:00:00 AM,2100,19,Mission,1998,2,740,"VANDALISM - FELONY ($400 & OVER, ALL CHURCH VANDALISMS)",0329 1822 1300,66,F,H,504,OTHER RESIDENCE,,,IC,Invest Cont,740,,,,13900    ROSCOE                       BL,,34.2216,-118.4457
240122767,11/21/2024 12:00:00 AM,11/15/2024 12:00:00 AM,0314,01,Central,0162,1,420,THEFT FROM MOTOR VEHICLE - PETTY ($950 & UNDER),1300 0344,56,M,V,108,PARKING LOT,,,IC,Invest Cont,420,,,,800 S  OLIVE                        ST,,34.0452,-118.2569
241309533,05/20/2024 12:00:00 AM,03/22/2024 12:00:00 AM,1800,13,Newton,1362,1,341,"THEFT-GRAND ($950.01 & OVER)EXCPT,GUNS,FOWL,LIVESTK,PROD",0344 1803,68,F,W,501,SINGLE FAMILY DWELLING,,,IC,Invest Cont,341,,,,5000 S  MAIN                         ST,,33.9974,-118.274
242106069,02/20/2024 12:00:00 AM,02/19/2024 12:00:00 AM,2200,21,Topanga,2175,1,331,THEFT FROM MOTOR VEHICLE - GRAND ($950.01 AND OVER),1822 0344,82,M,W,104,DRIVEWAY,,,IC,Invest Cont,331,,,,22700    CLARENDON                    ST,,34.1692,-118.6211
240208843,04/15/2024 12:00:00 AM,04/15/2024 12:00:00 AM,0610,02,Rampart,0246,2,888,TRESPASSING,1822 0910,0,X,X,904,MTA - RED LINE - WESTLAKE/MACARTHUR PARK,,,IC,Invest Cont,888,,,,600 S  ALVARADO                     ST,,34.0595,-118.2749
241505979,02/10/2024 12:00:00 AM,02/10/2024 12:00:00 AM,0100,15,N Hollywood,1587,1,330,BURGLARY FROM VEHICLE,1300 0386 1607 0344,33,F,F,503,HOTEL,,,IC,Invest Cont,330,,,,300    UNIVERSAL HOLLYWOOD          DR,,34.1387,-118.3598
241412718,09/02/2024 12:00:00 AM,09/02/2024 12:00:00 AM,1108,14,Pacific,1443,1,310,BURGLARY,0344,0,X,X,710,OTHER PREMISE,,,IC,Invest Cont,310,,,,2400    LINCOLN                      BL,,33.9939,-118.4524
241008897,05/18/2024 12:00:00 AM,05/17/2024 12:00:00 AM,2024,10,West Valley,1006,1,510,VEHICLE - STOLEN,,0,,,101,STREET,,,IC,Invest Cont,510,,,,17300    ROSCOE                       BL,,34.2211,-118.5102
240112501,06/08/2024 12:00:00 AM,06/07/2024 12:00:00 AM,2245,01,Central,0162,1,330,BURGLARY FROM VEHICLE,1300 0344 0329 1307,39,M,H,108,PARKING LOT,,,IC,Invest Cont,330,,,,800 S  OLIVE                        ST,,34.0452,-118.2569
241913560,11/27/2024 12:00:00 AM,11/23/2024 12:00:00 AM,1350,19,Mission,1972,1,343,SHOPLIFTING-GRAND THEFT ($950.01 & OVER),0325,0,X,X,403,DRUG STORE,,,IC,Invest Cont,343,,,,15300    NORDHOFF                     ST,,34.2355,-118.4654
240707169,03/16/2024 12:00:00 AM,03/15/2024 12:00:00 AM,1600,07,Wilshire,0765,1,510,VEHICLE - STOLEN,,0,,,101,STREET,,,IC,Invest Cont,510,,,,1300 S  MANSFIELD                    AV,,34.0503,-118.3448
241006662,03/14/2024 12:00:00 AM,03/13/2024 12:00:00 AM,1900,10,West Valley,1043,1,420,THEFT FROM MOTOR VEHICLE - PETTY ($950 & UNDER),,0,,,101,STREET,,,IC,Invest Cont,420,,,,18600    HATTERAS                     ST,,34.1774,-118.5387
241806304,02/19/2024 12:00:00 AM,02/19/2024 12:00:00 AM,1130,18,Southeast,1823,2,910,KIDNAPPING,1822 1300 0342 0421 0432 0305 0409 0416 0408 0448,35,F,H,101,STREET,511,VERBAL THREAT,IC,Invest Cont,910,,,,CENTURY                      BL,SAN PEDRO,33.9456,-118.2695
241210389,04/20/2024 12:00:00 AM,04/20/2024 12:00:00 AM,0830,12,77th Street,1241,2,890,FAILURE TO YIELD,1309 0213 1822 0914 0216,0,X,X,101,STREET,,,IC,Invest Cont,890,,,,CRENSHAW                     BL,HYDE PARK                    BL,33.9806,-118.3309
241507575,03/13/2024 12:00:00 AM,03/05/2024 12:00:00 AM,2120,15,N Hollywood,1595,1,331,THEFT FROM MOTOR VEHICLE - GRAND ($950.01 AND OVER),1822 0385 1300 0344,37,F,O,101,STREET,,,IC,Invest Cont,331,,,,11600    SUNSHINE                     TR,,34.1382,-118.3856
241212334,06/06/2024 12:00:00 AM,06/04/2024 12:00:00 AM,1900,12,77th Street,1265,1,331,THEFT FROM MOTOR VEHICLE - GRAND ($950.01 AND OVER),1300 0344 0385 1822,52,M,B,501,SINGLE FAMILY DWELLING,,,IC,Invest Cont,331,,,,1500 W  84TH                         PL,,33.9618,-118.3025
240706127,02/20/2024 12:00:00 AM,02/08/2024 12:00:00 AM,1655,07,Wilshire,0724,1,440,THEFT PLAIN - PETTY ($950 & UNDER),0394,24,M,W,232,"DELIVERY SERVICE (FED EX, UPS, COURIERS,COURIER SERVICE)*",,,IC,Invest Cont,440,,,,7600    BEVERLY                      BL,,34.0762,-118.3555
241408981,04/23/2024 12:00:00 AM,04/23/2024 12:00:00 AM,1940,14,Pacific,1494,2,624,BATTERY - SIMPLE ASSAULT,1822 0400 0444,29,M,O,212,TRANSPORTATION FACILITY (AIRPORT),500,UNKNOWN WEAPON/OTHER WEAPON,AO,Adult Other,624,,,,300    WORLD                        WY,,33.9455,-118.4001
240105171,01/18/2024 12:00:00 AM,01/17/2024 12:00:00 AM,1800,01,Central,0192,1,510,VEHICLE - STOLEN,,0,,,101,STREET,,,IC,Invest Cont,510,,,,GRAND                        AV,VENICE                       BL,34.0357,-118.2663
241500661,04/12/2024 12:00:00 AM,04/12/2024 12:00:00 AM,1400,15,N Hollywood,1583,1,310,BURGLARY,0321 1402 1609 2034 1822,24,M,B,501,SINGLE FAMILY DWELLING,,,IC,Invest Cont,310,998,,,4200    LAUREL CANYON                BL,,34.1467,-118.3964
241607744,04/29/2024 12:00:00 AM,04/08/2024 12:00:00 AM,1200,16,Foothill,1656,2,664,"BUNCO, PETTY THEFT",0800 1822,27,F,W,501,SINGLE FAMILY DWELLING,,,IC,Invest Cont,664,,,,8600    TOPLEY                       LN,,34.2554,-118.3214
240308673,04/02/2024 12:00:00 AM,04/02/2024 12:00:00 AM,0300,03,Southwest,0353,1,510,VEHICLE - STOLEN,,0,,,101,STREET,,,IC,Invest Cont,510,,,,3700    WEST                         BL,,34.0194,-118.3413
241807137,03/06/2024 12:00:00 AM,02/15/2024 12:00:00 AM,0001,18,Southeast,1837,2,860,BATTERY WITH SEXUAL CONTACT,0913 0556 1501 0400 2021 0518,27,F,H,501,SINGLE FAMILY DWELLING,400,"STRONG-ARM (HANDS, FIST, FEET OR BODILY FORCE)",IC,Invest Cont,860,,,,1700 E  108TH                        ST,,33.9379,-118.2425
241207980,03/08/2024 12:00:00 AM,03/07/2024 12:00:00 AM,1255,12,77th Street,1213,1,231,ASSAULT WITH DEADLY WEAPON ON POLICE OFFICER,1212 1402,0,M,H,101,STREET,102,HAND GUN,IC,Invest Cont,231,998,,,54TH                         ST,GRAMERCY                     PL,33.9932,-118.3139
240109640,03/27/2024 12:00:00 AM,03/27/2024 12:00:00 AM,2000,01,Central,0139,1,330,BURGLARY FROM VEHICLE,1307 0344,31,M,H,101,STREET,,,IC,Invest Cont,330,,,,200 S  HEWITT                       ST,,34.0472,-118.2362
241209138,03/28/2024 12:00:00 AM,03/28/2024 12:00:00 AM,1130,12,77th Street,1258,2,625,OTHER ASSAULT,0344 0356,33,F,B,121,YARD (RESIDENTIAL/BUSINESS),400,"STRONG-ARM (HANDS, FIST, FEET OR BODILY FORCE)",IC,Invest Cont,625,,,,200 E  75TH                         ST,,33.9722,-118.2713
240907500,04/02/2024 12:00:00 AM,03/31/2024 12:00:00 AM,2210,09,Van Nuys,0941,1,310,BURGLARY,0344 1822,0,X,X,203,OTHER BUSINESS,,,IC,Invest Cont,310,,,,5900 N  SEPULVEDA                    BL,,34.1778,-118.4662
241205495,01/24/2024 12:00:00 AM,01/24/2024 12:00:00 AM,2055,12,77th Street,1252,1,310,BURGLARY,0342 1822 1307,39,F,H,501,SINGLE FAMILY DWELLING,,,IC,Invest Cont,310,,,,2700 W  75TH                         ST,,33.9719,-118.3228
240911050,08/21/2024 12:00:00 AM,08/17/2024 12:00:00 AM,0530,09,Van Nuys,0985,1,331,THEFT FROM MOTOR VEHICLE - GRAND ($950.01 AND OVER),0344 0385 1602,30,M,H,108,PARKING LOT,,,IC,Invest Cont,331,,,,14400    VENTURA                      BL,,34.1505,-118.4458
241807415,03/12/2024 12:00:00 AM,03/10/2024 12:00:00 AM,2000,18,Southeast,1838,2,930,CRIMINAL THREATS - NO WEAPON DISPLAYED,0913 1814 0443 2000,47,F,B,501,SINGLE FAMILY DWELLING,511,VERBAL THREAT,AO,Adult Other,930,,,,2100    SANTA ANA                    BL,,33.9364,-118.2349
241608165,05/11/2024 12:00:00 AM,05/11/2024 12:00:00 AM,1245,16,Foothill,1695,1,330,BURGLARY FROM VEHICLE,0349 0344,0,X,X,101,STREET,,,IC,Invest Cont,330,,,,10700    KESWICK                      ST,,34.2103,-118.3635
240408560,07/01/2024 12:00:00 AM,07/01/2024 12:00:00 AM,1545,04,Hollenbeck,0471,1,510,VEHICLE - STOLEN,,0,,,101,STREET,,,IC,Invest Cont,510,,,,600 S  ANDERSON                     ST,,34.0391,-118.2241
241705716,02/08/2024 12:00:00 AM,02/08/2024 12:00:00 AM,1720,17,Devonshire,1764,1,330,BURGLARY FROM VEHICLE,0344 1609 0329,43,M,W,404,DEPARTMENT STORE,,,IC,Invest Cont,330,,,,9300    TAMPA                        AV,,34.244,-118.5583
241713070,09/25/2024 12:00:00 AM,09/25/2024 12:00:00 AM,0140,17,Devonshire,1794,1,510,VEHICLE - STOLEN,,0,,,101,STREET,,,IC,Invest Cont,510,,,,18600    MALDEN                       ST,,34.2255,-118.5383
240605825,02/06/2024 12:00:00 AM,02/06/2024 12:00:00 AM,1000,06,Hollywood,0621,1,440,THEFT PLAIN - PETTY ($950 & UNDER),1822 0344,64,F,W,402,MARKET,,,IC,Invest Cont,440,,,,8800    OAKWILDE                     LN,,34.1155,-118.3876
241507992,03/22/2024 12:00:00 AM,03/20/2024 12:00:00 AM,1108,15,N Hollywood,1506,2,354,THEFT OF IDENTITY,0930 0928,35,M,H,501,SINGLE FAMILY DWELLING,,,IC,Invest Cont,354,,,,11000    SATICOY                      ST,,34.2084,-118.3703
240411841,12/02/2024 12:00:00 AM,11/28/2024 12:00:00 AM,1700,04,Hollenbeck,0467,1,420,THEFT FROM MOTOR VEHICLE - PETTY ($950 & UNDER),,0,,,101,STREET,,,IC,Invest Cont,420,,,,2800 E  4TH                          ST,,34.0382,-118.2064
240907159,03/23/2024 12:00:00 AM,03/22/2024 12:00:00 AM,2130,09,Van Nuys,0926,1,510,VEHICLE - STOLEN,,0,,,101,STREET,,,IC,Invest Cont,510,,,,14400    KITTRIDGE                    ST,,34.1907,-118.4465
240712801,11/23/2024 12:00:00 AM,11/22/2024 12:00:00 AM,2030,07,Wilshire,0701,1,210,ROBBERY,1300 0334 0344 0400 0302 0432,16,M,H,101,STREET,102,HAND GUN,AA,Adult Arrest,210,,,,FAIRFAX,ROSEWOOD,34.0802,-118.3615
240910777,08/07/2024 12:00:00 AM,07/30/2024 12:00:00 AM,1234,09,Van Nuys,0929,1,440,THEFT PLAIN - PETTY ($950 & UNDER),0344 0394,37,F,W,501,SINGLE FAMILY DWELLING,,,IC,Invest Cont,440,,,,13100    VICTORY                      BL,,34.1887,-118.4247
241008157,04/25/2024 12:00:00 AM,04/20/2024 12:00:00 AM,1215,10,West Valley,1017,1,331,THEFT FROM MOTOR VEHICLE - GRAND ($950.01 AND OVER),0385 1822 0344 1300,38,F,O,501,SINGLE FAMILY DWELLING,,,IC,Invest Cont,331,,,,7300    PASO ROBLES                  AV,,34.203,-118.5024
240504205,01/05/2024 12:00:00 AM,01/03/2024 12:00:00 AM,1830,05,Harbor,0587,1,420,THEFT FROM MOTOR VEHICLE - PETTY ($950 & UNDER),0344 0385 1300,54,F,H,101,STREET,,,IC,Invest Cont,420,,,,700 W  37TH                         ST,,33.7106,-118.2917
240410236,09/20/2024 12:00:00 AM,09/20/2024 12:00:00 AM,0200,04,Hollenbeck,0487,1,330,BURGLARY FROM VEHICLE,0344 1300 1302,54,M,H,101,STREET,,,IC,Invest Cont,330,,,,1100 S  EVERGREEN                    AV,,34.0268,-118.211
241508434,03/31/2024 12:00:00 AM,03/26/2024 12:00:00 AM,1500,15,N Hollywood,1548,1,121,"RAPE, FORCIBLE",0910 0522 1309 0400 0402 0500 0527 0913,19,F,O,913,MTA - RED LINE - NORTH HOLLYWOOD,400,"STRONG-ARM (HANDS, FIST, FEET OR BODILY FORCE)",IC,Invest Cont,121,910,,,5300    LANKERSHIM                   BL,,34.167,-118.3759
241505499,01/31/2024 12:00:00 AM,01/27/2024 12:00:00 AM,1400,15,N Hollywood,1529,1,440,THEFT PLAIN - PETTY ($950 & UNDER),1822 0344,19,F,H,501,SINGLE FAMILY DWELLING,,,IC,Invest Cont,440,,,,6000    CLEON                        AV,,34.1794,-118.3681
241009432,06/14/2024 12:00:00 AM,06/10/2024 12:00:00 AM,1557,10,West Valley,1008,2,740,"VANDALISM - FELONY ($400 & OVER, ALL CHURCH VANDALISMS)",0329 1822 1300,35,F,W,122,"VEHICLE, PASSENGER/TRUCK",,,IC,Invest Cont,740,,,,6600    HAYVENHURST                  AV,,34.1903,-118.4924
241415514,11/25/2024 12:00:00 AM,11/23/2024 12:00:00 AM,1500,14,Pacific,1428,1,310,BURGLARY,0344,0,X,X,720,JUNIOR HIGH SCHOOL,,,IC,Invest Cont,310,,,,10800    WOODBINE                     ST,,34.0248,-118.415
240405522,02/16/2024 12:00:00 AM,02/16/2024 12:00:00 AM,0001,04,Hollenbeck,0457,1,310,BURGLARY,0329 1609,41,F,W,707,GARAGE/CARPORT,,,IC,Invest Cont,310,,,,2400    MALABAR                      ST,,34.0504,-118.2055
241607588,04/24/2024 12:00:00 AM,04/24/2024 12:00:00 AM,1850,16,Foothill,1684,2,626,INTIMATE PARTNER - SIMPLE ASSAULT,0913 0416 2000 0400 0444 1814,29,F,H,501,SINGLE FAMILY DWELLING,400,"STRONG-ARM (HANDS, FIST, FEET OR BODILY FORCE)",AO,Adult Other,626,,,,7700    LAUREL CANYON                BL,,34.2103,-118.3965
241910195,07/17/2024 12:00:00 AM,07/17/2024 12:00:00 AM,0900,19,Mission,1943,1,510,VEHICLE - STOLEN,,0,,,101,STREET,,,IC,Invest Cont,510,,,,14700    BRAND                        BL,,34.2722,-118.4528
240907658,04/05/2024 12:00:00 AM,02/01/2024 12:00:00 AM,0315,09,Van Nuys,0979,2,354,THEFT OF IDENTITY,0928 1822,34,M,B,501,SINGLE FAMILY DWELLING,,,IC,Invest Cont,354,,,,13200    LANDALE                      ST,,34.1522,-118.4214
241609394,07/19/2024 12:00:00 AM,07/11/2024 12:00:00 AM,0605,16,Foothill,1681,1,331,THEFT FROM MOTOR VEHICLE - GRAND ($950.01 AND OVER),0344 1202,73,F,P,301,GAS STATION,,,IC,Invest Cont,331,,,,12400    ROSCOE                       BL,,34.2217,-118.4031
241606481,03/19/2024 12:00:00 AM,03/19/2024 12:00:00 AM,0830,16,Foothill,1663,1,440,THEFT PLAIN - PETTY ($950 & UNDER),0344 1810 0913 0305 0448,38,F,H,101,STREET,,,AO,Adult Other,440,,,,SHELDON                      ST,LAUREL CANYON                BL,34.232,-118.4037
240215937,10/12/2024 12:00:00 AM,10/12/2024 12:00:00 AM,1417,02,Rampart,0285,1,442,SHOPLIFTING - PETTY THEFT ($950 & UNDER),1822 0104 0325,0,X,X,412,"ELECTRONICS STORE (IE:RADIO SHACK, ETC.)",,,IC,Invest Cont,442,,,,1600 W  PICO                         BL,,34.0472,-118.2782
241009259,06/05/2024 12:00:00 AM,06/04/2024 12:00:00 AM,1920,10,West Valley,1067,1,442,SHOPLIFTING - PETTY THEFT ($950 & UNDER),1822 0325,0,M,W,404,DEPARTMENT STORE,,,AA,Adult Arrest,442,,,,17400    VENTURA                      BL,,34.166,-118.5095
242113787,12/16/2024 12:00:00 AM,12/11/2024 12:00:00 AM,1100,21,Topanga,2157,1,440,THEFT PLAIN - PETTY ($950 & UNDER),0394,25,M,H,502,"MULTI-UNIT DWELLING (APARTMENT, DUPLEX, ETC)",,,IC,Invest Cont,440,,,,21200    KITTRIDGE                    ST,,34.1913,-118.5942
241412603,08/28/2024 12:00:00 AM,08/07/2024 12:00:00 AM,1900,14,Pacific,1453,1,522,"VEHICLE, STOLEN - OTHER (MOTORIZED SCOOTERS, BIKES, ETC)",,0,,,101,STREET,,,IC,Invest Cont,522,,,,4100    GLENCOE                      AV,,33.9904,-118.4433
241307373,03/12/2024 12:00:00 AM,03/12/2024 12:00:00 AM,1245,13,Newton,1321,2,901,VIOLATION OF RESTRAINING ORDER,0913 2038,50,F,H,101,STREET,,,IC,Invest Cont,901,,,,GRAND                        AV,ADAMS                        BL,34.0265,-118.2723
240506351,03/02/2024 12:00:00 AM,03/02/2024 12:00:00 AM,1010,05,Harbor,0503,2,354,THEFT OF IDENTITY,0922 0929 0930,41,F,O,502,"MULTI-UNIT DWELLING (APARTMENT, DUPLEX, ETC)",,,IC,Invest Cont,354,,,,25400    PINE CREEK                   LN,,33.7911,-118.2849
240313647,08/29/2024 12:00:00 AM,08/29/2024 12:00:00 AM,0200,03,Southwest,0376,1,510,VEHICLE - STOLEN,,0,,,121,YARD (RESIDENTIAL/BUSINESS),,,IC,Invest Cont,510,,,,1300    EXPOSITION                   BL,,34.0182,-118.3001
241509861,05/01/2024 12:00:00 AM,04/30/2024 12:00:00 AM,1345,15,N Hollywood,1525,2,624,BATTERY - SIMPLE ASSAULT,0913 0416 0400 1258,5,F,H,102,SIDEWALK,400,"STRONG-ARM (HANDS, FIST, FEET OR BODILY FORCE)",AO,Adult Other,624,,,,6300    RADFORD                      AV,,34.1849,-118.3922
240905852,02/21/2024 12:00:00 AM,02/20/2024 12:00:00 AM,0830,09,Van Nuys,0933,1,420,THEFT FROM MOTOR VEHICLE - PETTY ($950 & UNDER),,0,,,707,GARAGE/CARPORT,,,IC,Invest Cont,420,,,,14600    FRIAR                        ST,,34.1857,-118.4509
240312502,07/23/2024 12:00:00 AM,07/22/2024 12:00:00 AM,2135,03,Southwest,0318,1,510,VEHICLE - STOLEN,,0,,,101,STREET,,,IC,Invest Cont,510,,,,1300 W  24TH                         ST,,34.0344,-118.289
240610325,07/02/2024 12:00:00 AM,07/02/2024 12:00:00 AM,0900,06,Hollywood,0645,2,956,"LETTERS, LEWD  -  TELEPHONE CALLS, LEWD",1822 1906 1501,23,F,H,710,OTHER PREMISE,,,IC,Invest Cont,956,,,,1300 N  LA BREA                      AV,,34.0944,-118.3441
240508679,05/03/2024 12:00:00 AM,05/01/2024 12:00:00 AM,0800,05,Harbor,0557,2,956,"LETTERS, LEWD  -  TELEPHONE CALLS, LEWD",,40,F,B,710,OTHER PREMISE,,,IC,Invest Cont,956,,,,300 S  PACIFIC                      AV,,33.7412,-118.2924
241216819,11/05/2024 12:00:00 AM,10/07/2024 12:00:00 AM,1100,12,77th Street,1232,1,510,VEHICLE - STOLEN,,0,,,101,STREET,,,IC,Invest Cont,510,,,,SLAUSON                      AV,CRENSHAW                     BL,33.989,-118.3309
240905815,02/20/2024 12:00:00 AM,02/15/2024 12:00:00 AM,2053,09,Van Nuys,0984,1,341,"THEFT-GRAND ($950.01 & OVER)EXCPT,GUNS,FOWL,LIVESTK,PROD",0344,20,M,W,210,RESTAURANT/FAST FOOD,,,AA,Adult Arrest,341,,,,14500    VENTURA                      BL,,34.1509,-118.4487
240710357,07/27/2024 12:00:00 AM,07/26/2024 12:00:00 AM,2030,07,Wilshire,0783,2,740,"VANDALISM - FELONY ($400 & OVER, ALL CHURCH VANDALISMS)",0329 1300,28,M,H,101,STREET,,,IC,Invest Cont,740,,,,S  RIDGELEY                     DR,APPLE                        ST,34.0342,-118.3609
241808910,04/16/2024 12:00:00 AM,04/16/2024 12:00:00 AM,2010,18,Southeast,1832,1,761,BRANDISH WEAPON,2055 0913 0603 0361 0302 0432 0921 2036 2021 1258,10,F,B,501,SINGLE FAMILY DWELLING,109,SEMI-AUTOMATIC PISTOL,IC,Invest Cont,761,,,,10500 S  BROADWAY,,33.941,-118.2781
242005452,02/02/2024 12:00:00 AM,02/02/2024 12:00:00 AM,2130,20,Olympic,2097,1,761,BRANDISH WEAPON,0334 2004 1822,33,M,H,102,SIDEWALK,216,SCISSORS,IC,Invest Cont,761,,,,1600 W  WASHINGTON                   BL,,34.04,-118.2916
240612668,10/17/2024 12:00:00 AM,09/16/2024 12:00:00 AM,1900,06,Hollywood,0626,1,510,VEHICLE - STOLEN,,0,,,101,STREET,,,IC,Invest Cont,510,,,,6400    IVARENE                      AV,,34.1109,-118.328
241312321,08/18/2024 12:00:00 AM,08/18/2024 12:00:00 AM,0030,13,Newton,1317,1,330,BURGLARY FROM VEHICLE,0344 0358 1307 1822,31,M,W,101,STREET,500,UNKNOWN WEAPON/OTHER WEAPON,IC,Invest Cont,330,,,,1700 E  WASHINGTON                   BL,,34.0206,-118.2428
240606427,02/22/2024 12:00:00 AM,02/21/2024 12:00:00 AM,2000,06,Hollywood,0646,1,510,VEHICLE - STOLEN,,0,,,101,STREET,,,IC,Invest Cont,510,,,,IVAR                         AV,HOLLYWOOD                    BL,34.1016,-118.3281
240708399,04/24/2024 12:00:00 AM,04/22/2024 12:00:00 AM,1248,07,Wilshire,0724,1,442,SHOPLIFTING - PETTY THEFT ($950 & UNDER),0344 1822 0325 0104,0,X,X,415,THE GROVE,,,IC,Invest Cont,442,,,,100    THE GROVE                    DR,,34.0736,-118.3563
241209573,04/06/2024 12:00:00 AM,04/06/2024 12:00:00 AM,0240,12,77th Street,1258,1,236,INTIMATE PARTNER - AGGRAVATED ASSAULT,2000 2033 1206 1814 2002 0913 0446 0416,32,F,H,502,"MULTI-UNIT DWELLING (APARTMENT, DUPLEX, ETC)",400,"STRONG-ARM (HANDS, FIST, FEET OR BODILY FORCE)",AO,Adult Other,236,,,,200 W  78TH                         ST,,33.9689,-118.2766
240405404,02/13/2024 12:00:00 AM,02/12/2024 12:00:00 AM,1430,04,Hollenbeck,0477,1,510,VEHICLE - STOLEN,,0,,,101,STREET,,,IC,Invest Cont,510,,,,2800 E  7TH                          ST,,34.0298,-118.2114
240309572,04/18/2024 12:00:00 AM,04/17/2024 12:00:00 AM,1900,03,Southwest,0334,2,745,VANDALISM - MISDEAMEANOR ($399 OR UNDER),1202 0329 1300 0913 0603,68,F,B,104,DRIVEWAY,,,IC,Invest Cont,745,,,,3100 W  36TH                         ST,,34.0229,-118.3294
241713201,09/28/2024 12:00:00 AM,06/25/2024 12:00:00 AM,1200,17,Devonshire,1787,2,956,"LETTERS, LEWD  -  TELEPHONE CALLS, LEWD",1906 1822,27,F,H,502,"MULTI-UNIT DWELLING (APARTMENT, DUPLEX, ETC)",,,IC,Invest Cont,956,,,,9500    ZELZAH                       AV,,34.2432,-118.5232
240205475,01/28/2024 12:00:00 AM,01/26/2024 12:00:00 AM,1900,02,Rampart,0236,1,420,THEFT FROM MOTOR VEHICLE - PETTY ($950 & UNDER),,0,,,101,STREET,,,IC,Invest Cont,420,,,,200 N  BURLINGTON                   AV,,34.0665,-118.2662
241407755,03/23/2024 12:00:00 AM,03/23/2024 12:00:00 AM,2255,14,Pacific,1452,1,310,BURGLARY,0344 0321,0,X,X,710,OTHER PREMISE,,,IC,Invest Cont,310,,,,100    ANCHORAGE                    ST,,33.9792,-118.4652
240207166,03/02/2024 12:00:00 AM,03/02/2024 12:00:00 AM,1210,02,Rampart,0249,2,624,BATTERY - SIMPLE ASSAULT,0416 0446 1822 1309,32,M,H,101,STREET,400,"STRONG-ARM (HANDS, FIST, FEET OR BODILY FORCE)",IC,Invest Cont,624,,,,3RD                          ST,BEAUDRY,34.0566,-118.2567
241700766,04/02/2024 12:00:00 AM,03/29/2024 12:00:00 AM,1700,17,Devonshire,1785,2,354,THEFT OF IDENTITY,1822 1402,0,X,X,602,BANK,,,IC,Invest Cont,354,998,,,9000    RESEDA                       BL,,34.234,-118.5361
241610549,09/26/2024 12:00:00 AM,09/26/2024 12:00:00 AM,1025,16,Foothill,1685,1,510,VEHICLE - STOLEN,,0,,,101,STREET,,,IC,Invest Cont,510,,,,11500    TUXFORD                      ST,,34.2227,-118.3877
240504358,01/10/2024 12:00:00 AM,01/09/2024 12:00:00 AM,1830,05,Harbor,0585,1,510,VEHICLE - STOLEN,,0,,,101,STREET,,,IC,Invest Cont,510,,,,1100 W  24TH                         ST,,33.7225,-118.3013
240912994,11/13/2024 12:00:00 AM,06/13/2024 12:00:00 AM,1200,09,Van Nuys,0935,1,510,VEHICLE - STOLEN,,0,,,108,PARKING LOT,,,IC,Invest Cont,510,,,,6100    VAN NUYS                     BL,,34.1837,-118.4443
242007402,03/18/2024 12:00:00 AM,03/18/2024 12:00:00 AM,2020,20,Olympic,2053,2,745,VANDALISM - MISDEAMEANOR ($399 OR UNDER),0329 1822,33,M,H,502,"MULTI-UNIT DWELLING (APARTMENT, DUPLEX, ETC)",,,IC,Invest Cont,745,,,,1000 S  HOBART                       BL,,34.0526,-118.3052
240500574,02/28/2024 12:00:00 AM,02/28/2024 12:00:00 AM,1915,05,Harbor,0551,2,624,BATTERY - SIMPLE ASSAULT,2024 1822 0917 0416,19,F,H,109,PARK/PLAYGROUND,400,"STRONG-ARM (HANDS, FIST, FEET OR BODILY FORCE)",JO,Juv Other,624,,,,500 N  WESTERN                      AV,,33.7478,-118.3094
241505018,01/20/2024 12:00:00 AM,01/20/2024 12:00:00 AM,1530,15,N Hollywood,1549,2,888,TRESPASSING,0910 1402 2004 1501 2052,0,X,X,913,MTA - RED LINE - NORTH HOLLYWOOD,,,IC,Invest Cont,888,998,,,5300    LANKERSHIM                   BL,,34.172,-118.3789
240206869,02/26/2024 12:00:00 AM,02/26/2024 12:00:00 AM,1000,02,Rampart,0221,2,901,VIOLATION OF RESTRAINING ORDER,1817 2038 0913,37,F,H,502,"MULTI-UNIT DWELLING (APARTMENT, DUPLEX, ETC)",,,AA,Adult Arrest,901,,,,300 N  NEW HAMPSHIRE                AV,,34.0763,-118.2932
241315337,12/06/2024 12:00:00 AM,12/04/2024 12:00:00 AM,0935,13,Newton,1323,2,956,"LETTERS, LEWD  -  TELEPHONE CALLS, LEWD",1906,33,F,H,501,SINGLE FAMILY DWELLING,,,IC,Invest Cont,956,,,,1000 E  25TH                         ST,,34.0202,-118.2557
241311818,07/30/2024 12:00:00 AM,07/27/2024 12:00:00 AM,2315,13,Newton,1309,1,330,BURGLARY FROM VEHICLE,0344 1307,26,M,B,116,OTHER/OUTSIDE,,,IC,Invest Cont,330,,,,1100    MATEO                        ST,,34.0306,-118.2322
241215035,09/06/2024 12:00:00 AM,09/02/2024 12:00:00 AM,1100,12,77th Street,1211,1,440,THEFT PLAIN - PETTY ($950 & UNDER),0344 1822 1202,74,M,B,514,GROUP HOME,,,IC,Invest Cont,440,,,,5300    ARLINGTON                    AV,,33.995,-118.3182
241309110,05/06/2024 12:00:00 AM,05/06/2024 12:00:00 AM,1555,13,Newton,1313,1,341,"THEFT-GRAND ($950.01 & OVER)EXCPT,GUNS,FOWL,LIVESTK,PROD",0344 1822,36,F,H,723,PRIVATE SCHOOL/PRESCHOOL,,,IC,Invest Cont,341,,,,1500    ESSEX                        ST,,34.0281,-118.2487
240706421,02/27/2024 12:00:00 AM,02/27/2024 12:00:00 AM,1410,07,Wilshire,0736,1,210,ROBBERY,1309 0213 0302 0355,39,M,W,101,STREET,102,HAND GUN,IC,Invest Cont,210,,,,3RD,COCHRAN,34.0692,-118.3472
240608696,04/23/2024 12:00:00 AM,04/06/2024 12:00:00 AM,2155,06,Hollywood,0666,1,330,BURGLARY FROM VEHICLE,1501,32,M,B,123,PARKING UNDERGROUND/BUILDING,,,IC,Invest Cont,330,,,,6200 W  SUNSET                       BL,,34.098,-118.3237
241005678,02/16/2024 12:00:00 AM,02/16/2024 12:00:00 AM,1815,10,West Valley,1008,2,745,VANDALISM - MISDEAMEANOR ($399 OR UNDER),1822 0329 1414,38,M,W,102,SIDEWALK,,,IC,Invest Cont,745,,,,7000    HAYVENHURST                  AV,,34.1975,-118.4924
240507128,03/23/2024 12:00:00 AM,03/07/2024 12:00:00 AM,1758,05,Harbor,0563,1,440,THEFT PLAIN - PETTY ($950 & UNDER),0394,41,F,B,145,MAIL BOX,,,IC,Invest Cont,440,,,,800 W  18TH                         ST,,33.7279,-118.2946
241216204,10/12/2024 12:00:00 AM,08/12/2024 12:00:00 AM,0315,12,77th Street,1204,2,740,"VANDALISM - FELONY ($400 & OVER, ALL CHURCH VANDALISMS)",0329,35,F,H,101,STREET,,,IC,Invest Cont,740,,,,1500 W  46TH                         ST,,34.0019,-118.3036
240119535,09/28/2024 12:00:00 AM,09/28/2024 12:00:00 AM,1430,01,Central,0161,1,442,SHOPLIFTING - PETTY THEFT ($950 & UNDER),2004 0325,0,M,O,405,CLOTHING STORE,,,IC,Invest Cont,442,,,,700 S  FIGUEROA                     ST,,34.0483,-118.2631
241311473,07/23/2024 12:00:00 AM,07/22/2024 12:00:00 AM,2000,13,Newton,1323,1,510,VEHICLE - STOLEN,,0,,,101,STREET,,,IC,Invest Cont,510,,,,SAN PEDRO                    ST,25TH                         ST,34.0229,-118.2607
240314767,09/27/2024 12:00:00 AM,09/27/2024 12:00:00 AM,0648,03,Southwest,0311,2,956,"LETTERS, LEWD  -  TELEPHONE CALLS, LEWD",1906 1822,48,M,W,501,SINGLE FAMILY DWELLING,,,IC,Invest Cont,956,,,,2600 S  DUNSMUIR                     AV,,34.0325,-118.3595
241000565,02/17/2024 12:00:00 AM,02/17/2024 12:00:00 AM,1930,10,West Valley,1039,1,210,ROBBERY,1281 0376 0448 0213 0334 0302 0337 0418 1822 0216,64,M,B,501,SINGLE FAMILY DWELLING,102,HAND GUN,IC,Invest Cont,210,998,,,6400    WHITMAN                      AV,,34.1866,-118.4765
240116585,08/12/2024 12:00:00 AM,08/12/2024 12:00:00 AM,0130,01,Central,0174,1,510,VEHICLE - STOLEN,,0,,,101,STREET,,,IC,Invest Cont,510,,,,800 S  MAIN                         ST,,34.0428,-118.2532
241412882,09/06/2024 12:00:00 AM,01/21/2024 12:00:00 AM,1400,14,Pacific,1483,2,354,THEFT OF IDENTITY,1501,50,F,B,502,"MULTI-UNIT DWELLING (APARTMENT, DUPLEX, ETC)",,,IC,Invest Cont,354,,,,7600 W  MANCHESTER                   AV,,33.9597,-118.4307
240707732,03/30/2024 12:00:00 AM,03/30/2024 12:00:00 AM,1810,07,Wilshire,0724,1,442,SHOPLIFTING - PETTY THEFT ($950 & UNDER),0325,0,X,X,415,THE GROVE,,,AA,Adult Arrest,442,,,,100    THE GROVE                    DR,,34.0736,-118.3563
241006407,03/07/2024 12:00:00 AM,03/07/2024 12:00:00 AM,0550,10,West Valley,1018,1,310,BURGLARY,0321 1822 0344 1609 0216 0202 0206 0209,0,M,O,203,OTHER BUSINESS,,,IC,Invest Cont,310,,,,15700    STRATHERN                    ST,,34.2157,-118.4749
242004954,01/20/2024 12:00:00 AM,01/20/2024 12:00:00 AM,2340,20,Olympic,2049,2,626,INTIMATE PARTNER - SIMPLE ASSAULT,0913 0444 1814 0340 0448 0429 2000 0416 0400 0419,18,F,H,502,"MULTI-UNIT DWELLING (APARTMENT, DUPLEX, ETC)",400,"STRONG-ARM (HANDS, FIST, FEET OR BODILY FORCE)",AO,Adult Other,626,,,,2700    SAN MARINO                   ST,,34.0564,-118.2879
240608561,04/17/2024 12:00:00 AM,04/13/2024 12:00:00 AM,1031,06,Hollywood,0645,1,442,SHOPLIFTING - PETTY THEFT ($950 & UNDER),1501,42,X,X,404,DEPARTMENT STORE,,,AA,Adult Arrest,442,,,,7000    HOLLYWOOD                    BL,,34.1015,-118.3417
240111565,05/18/2024 12:00:00 AM,05/18/2024 12:00:00 AM,1740,01,Central,0159,1,510,VEHICLE - STOLEN,,0,,,101,STREET,,,IC,Invest Cont,510,,,,MATEO,SANTA FE,34.0419,-118.2328
240314725,09/26/2024 12:00:00 AM,09/25/2024 12:00:00 AM,0030,03,Southwest,0337,1,420,THEFT FROM MOTOR VEHICLE - PETTY ($950 & UNDER),1606 1300 1822 0344,27,M,W,101,STREET,,,IC,Invest Cont,420,,,,2900 S  HARVARD                      BL,,34.0291,-118.3067
240110194,04/12/2024 12:00:00 AM,04/11/2024 12:00:00 AM,2319,01,Central,0164,1,330,BURGLARY FROM VEHICLE,1609 0344 1307 0329,21,F,B,101,STREET,,,IC,Invest Cont,330,,,,600 S  LOS ANGELES                  ST,,34.0446,-118.2507
240908569,04/29/2024 12:00:00 AM,04/29/2024 12:00:00 AM,0710,09,Van Nuys,0935,2,624,BATTERY - SIMPLE ASSAULT,0416 0603,60,M,W,501,SINGLE FAMILY DWELLING,400,"STRONG-ARM (HANDS, FIST, FEET OR BODILY FORCE)",AO,Adult Other,624,,,,14100    FRIAR                        ST,,34.1857,-118.44
241207753,03/04/2024 12:00:00 AM,02/28/2024 12:00:00 AM,1600,12,77th Street,1273,1,310,BURGLARY,0344,52,M,H,203,OTHER BUSINESS,,,IC,Invest Cont,310,,,,9100 S  WESTERN                      AV,,33.9545,-118.309
240405322,02/11/2024 12:00:00 AM,02/08/2024 12:00:00 AM,1815,04,Hollenbeck,0459,2,745,VANDALISM - MISDEAMEANOR ($399 OR UNDER),0329 0311,0,X,X,710,OTHER PREMISE,,,IC,Invest Cont,745,,,,500 N  INDIANA                      ST,,34.0434,-118.1925
240209782,05/14/2024 12:00:00 AM,05/13/2024 12:00:00 AM,1445,02,Rampart,0246,2,888,TRESPASSING,0910 1822 2004,0,X,X,904,MTA - RED LINE - WESTLAKE/MACARTHUR PARK,,,IC,Invest Cont,888,,,,600 S  ALVARADO                     ST,,34.0595,-118.2749
240315361,10/15/2024 12:00:00 AM,10/07/2024 12:00:00 AM,1955,03,Southwest,0327,1,480,BIKE - STOLEN,1822 0344,21,F,W,501,SINGLE FAMILY DWELLING,,,IC,Invest Cont,480,,,,2600    MAGNOLIA                     AV,,34.0328,-118.2865
242005092,01/26/2024 12:00:00 AM,01/26/2024 12:00:00 AM,1745,20,Olympic,2093,1,230,"ASSAULT WITH DEADLY WEAPON, AGGRAVATED ASSAULT",0400 0431 0449 0913 1202 1820 1402 0334 0361 0603,61,M,W,502,"MULTI-UNIT DWELLING (APARTMENT, DUPLEX, ETC)",217,SWORD,IC,Invest Cont,230,998,,,1900 S  OXFORD                       AV,,34.0399,-118.3079
241204642,01/10/2024 12:00:00 AM,01/10/2024 12:00:00 AM,1800,12,77th Street,1256,2,626,INTIMATE PARTNER - SIMPLE ASSAULT,0913 0319 0400 0444 0429 1814 2000,19,F,H,501,SINGLE FAMILY DWELLING,400,"STRONG-ARM (HANDS, FIST, FEET OR BODILY FORCE)",AO,Adult Other,626,,,,900 W  75TH                         ST,,33.9717,-118.2898
240410970,10/22/2024 12:00:00 AM,10/17/2024 12:00:00 AM,2000,04,Hollenbeck,0477,1,510,VEHICLE - STOLEN,,0,,,101,STREET,,,IC,Invest Cont,510,,,,6TH                          ST,SOTO                         ST,34.0372,-118.2132
240808144,05/02/2024 12:00:00 AM,05/02/2024 12:00:00 AM,0700,08,West LA,0899,1,510,VEHICLE - STOLEN,,0,,,101,STREET,,,IC,Invest Cont,510,,,,CATTARAUGUS,REGENT,34.0337,-118.3853
240905554,02/12/2024 12:00:00 AM,02/12/2024 12:00:00 AM,1805,09,Van Nuys,0998,1,330,BURGLARY FROM VEHICLE,0344 1822 1609,29,F,W,210,RESTAURANT/FAST FOOD,,,IC,Invest Cont,330,,,,12900    VENTURA                      BL,,34.1451,-118.4137
240207101,03/01/2024 12:00:00 AM,03/01/2024 12:00:00 AM,0730,02,Rampart,0237,2,740,"VANDALISM - FELONY ($400 & OVER, ALL CHURCH VANDALISMS)",1822 0913 0329,0,X,X,203,OTHER BUSINESS,,,AA,Adult Arrest,740,,,,1600    BEVERLY                      BL,,34.0634,-118.2631
240807628,04/05/2024 12:00:00 AM,03/07/2024 12:00:00 AM,1330,08,West LA,0807,2,354,THEFT OF IDENTITY,1822 0928,59,M,W,501,SINGLE FAMILY DWELLING,,,IC,Invest Cont,354,,,,2600 N  BEVERLY GLEN                 BL,,34.1172,-118.4461
241514882,10/26/2024 12:00:00 AM,10/25/2024 12:00:00 AM,1945,15,N Hollywood,1563,1,510,VEHICLE - STOLEN,,0,,,101,STREET,,,IC,Invest Cont,510,,,,12000    LANDALE                      ST,,34.1522,-118.3943
241315418,12/09/2024 12:00:00 AM,09/16/2024 12:00:00 AM,2200,13,Newton,1373,2,740,"VANDALISM - FELONY ($400 & OVER, ALL CHURCH VANDALISMS)",0329,31,F,H,122,"VEHICLE, PASSENGER/TRUCK",,,IC,Invest Cont,740,,,,CENTRAL                      AV,54TH                         ST,33.9935,-118.2565
241304446,01/10/2024 12:00:00 AM,01/09/2024 12:00:00 AM,1400,13,Newton,1317,1,330,BURGLARY FROM VEHICLE,1307 1609 0358 0344,43,M,O,101,STREET,,,IC,Invest Cont,330,,,,1600 E  WASHINGTON                   BL,,34.0207,-118.2438
240906592,03/10/2024 12:00:00 AM,03/09/2024 12:00:00 AM,1330,09,Van Nuys,0914,2,626,INTIMATE PARTNER - SIMPLE ASSAULT,0416 1814,33,M,H,502,"MULTI-UNIT DWELLING (APARTMENT, DUPLEX, ETC)",400,"STRONG-ARM (HANDS, FIST, FEET OR BODILY FORCE)",IC,Invest Cont,626,,,,6900    KESTER                       AV,,34.196,-118.4575
240205661,01/31/2024 12:00:00 AM,01/31/2024 12:00:00 AM,0845,02,Rampart,0279,2,626,INTIMATE PARTNER - SIMPLE ASSAULT,2000 0400,28,F,H,501,SINGLE FAMILY DWELLING,400,"STRONG-ARM (HANDS, FIST, FEET OR BODILY FORCE)",AO,Adult Other,626,,,,1000    VALENCIA                     ST,,34.0484,-118.2724
241006225,03/02/2024 12:00:00 AM,02/29/2024 12:00:00 AM,0800,10,West Valley,1091,1,310,BURGLARY,0344 1822 0352 0321 1609 0358,52,F,O,501,SINGLE FAMILY DWELLING,,,IC,Invest Cont,310,,,,4100    ALEMAN                       DR,,34.1442,-118.5643
240712828,11/23/2024 12:00:00 AM,11/23/2024 12:00:00 AM,2220,07,Wilshire,0711,2,740,"VANDALISM - FELONY ($400 & OVER, ALL CHURCH VANDALISMS)",0329 1307,25,F,Z,102,SIDEWALK,,,IC,Invest Cont,740,,,,300 N  FAIRFAX                      AV,,34.0782,-118.3695
240509627,06/06/2024 12:00:00 AM,06/05/2024 12:00:00 AM,1645,05,Harbor,0563,1,331,THEFT FROM MOTOR VEHICLE - GRAND ($950.01 AND OVER),1822 0344 1601,0,X,X,203,OTHER BUSINESS,,,IC,Invest Cont,331,,,,1200 S  GAFFEY                       ST,,33.7331,-118.2924
241008346,04/30/2024 12:00:00 AM,04/29/2024 12:00:00 AM,2000,10,West Valley,1021,1,520,VEHICLE - ATTEMPT STOLEN,1822 1300 1307,49,M,H,101,STREET,,,IC,Invest Cont,520,,,,7100    SHIRLEY                      AV,,34.1993,-118.5579
241707831,04/02/2024 12:00:00 AM,04/02/2024 12:00:00 AM,0700,17,Devonshire,1713,1,761,BRANDISH WEAPON,0334 1300 1310 1822,51,M,H,101,STREET,207,OTHER KNIFE,IC,Invest Cont,761,,,,11500    BAIRD                        AV,,34.2803,-118.5389
241110229,08/26/2024 12:00:00 AM,08/24/2024 12:00:00 AM,2300,11,Northeast,1112,2,740,"VANDALISM - FELONY ($400 & OVER, ALL CHURCH VANDALISMS)",0329,32,F,P,710,OTHER PREMISE,,,IC,Invest Cont,740,,,,4200    VERDUGO                      RD,,34.1271,-118.2321
241714354,11/20/2024 12:00:00 AM,11/17/2024 12:00:00 AM,1200,17,Devonshire,1794,1,510,VEHICLE - STOLEN,,0,,,108,PARKING LOT,,,IC,Invest Cont,510,,,,18100    PARTHENIA                    ST,,34.2287,-118.5273
240606007,02/10/2024 12:00:00 AM,02/10/2024 12:00:00 AM,2150,06,Hollywood,0657,1,210,ROBBERY,0448 0444 1601 0945 0216 0913 2028,0,X,X,203,OTHER BUSINESS,400,"STRONG-ARM (HANDS, FIST, FEET OR BODILY FORCE)",IC,Invest Cont,210,,,,900 N  WESTERN                      AV,,34.0875,-118.3092
240710664,07/06/2024 12:00:00 AM,07/05/2024 12:00:00 AM,1635,07,Wilshire,0752,1,343,SHOPLIFTING-GRAND THEFT ($950.01 & OVER),0325 1822,0,X,X,203,OTHER BUSINESS,,,IC,Invest Cont,343,,,,1000 S  FAIRFAX                      AV,,34.0558,-118.3706
242008492,04/24/2024 12:00:00 AM,04/23/2024 12:00:00 AM,2200,20,Olympic,2034,1,510,VEHICLE - STOLEN,,0,,,101,STREET,,,IC,Invest Cont,510,,,,700 S  NORMANDIE                    AV,,34.0596,-118.3022
241414198,10/16/2024 12:00:00 AM,09/28/2024 12:00:00 AM,0001,14,Pacific,1425,1,330,BURGLARY FROM VEHICLE,0344 1300,46,F,B,108,PARKING LOT,,,IC,Invest Cont,330,,,,3200    SAWTELLE                     BL,,34.0209,-118.4318
241109861,08/09/2024 12:00:00 AM,07/26/2024 12:00:00 AM,2300,11,Northeast,1132,2,740,"VANDALISM - FELONY ($400 & OVER, ALL CHURCH VANDALISMS)",0329,0,X,X,504,OTHER RESIDENCE,,,IC,Invest Cont,740,,,,2700    AUBURN                       ST,,34.1079,-118.2666
240809836,07/27/2024 12:00:00 AM,07/17/2024 12:00:00 AM,0705,08,West LA,0805,1,440,THEFT PLAIN - PETTY ($950 & UNDER),0394 1822 1420 0344,31,M,W,104,DRIVEWAY,,,IC,Invest Cont,440,,,,2300    ROSCOMARE                    RD,,34.1016,-118.4698
240612646,10/15/2024 12:00:00 AM,10/11/2024 12:00:00 AM,0230,06,Hollywood,0636,1,330,BURGLARY FROM VEHICLE,1501 1822 0344 1300,48,F,W,108,PARKING LOT,,,IC,Invest Cont,330,,,,6600    FRANKLIN                     AV,,34.1052,-118.3333
241305231,01/26/2024 12:00:00 AM,01/26/2024 12:00:00 AM,1415,13,Newton,1371,1,230,"ASSAULT WITH DEADLY WEAPON, AGGRAVATED ASSAULT",0411 1822 2033,49,F,B,501,SINGLE FAMILY DWELLING,500,UNKNOWN WEAPON/OTHER WEAPON,IC,Invest Cont,230,,,,100 W  58TH                         ST,,33.9897,-118.2739
241307637,03/21/2024 12:00:00 AM,03/06/2024 12:00:00 AM,0945,13,Newton,1309,2,740,"VANDALISM - FELONY ($400 & OVER, ALL CHURCH VANDALISMS)",0329 1607,49,F,A,710,OTHER PREMISE,,,IC,Invest Cont,740,,,,1800 E  8TH                          ST,,34.0301,-118.2389
242112442,10/09/2024 12:00:00 AM,10/09/2024 12:00:00 AM,1057,21,Topanga,2147,2,354,THEFT OF IDENTITY,0930,58,M,H,502,"MULTI-UNIT DWELLING (APARTMENT, DUPLEX, ETC)",,,IC,Invest Cont,354,,,,7000    LURLINE                      AV,,34.1975,-118.5835
241800651,05/18/2024 12:00:00 AM,05/18/2024 12:00:00 AM,0045,18,Southeast,1806,1,210,ROBBERY,1402 0400 0344 2024 2011 0429 0302 0337 1822,40,F,H,102,SIDEWALK,400,"STRONG-ARM (HANDS, FIST, FEET OR BODILY FORCE)",AA,Adult Arrest,210,998,,,92ND                         ST,CENTRAL,33.953,-118.2564
241707752,04/01/2024 12:00:00 AM,03/01/2024 12:00:00 AM,0800,17,Devonshire,1708,1,420,THEFT FROM MOTOR VEHICLE - PETTY ($950 & UNDER),,0,,,101,STREET,,,IC,Invest Cont,420,,,,12300    MCLENNAN                     AV,,34.2932,-118.501
241812308,08/17/2024 12:00:00 AM,08/17/2024 12:00:00 AM,2205,18,Southeast,1826,1,210,ROBBERY,1822 1300 0330 0916,24,M,H,108,PARKING LOT,400,"STRONG-ARM (HANDS, FIST, FEET OR BODILY FORCE)",IC,Invest Cont,210,,,,1600 E  103RD                        ST,,33.9485,-118.2461
240122802,12/18/2024 12:00:00 AM,12/13/2024 12:00:00 AM,0001,01,Central,0119,1,440,THEFT PLAIN - PETTY ($950 & UNDER),0344,69,F,W,210,RESTAURANT/FAST FOOD,,,IC,Invest Cont,440,,,,500    RAMIREZ                      ST,,34.055,-118.2321
242104655,01/16/2024 12:00:00 AM,01/16/2024 12:00:00 AM,1900,21,Topanga,2141,2,740,"VANDALISM - FELONY ($400 & OVER, ALL CHURCH VANDALISMS)",0329 1402 1602,30,M,X,101,STREET,,,IC,Invest Cont,740,998,,,24100    VICTORY                      BL,,34.1855,-118.6506
241006879,03/21/2024 12:00:00 AM,03/20/2024 12:00:00 AM,2030,10,West Valley,1077,2,740,"VANDALISM - FELONY ($400 & OVER, ALL CHURCH VANDALISMS)",1402 1822 0329,0,M,O,108,PARKING LOT,,,IC,Invest Cont,740,998,,,16900    VENTURA                      BL,,34.1593,-118.5011
240208067,03/22/2024 12:00:00 AM,03/04/2024 12:00:00 AM,1000,02,Rampart,0281,2,354,THEFT OF IDENTITY,1822 0100 0928 0931,36,M,H,501,SINGLE FAMILY DWELLING,,,IC,Invest Cont,354,,,,1100 S  GRAND VIEW                   ST,,34.0512,-118.2829
240406793,04/04/2024 12:00:00 AM,03/04/2024 12:00:00 AM,1340,04,Hollenbeck,0429,2,354,THEFT OF IDENTITY,0100,47,F,H,502,"MULTI-UNIT DWELLING (APARTMENT, DUPLEX, ETC)",,,IC,Invest Cont,354,,,,3800    STOCKBRIDGE                  AV,,34.0896,-118.1634
240711021,08/28/2024 12:00:00 AM,08/25/2024 12:00:00 AM,0100,07,Wilshire,0713,2,354,THEFT OF IDENTITY,0930,33,F,W,502,"MULTI-UNIT DWELLING (APARTMENT, DUPLEX, ETC)",,,IC,Invest Cont,354,,,,300 N  GARDNER                      ST,,34.0782,-118.3573
241405667,01/12/2024 12:00:00 AM,01/07/2024 12:00:00 AM,1932,14,Pacific,1469,1,442,SHOPLIFTING - PETTY THEFT ($950 & UNDER),0325 0344,41,F,H,402,MARKET,,,IC,Invest Cont,442,,,,6800    LA CIENEGA                   BL,,33.9761,-118.3726
240507571,04/03/2024 12:00:00 AM,04/03/2024 12:00:00 AM,2300,05,Harbor,0557,1,230,"ASSAULT WITH DEADLY WEAPON, AGGRAVATED ASSAULT",1218 1817 0446 0417 0342 0913 0447 1816,31,M,W,710,OTHER PREMISE,400,"STRONG-ARM (HANDS, FIST, FEET OR BODILY FORCE)",IC,Invest Cont,230,,,,600 W  5TH                          ST,,33.7397,-118.2902
241405598,01/31/2024 12:00:00 AM,01/31/2024 12:00:00 AM,1730,14,Pacific,1406,1,440,THEFT PLAIN - PETTY ($950 & UNDER),0344,41,F,W,502,"MULTI-UNIT DWELLING (APARTMENT, DUPLEX, ETC)",,,IC,Invest Cont,440,,,,3700    MENTONE                      AV,,34.0221,-118.4068
241411658,07/29/2024 12:00:00 AM,03/11/2024 12:00:00 AM,0551,14,Pacific,1488,1,510,VEHICLE - STOLEN,,0,,,108,PARKING LOT,,,IC,Invest Cont,510,,,,8900    BELLANCA                     AV,,33.9562,-118.3805
240118303,09/10/2024 12:00:00 AM,09/10/2024 12:00:00 AM,1937,01,Central,0142,1,440,THEFT PLAIN - PETTY ($950 & UNDER),0344 1822,40,M,W,502,"MULTI-UNIT DWELLING (APARTMENT, DUPLEX, ETC)",,,IC,Invest Cont,440,,,,400 S  HILL                         ST,,34.0519,-118.2531
241407891,03/25/2024 12:00:00 AM,03/22/2024 12:00:00 AM,0700,14,Pacific,1496,1,330,BURGLARY FROM VEHICLE,0344,35,M,W,707,GARAGE/CARPORT,,,IC,Invest Cont,330,,,,9800    VICKSBURG                    AV,,33.9473,-118.394
240305327,01/26/2024 12:00:00 AM,01/26/2024 12:00:00 AM,0100,03,Southwest,0332,1,510,VEHICLE - STOLEN,,0,,,101,STREET,,,IC,Invest Cont,510,,,,2800    HILLCREST                    DR,,34.0311,-118.3429
240506272,02/29/2024 12:00:00 AM,02/29/2024 12:00:00 AM,1815,05,Harbor,0504,1,442,SHOPLIFTING - PETTY THEFT ($950 & UNDER),0325 0344 1236,0,M,O,406,OTHER STORE,,,AA,Adult Arrest,442,,,,19500    NORMANDIE                    AV,,33.8542,-118.2992
240810820,09/16/2024 12:00:00 AM,09/15/2024 12:00:00 AM,0019,08,West LA,0811,2,354,THEFT OF IDENTITY,0930 1822,19,F,W,501,SINGLE FAMILY DWELLING,,,IC,Invest Cont,354,,,,16700    BOLLINGER                    DR,,34.048,-118.545
241207777,03/05/2024 12:00:00 AM,03/04/2024 12:00:00 AM,1000,12,77th Street,1255,1,420,THEFT FROM MOTOR VEHICLE - PETTY ($950 & UNDER),1300 0344 0385 1822,24,F,H,101,STREET,,,IC,Invest Cont,420,,,,7200 S  HALLDALE                     AV,,33.9746,-118.3024
240111411,05/13/2024 12:00:00 AM,05/13/2024 12:00:00 AM,1910,01,Central,0129,2,740,"VANDALISM - FELONY ($400 & OVER, ALL CHURCH VANDALISMS)",0329 1609 1307,39,F,W,122,"VEHICLE, PASSENGER/TRUCK",,,IC,Invest Cont,740,,,,700 E  TEMPLE                       ST,,34.0502,-118.2336
241112210,11/18/2024 12:00:00 AM,10/25/2024 12:00:00 AM,1525,11,Northeast,1101,1,440,THEFT PLAIN - PETTY ($950 & UNDER),0344,31,F,H,108,PARKING LOT,,,IC,Invest Cont,440,,,,4700    CRYSTAL SPRINGS              DR,,34.1321,-118.2796
240507828,04/10/2024 12:00:00 AM,04/10/2024 12:00:00 AM,0915,05,Harbor,0503,1,310,BURGLARY,1822 0397 0344,34,M,W,707,GARAGE/CARPORT,,,IC,Invest Cont,310,,,,1000    252ND                        ST,,33.7957,-118.2938
241207078,02/22/2024 12:00:00 AM,02/22/2024 12:00:00 AM,1300,12,77th Street,1256,2,624,BATTERY - SIMPLE ASSAULT,0416 0319,51,F,H,203,OTHER BUSINESS,400,"STRONG-ARM (HANDS, FIST, FEET OR BODILY FORCE)",IC,Invest Cont,624,,,,7200 S  FIGUEROA                     ST,,33.9747,-118.2827
241010233,07/30/2024 12:00:00 AM,06/06/2024 12:00:00 AM,1600,10,West Valley,1068,1,330,BURGLARY FROM VEHICLE,1822 0344,50,F,B,101,STREET,,,IC,Invest Cont,330,,,,16600    MAGNOLIA                     BL,,34.1668,-118.4979
241707627,03/29/2024 12:00:00 AM,03/28/2024 12:00:00 AM,1915,17,Devonshire,1764,1,341,"THEFT-GRAND ($950.01 & OVER)EXCPT,GUNS,FOWL,LIVESTK,PROD",2032 0344,25,F,H,405,CLOTHING STORE,,,IC,Invest Cont,341,,,,9300    TAMPA                        AV,,34.244,-118.5583
240411122,10/28/2024 12:00:00 AM,10/27/2024 12:00:00 AM,1500,04,Hollenbeck,0411,1,510,VEHICLE - STOLEN,,0,,,108,PARKING LOT,,,IC,Invest Cont,510,,,,400 N  AVENUE 19,,34.078,-118.225
240109565,03/12/2024 12:00:00 AM,03/12/2024 12:00:00 AM,0600,01,Central,0121,1,410,"BURGLARY FROM VEHICLE, ATTEMPTED",1822 0329,36,F,H,101,STREET,,,IC,Invest Cont,410,,,,DIAMOND                      ST,FIGUEROA                     ST,34.0589,-118.2526
241208003,03/08/2024 12:00:00 AM,03/08/2024 12:00:00 AM,1830,12,77th Street,1233,1,510,VEHICLE - STOLEN,,0,,,108,PARKING LOT,,,IC,Invest Cont,510,,,,1800 W  SLAUSON                      AV,,33.9892,-118.3089
241508786,04/08/2024 12:00:00 AM,04/08/2024 12:00:00 AM,2130,15,N Hollywood,1505,2,624,BATTERY - SIMPLE ASSAULT,1258 0416 0447,10,M,H,501,SINGLE FAMILY DWELLING,400,"STRONG-ARM (HANDS, FIST, FEET OR BODILY FORCE)",IC,Invest Cont,624,,,,7300    LANKERSHIM                   BL,,34.203,-118.3878
240904670,01/20/2024 12:00:00 AM,01/17/2024 12:00:00 AM,1119,09,Van Nuys,0984,1,440,THEFT PLAIN - PETTY ($950 & UNDER),0344 0394,60,M,W,104,DRIVEWAY,,,IC,Invest Cont,440,,,,14600    VALLEY VISTA                 BL,,34.149,-118.4537
241314907,11/19/2024 12:00:00 AM,11/19/2024 12:00:00 AM,0100,13,Newton,1352,1,330,BURGLARY FROM VEHICLE,1307 0344,33,F,H,101,STREET,,,IC,Invest Cont,330,,,,400 E  43RD                         ST,,34.0057,-118.2669
240120547,10/21/2024 12:00:00 AM,10/21/2024 12:00:00 AM,1550,01,Central,0161,1,210,ROBBERY,0334 0443,28,M,A,101,STREET,511,VERBAL THREAT,IC,Invest Cont,210,,,,1000 W  8TH                          ST,,34.0487,-118.2627
242107020,03/18/2024 12:00:00 AM,03/18/2024 12:00:00 AM,2215,21,Topanga,2146,2,886,DISTURBING THE PEACE,0421,23,M,H,502,"MULTI-UNIT DWELLING (APARTMENT, DUPLEX, ETC)",511,VERBAL THREAT,AO,Adult Other,886,,,,6900    OWENSMOUTH                   AV,,34.1956,-118.6015
241609368,07/18/2024 12:00:00 AM,07/17/2024 12:00:00 AM,2200,16,Foothill,1651,1,510,VEHICLE - STOLEN,,0,,,101,STREET,,,IC,Invest Cont,510,,,,9400    LAUREL CANYON                BL,,34.2414,-118.4137
240508711,05/04/2024 12:00:00 AM,05/04/2024 12:00:00 AM,1300,05,Harbor,0516,1,310,BURGLARY,0321 0344,40,F,H,501,SINGLE FAMILY DWELLING,,,AO,Adult Other,310,,,,1300 N  FRIES                        AV,,33.7887,-118.2656
240200925,12/05/2024 12:00:00 AM,12/04/2024 12:00:00 AM,1700,02,Rampart,0246,1,341,"THEFT-GRAND ($950.01 & OVER)EXCPT,GUNS,FOWL,LIVESTK,PROD",0104 0344,0,X,X,203,OTHER BUSINESS,,,AA,Adult Arrest,341,,,,ALVARADO                     ST,6TH                          ST,34.0595,-118.2749
240904510,01/16/2024 12:00:00 AM,01/15/2024 12:00:00 AM,2145,09,Van Nuys,0901,2,626,INTIMATE PARTNER - SIMPLE ASSAULT,2000 0416,33,M,B,502,"MULTI-UNIT DWELLING (APARTMENT, DUPLEX, ETC)",400,"STRONG-ARM (HANDS, FIST, FEET OR BODILY FORCE)",AO,Adult Other,626,,,,7300 N  SEPULVEDA                    BL,,34.2085,-118.4698
241009358,06/11/2024 12:00:00 AM,06/11/2024 12:00:00 AM,1145,10,West Valley,1063,1,341,"THEFT-GRAND ($950.01 & OVER)EXCPT,GUNS,FOWL,LIVESTK,PROD",1822 0344,0,M,O,404,DEPARTMENT STORE,,,IC,Invest Cont,341,,,,18500    VENTURA                      BL,,34.1688,-118.5361
240606924,03/04/2024 12:00:00 AM,02/07/2024 12:00:00 AM,1810,06,Hollywood,0666,2,745,VANDALISM - MISDEAMEANOR ($399 OR UNDER),1300 1307 1814 1501,29,F,O,101,STREET,,,IC,Invest Cont,745,,,,IVAR                         AV,SUNSET                       BL,34.098,-118.3288
242007556,03/21/2024 12:00:00 AM,03/21/2024 12:00:00 AM,1340,20,Olympic,2005,2,624,BATTERY - SIMPLE ASSAULT,0603 0913 0444 0432 0361,31,M,H,102,SIDEWALK,400,"STRONG-ARM (HANDS, FIST, FEET OR BODILY FORCE)",IC,Invest Cont,624,,,,300 N  ARDMORE                      AV,,34.0763,-118.3023
241400692,03/22/2024 12:00:00 AM,03/09/2024 12:00:00 AM,1115,14,Pacific,1456,1,230,"ASSAULT WITH DEADLY WEAPON, AGGRAVATED ASSAULT",0445 0400 0429 0444 2004 1218 1402 0334 1822,37,F,X,149,RIVER BED*,218,OTHER CUTTING INSTRUMENT,AO,Adult Other,230,998,,,11700    CULVER                       BL,,33.9955,-118.421
240504032,01/01/2024 12:00:00 AM,01/01/2024 12:00:00 AM,1020,05,Harbor,0567,2,901,VIOLATION OF RESTRAINING ORDER,0913 2038 2000,72,F,W,101,STREET,,,AA,Adult Arrest,901,,,,300 W  16TH                         ST,,33.7297,-118.2836
241807913,03/23/2024 12:00:00 AM,03/23/2024 12:00:00 AM,0600,18,Southeast,1849,2,624,BATTERY - SIMPLE ASSAULT,0913 1810 1202 2021 0416 1261,67,M,B,510,NURSING/CONVALESCENT/RETIREMENT HOME,400,"STRONG-ARM (HANDS, FIST, FEET OR BODILY FORCE)",IC,Invest Cont,624,,,,2200 E  SANTA ANA                    BL,,33.9359,-118.2345
242008085,04/08/2024 12:00:00 AM,04/05/2024 12:00:00 AM,1400,20,Olympic,2056,1,510,VEHICLE - STOLEN,,0,,,101,STREET,,,IC,Invest Cont,510,,,,NEW HAMPSHIRE                AV,SAN MARINO                   ST,34.0545,-118.2927
241217541,11/28/2024 12:00:00 AM,11/28/2024 12:00:00 AM,1500,12,77th Street,1242,1,510,VEHICLE - STOLEN,,0,,,101,STREET,,,IC,Invest Cont,510,,,,6300    4TH                          AV,,33.983,-118.3215
240612750,10/19/2024 12:00:00 AM,10/16/2024 12:00:00 AM,1200,06,Hollywood,0663,1,440,THEFT PLAIN - PETTY ($950 & UNDER),1501 1822 0344,58,M,W,744,HIGH-RISE BUILDING,,,IC,Invest Cont,440,,,,6600    SANTA MONICA                 BL,,34.0907,-118.3332
240305705,01/28/2024 12:00:00 AM,01/28/2024 12:00:00 AM,1403,03,Southwest,0355,2,901,VIOLATION OF RESTRAINING ORDER,0913 2038 0603 1259,16,F,H,502,"MULTI-UNIT DWELLING (APARTMENT, DUPLEX, ETC)",,,IC,Invest Cont,901,,,,3600    ARLINGTON                    AV,,34.0229,-118.3176
240913056,11/15/2024 12:00:00 AM,11/14/2024 12:00:00 AM,2300,09,Van Nuys,0923,1,510,VEHICLE - STOLEN,,0,,,101,STREET,,,IC,Invest Cont,510,,,,6500    KESTER                       AV,,34.1887,-118.4575
241308808,04/28/2024 12:00:00 AM,04/28/2024 12:00:00 AM,0100,13,Newton,1395,1,510,VEHICLE - STOLEN,,0,,,101,STREET,,,IC,Invest Cont,510,,,,6700    STANFORD                     AV,,33.9792,-118.263
241705934,01/31/2024 12:00:00 AM,01/24/2024 12:00:00 AM,1600,17,Devonshire,1712,2,354,THEFT OF IDENTITY,1822 0930,73,F,W,501,SINGLE FAMILY DWELLING,,,IC,Invest Cont,354,,,,19100    INDEX                        ST,,34.275,-118.5478
241515155,11/08/2024 12:00:00 AM,11/08/2024 12:00:00 AM,1440,15,N Hollywood,1549,1,510,VEHICLE - STOLEN,,0,,,101,STREET,,,IC,Invest Cont,510,,,,5500    KLUMP                        AV,,34.17,-118.3752
241411652,07/26/2024 12:00:00 AM,07/26/2024 12:00:00 AM,2140,14,Pacific,1494,2,624,BATTERY - SIMPLE ASSAULT,1822 0400 0444,29,F,O,212,TRANSPORTATION FACILITY (AIRPORT),500,UNKNOWN WEAPON/OTHER WEAPON,IC,Invest Cont,624,,,,200    WORLD                        WY,,33.9455,-118.4003
240608480,04/13/2024 12:00:00 AM,04/13/2024 12:00:00 AM,0247,06,Hollywood,0643,2,956,"LETTERS, LEWD  -  TELEPHONE CALLS, LEWD",1501,37,F,W,504,OTHER RESIDENCE,,,IC,Invest Cont,956,,,,7200    HOLLYWOOD                    BL,,34.1016,-118.3468
241310490,06/18/2024 12:00:00 AM,06/17/2024 12:00:00 AM,2200,13,Newton,1351,2,740,"VANDALISM - FELONY ($400 & OVER, ALL CHURCH VANDALISMS)",0329 1300 1822,31,F,H,122,"VEHICLE, PASSENGER/TRUCK",,,IC,Invest Cont,740,,,,100 W  43RD                         ST,,34.0056,-118.274
240706315,02/24/2024 12:00:00 AM,02/20/2024 12:00:00 AM,1640,07,Wilshire,0736,1,442,SHOPLIFTING - PETTY THEFT ($950 & UNDER),0344 0325 1822 0104,0,X,X,203,OTHER BUSINESS,,,IC,Invest Cont,442,,,,400 S  LA BREA                      AV,,34.0669,-118.3456
240606025,02/11/2024 12:00:00 AM,02/01/2024 12:00:00 AM,1700,06,Hollywood,0637,2,745,VANDALISM - MISDEAMEANOR ($399 OR UNDER),0319 1822 0329,0,F,X,123,PARKING UNDERGROUND/BUILDING,,,IC,Invest Cont,745,,,,6200    HOLLYWOOD                    BL,,34.103,-118.3225
241607617,04/26/2024 12:00:00 AM,04/26/2024 12:00:00 AM,0250,16,Foothill,1658,2,626,INTIMATE PARTNER - SIMPLE ASSAULT,0913 1814 0416 2000,32,M,W,501,SINGLE FAMILY DWELLING,400,"STRONG-ARM (HANDS, FIST, FEET OR BODILY FORCE)",AO,Adult Other,626,,,,10000    TUJUNGA CANYON               BL,,34.2498,-118.2805
241911971,09/28/2024 12:00:00 AM,09/28/2024 12:00:00 AM,0600,19,Mission,1967,1,420,THEFT FROM MOTOR VEHICLE - PETTY ($950 & UNDER),,0,,,101,STREET,,,IC,Invest Cont,420,,,,9700    BEACHY                       AV,,34.2468,-118.4369
241107748,04/29/2024 12:00:00 AM,04/29/2024 12:00:00 AM,0330,11,Northeast,1102,1,510,VEHICLE - STOLEN,,0,,,101,STREET,,,IC,Invest Cont,510,,,,4000    PERLITA                      AV,,34.1254,-118.2648
240710020,07/06/2024 12:00:00 AM,07/02/2024 12:00:00 AM,1020,07,Wilshire,0752,1,330,BURGLARY FROM VEHICLE,0344 1822 0321 1607,27,F,H,101,STREET,,,IC,Invest Cont,330,,,,5900    PACKARD                      ST,,34.0535,-118.3668
240212980,08/13/2024 12:00:00 AM,08/13/2024 12:00:00 AM,1405,02,Rampart,0221,2,888,TRESPASSING,0910 1822,0,X,X,906,MTA - RED LINE - VERMONT/BEVERLY,,,IC,Invest Cont,888,,,,300 N  VERMONT                      AV,,34.0777,-118.2961
241811189,07/05/2024 12:00:00 AM,07/05/2024 12:00:00 AM,0045,18,Southeast,1821,1,110,CRIMINAL HOMICIDE,0416 1309 1822,56,M,H,101,STREET,307,VEHICLE,AA,Adult Arrest,110,,,,97TH                         ST,VERMONT                      AV,33.9478,-118.2916
241510437,05/13/2024 12:00:00 AM,05/12/2024 12:00:00 AM,1330,15,N Hollywood,1557,1,331,THEFT FROM MOTOR VEHICLE - GRAND ($950.01 AND OVER),0344 1300 0358 1822,23,F,W,101,STREET,,,IC,Invest Cont,331,,,,5000    DENNY                        AV,,34.1613,-118.3648
241806263,02/18/2024 12:00:00 AM,02/17/2024 12:00:00 AM,0900,18,Southeast,1822,2,745,VANDALISM - MISDEAMEANOR ($399 OR UNDER),1822 0329 1407 1100,63,M,B,501,SINGLE FAMILY DWELLING,,,IC,Invest Cont,745,998,,,10000 S  MAIN                         ST,,33.9456,-118.2739
240309423,04/18/2024 12:00:00 AM,04/18/2024 12:00:00 AM,0615,03,Southwest,0312,2,354,THEFT OF IDENTITY,1822 0100 0929 0930,38,M,W,501,SINGLE FAMILY DWELLING,,,IC,Invest Cont,354,,,,3000 S  CLOVERDALE                   AV,,34.0262,-118.3599
240110427,04/18/2024 12:00:00 AM,04/17/2024 12:00:00 AM,2000,01,Central,0182,1,510,VEHICLE - STOLEN,,0,,,707,GARAGE/CARPORT,,,IC,Invest Cont,510,,,,900 S  FIGUEROA                     ST,,34.0462,-118.2628
240707519,03/25/2024 12:00:00 AM,03/25/2024 12:00:00 AM,1629,07,Wilshire,0737,1,442,SHOPLIFTING - PETTY THEFT ($950 & UNDER),0344,0,X,X,202,LIQUOR STORE,,,IC,Invest Cont,442,,,,5200    WILSHIRE                     BL,,34.0622,-118.3429
242106320,02/27/2024 12:00:00 AM,02/27/2024 12:00:00 AM,1420,21,Topanga,2189,1,442,SHOPLIFTING - PETTY THEFT ($950 & UNDER),0325,29,M,X,404,DEPARTMENT STORE,,,JO,Juv Other,442,,,,20800    VENTURA                      BL,,34.1665,-118.5859
242105940,02/18/2024 12:00:00 AM,02/17/2024 12:00:00 AM,2100,21,Topanga,2103,1,510,VEHICLE - STOLEN,,0,,,101,STREET,,,IC,Invest Cont,510,,,,8500    HANNA                        AV,,34.2242,-118.6071
241012447,11/23/2024 12:00:00 AM,11/23/2024 12:00:00 AM,1440,10,West Valley,1049,2,946,OTHER MISCELLANEOUS CRIME,2004 1822,0,M,O,109,PARK/PLAYGROUND,,,IC,Invest Cont,946,,,,6300    WOODLEY                      AV,,34.1822,-118.4836
241309370,05/14/2024 12:00:00 AM,05/12/2024 12:00:00 AM,0001,13,Newton,1321,1,440,THEFT PLAIN - PETTY ($950 & UNDER),0344 1822,19,F,H,213,WAREHOUSE,,,IC,Invest Cont,440,,,,100 E  23RD                         ST,,34.0273,-118.2671
240812269,12/01/2024 12:00:00 AM,11/30/2024 12:00:00 AM,1952,08,West LA,0829,1,331,THEFT FROM MOTOR VEHICLE - GRAND ($950.01 AND OVER),0344,38,F,W,101,STREET,,,IC,Invest Cont,331,,,,1400 S  BEVERLY GLEN                 BL,,34.0623,-118.4261
241414529,10/28/2024 12:00:00 AM,10/25/2024 12:00:00 AM,2130,14,Pacific,1487,1,330,BURGLARY FROM VEHICLE,0344 1300 1609,63,F,B,104,DRIVEWAY,,,IC,Invest Cont,330,,,,9200 S  SEPULVEDA                    BL,,33.9533,-118.3961
241912819,11/03/2024 12:00:00 AM,10/28/2024 12:00:00 AM,1600,19,Mission,1961,1,420,THEFT FROM MOTOR VEHICLE - PETTY ($950 & UNDER),,0,,,101,STREET,,,IC,Invest Cont,420,,,,TUPPER                       ST,SEPULVEDA                    BL,34.2392,-118.4674
241505999,02/11/2024 12:00:00 AM,02/10/2024 12:00:00 AM,1745,15,N Hollywood,1596,1,310,BURGLARY,0329 1822 0344 1609,65,F,O,501,SINGLE FAMILY DWELLING,,,IC,Invest Cont,310,,,,11200    DONA LISA                    DR,,34.1294,-118.3762
241214136,08/06/2024 12:00:00 AM,08/06/2024 12:00:00 AM,0500,12,77th Street,1233,1,510,VEHICLE - STOLEN,,0,,,101,STREET,,,IC,Invest Cont,510,,,,1800 W  SLAUSON                      AV,,33.9892,-118.3089
240808220,05/04/2024 12:00:00 AM,05/04/2024 12:00:00 AM,1930,08,West LA,0839,1,442,SHOPLIFTING - PETTY THEFT ($950 & UNDER),0325,0,X,X,203,OTHER BUSINESS,,,AA,Adult Arrest,442,,,,10200    SANTA MONICA                 BL,,34.0611,-118.4184
240907281,03/27/2024 12:00:00 AM,03/26/2024 12:00:00 AM,2100,09,Van Nuys,0926,1,510,VEHICLE - STOLEN,,0,,,101,STREET,,,IC,Invest Cont,510,,,,6700    VAN NUYS                     BL,,34.1903,-118.4399
241204825,01/13/2024 12:00:00 AM,01/13/2024 12:00:00 AM,0550,12,77th Street,1268,1,440,THEFT PLAIN - PETTY ($950 & UNDER),0344,43,M,H,102,SIDEWALK,,,IC,Invest Cont,440,,,,S  MAIN                         ST,W  82ND                         ST,33.9651,-118.2739
240114331,07/09/2024 12:00:00 AM,07/09/2024 12:00:00 AM,1345,01,Central,0132,2,888,TRESPASSING,0910,0,M,O,901,MTA - RED LINE - CIVIC CENTER/GRAND PARK,,,IC,Invest Cont,888,,,,100 S  HILL                         ST,,34.0547,-118.2505
240105118,01/17/2024 12:00:00 AM,01/16/2024 12:00:00 AM,2140,01,Central,0162,1,510,VEHICLE - STOLEN,0352 1300 0344 1612,0,M,B,101,STREET,,,IC,Invest Cont,510,,,,700 S  GRAND                        AV,,34.0473,-118.2566
241306672,02/26/2024 12:00:00 AM,02/25/2024 12:00:00 AM,1800,13,Newton,1323,1,510,VEHICLE - STOLEN,,0,,,101,STREET,,,IC,Invest Cont,510,,,,23RD                         ST,CENTRAL,34.0213,-118.2535
240315462,10/17/2024 12:00:00 AM,10/16/2024 12:00:00 AM,2200,03,Southwest,0361,1,331,THEFT FROM MOTOR VEHICLE - GRAND ($950.01 AND OVER),0344 0385 1300 1606 1822,41,M,H,101,STREET,,,IC,Invest Cont,331,,,,4000    STEVELY                      AV,,34.0149,-118.3536
240408221,06/14/2024 12:00:00 AM,06/07/2024 12:00:00 AM,1500,04,Hollenbeck,0448,1,420,THEFT FROM MOTOR VEHICLE - PETTY ($950 & UNDER),,0,,,101,STREET,,,IC,Invest Cont,420,,,,1600 N  SOTO                         ST,,34.0623,-118.198
240912891,11/07/2024 12:00:00 AM,11/07/2024 12:00:00 AM,1300,09,Van Nuys,0974,2,740,"VANDALISM - FELONY ($400 & OVER, ALL CHURCH VANDALISMS)",0329 1822 2004,29,F,O,122,"VEHICLE, PASSENGER/TRUCK",,,IC,Invest Cont,740,,,,14500    VENTURA                      BL,,34.1547,-118.453
241814475,11/07/2024 12:00:00 AM,11/03/2024 12:00:00 AM,2059,18,Southeast,1844,1,331,THEFT FROM MOTOR VEHICLE - GRAND ($950.01 AND OVER),0344 0385 1300,50,F,H,501,SINGLE FAMILY DWELLING,,,IC,Invest Cont,331,,,,300 E  111TH                        ST,,33.9348,-118.2695
241216731,11/02/2024 12:00:00 AM,11/01/2024 12:00:00 AM,1800,12,77th Street,1273,1,510,VEHICLE - STOLEN,,0,,,101,STREET,,,IC,Invest Cont,510,,,,1500 W  MANCHESTER                   AV,,33.96,-118.3025
241509646,04/27/2024 12:00:00 AM,04/26/2024 12:00:00 AM,2200,15,N Hollywood,1526,2,624,BATTERY - SIMPLE ASSAULT,1814 0444,31,F,H,501,SINGLE FAMILY DWELLING,400,"STRONG-ARM (HANDS, FIST, FEET OR BODILY FORCE)",IC,Invest Cont,624,,,,11600    KITTRIDGE                    ST,,34.1903,-118.3845
241105153,04/25/2024 12:00:00 AM,04/25/2024 12:00:00 AM,0940,11,Northeast,1163,1,210,ROBBERY,0344 1402 0400 1309 0334,32,M,H,101,STREET,102,HAND GUN,IC,Invest Cont,210,998,,,4700    FOUNTAIN                     AV,,34.0956,-118.2918
241304815,01/18/2024 12:00:00 AM,01/18/2024 12:00:00 AM,2250,13,Newton,1372,1,420,THEFT FROM MOTOR VEHICLE - PETTY ($950 & UNDER),0344,34,M,B,101,STREET,,,IC,Invest Cont,420,,,,SLAUSON                      AV,SAN PEDRO                    ST,33.9892,-118.2701
241412473,08/25/2024 12:00:00 AM,08/22/2024 12:00:00 AM,2100,14,Pacific,1445,1,510,VEHICLE - STOLEN,,0,,,101,STREET,,,IC,Invest Cont,510,,,,3900    BEETHOVEN                    ST,,33.998,-118.4399
241714067,11/06/2024 12:00:00 AM,11/06/2024 12:00:00 AM,0400,17,Devonshire,1771,1,510,VEHICLE - STOLEN,,0,,,108,PARKING LOT,,,IC,Invest Cont,510,,,,20300    PRAIRIE                      ST,,34.2392,-118.5754
240712244,10/24/2024 12:00:00 AM,10/24/2024 12:00:00 AM,0847,07,Wilshire,0736,1,442,SHOPLIFTING - PETTY THEFT ($950 & UNDER),0325,23,X,X,203,OTHER BUSINESS,,,IC,Invest Cont,442,,,,400 S  LA BREA                      AV,,34.0669,-118.3456
241608949,06/22/2024 12:00:00 AM,06/21/2024 12:00:00 AM,2000,16,Foothill,1682,1,510,VEHICLE - STOLEN,,0,,,101,STREET,,,IC,Invest Cont,510,,,,OMELVENY                     AV,ART                          ST,34.2293,-118.3967
241305048,01/23/2024 12:00:00 AM,01/23/2024 12:00:00 AM,1422,13,Newton,1345,2,930,CRIMINAL THREATS - NO WEAPON DISPLAYED,0443 1251 2024,16,M,H,721,HIGH SCHOOL,511,VERBAL THREAT,IC,Invest Cont,930,,,,1300 E  41ST                         ST,,34.0104,-118.2535
241112559,12/03/2024 12:00:00 AM,10/29/2024 12:00:00 AM,0642,11,Northeast,1151,1,341,"THEFT-GRAND ($950.01 & OVER)EXCPT,GUNS,FOWL,LIVESTK,PROD",0344,0,X,X,708,CHURCH/CHAPEL (CHANGED 03-03 FROM CHURCH/TEMPLE),,,IC,Invest Cont,341,,,,4800 W  SUNSET                       BL,,34.0982,-118.294
241605921,03/01/2024 12:00:00 AM,02/29/2024 12:00:00 AM,0053,16,Foothill,1601,1,343,SHOPLIFTING-GRAND THEFT ($950.01 & OVER),1822 0344 0387 1402,47,M,O,401,MINI-MART,201,KNIFE WITH BLADE OVER 6 INCHES IN LENGTH,AO,Adult Other,343,998,,,11500    GLENOAKS                     BL,,34.2865,-118.4161
240406084,03/02/2024 12:00:00 AM,03/02/2024 12:00:00 AM,0930,04,Hollenbeck,0407,1,330,BURGLARY FROM VEHICLE,0344 1300 1302 1307,20,M,W,109,PARK/PLAYGROUND,,,IC,Invest Cont,330,,,,4200    MONTEREY                     RD,,34.0881,-118.1877
240316331,11/18/2024 12:00:00 AM,11/17/2024 12:00:00 AM,1155,03,Southwest,0397,1,510,VEHICLE - STOLEN,,0,,,101,STREET,,,IC,Invest Cont,510,,,,1500 W  VERNON                       AV,,34.0073,-118.298
241407106,03/08/2024 12:00:00 AM,03/08/2024 12:00:00 AM,1210,14,Pacific,1469,1,442,SHOPLIFTING - PETTY THEFT ($950 & UNDER),0325 0342 0344,0,X,X,404,DEPARTMENT STORE,,,IC,Invest Cont,442,,,,CENTINELA,LA TIJERA,33.9773,-118.3718
241604962,02/01/2024 12:00:00 AM,01/31/2024 12:00:00 AM,1900,16,Foothill,1638,1,510,VEHICLE - STOLEN,,0,,,101,STREET,,,IC,Invest Cont,510,,,,7100    APPERSON                     ST,,34.2595,-118.293
241406295,02/17/2024 12:00:00 AM,02/17/2024 12:00:00 AM,2024,14,Pacific,1477,2,740,"VANDALISM - FELONY ($400 & OVER, ALL CHURCH VANDALISMS)",0329,38,M,W,501,SINGLE FAMILY DWELLING,,,IC,Invest Cont,740,,,,7800    YORKTOWN                     AV,,33.9683,-118.3888
241111446,10/16/2024 12:00:00 AM,10/15/2024 12:00:00 AM,1950,11,Northeast,1128,1,510,VEHICLE - STOLEN,,0,,,101,STREET,,,IC,Invest Cont,510,,,,100 N  AVENUE 63,,34.1148,-118.1826
241607181,04/11/2024 12:00:00 AM,04/10/2024 12:00:00 AM,1800,16,Foothill,1612,1,350,"THEFT, PERSON",0344 1300,26,F,H,101,STREET,,,AA,Adult Arrest,350,,,,12800    VAN NUYS                     BL,,34.2733,-118.4202
240805512,02/09/2024 12:00:00 AM,02/08/2024 12:00:00 AM,1900,08,West LA,0827,1,330,BURGLARY FROM VEHICLE,1822 0344 1300,29,M,W,101,STREET,,,IC,Invest Cont,330,,,,300 S  BARRINGTON                   AV,,34.0624,-118.4685
240609533,05/30/2024 12:00:00 AM,05/30/2024 12:00:00 AM,0015,06,Hollywood,0622,1,330,BURGLARY FROM VEHICLE,1822 1300 0344,37,F,W,707,GARAGE/CARPORT,,,IC,Invest Cont,330,,,,1800    EL CERRITO                   PL,,34.104,-118.3449
240509555,06/13/2024 12:00:00 AM,06/13/2024 12:00:00 AM,0815,05,Harbor,0514,1,330,BURGLARY FROM VEHICLE,0344 0358 1300 1612,47,M,H,701,HOSPITAL,,,IC,Invest Cont,330,,,,1000 W  PACIFIC COAST                HY,,33.7906,-118.275
241311913,08/06/2024 12:00:00 AM,06/24/2024 12:00:00 AM,1300,13,Newton,1372,1,310,BURGLARY,0358 0344 0329,0,X,X,101,STREET,,,IC,Invest Cont,310,,,,5500    AVALON                       BL,,33.9923,-118.2696
240309988,05/01/2024 12:00:00 AM,04/30/2024 12:00:00 AM,0800,03,Southwest,0393,1,236,INTIMATE PARTNER - AGGRAVATED ASSAULT,1813 0913 2000 1309 1311 0416 0446,36,F,B,108,PARKING LOT,400,"STRONG-ARM (HANDS, FIST, FEET OR BODILY FORCE)",IC,Invest Cont,236,,,,42ND,8TH                          AV,34.0074,-118.329
240705421,02/02/2024 12:00:00 AM,02/02/2024 12:00:00 AM,2052,07,Wilshire,0705,1,815,SEXUAL PENETRATION W/FOREIGN OBJECT,0500 0515,23,F,W,101,STREET,500,UNKNOWN WEAPON/OTHER WEAPON,IC,Invest Cont,815,,,,MELROSE,DETROIT,34.0835,-118.3452
241808269,04/01/2024 12:00:00 AM,04/01/2024 12:00:00 AM,1156,18,Southeast,1822,2,901,VIOLATION OF RESTRAINING ORDER,0913 2038 2000 0329,36,F,H,502,"MULTI-UNIT DWELLING (APARTMENT, DUPLEX, ETC)",,,IC,Invest Cont,901,,,,100 E  94TH                         ST,,33.951,-118.2739
241512558,08/06/2024 12:00:00 AM,08/05/2024 12:00:00 AM,1115,15,N Hollywood,1566,2,956,"LETTERS, LEWD  -  TELEPHONE CALLS, LEWD",1822 1501 1912,57,M,W,501,SINGLE FAMILY DWELLING,,,IC,Invest Cont,956,,,,4200    DENNY                        AV,,34.1467,-118.3653
240604119,01/04/2024 12:00:00 AM,01/04/2024 12:00:00 AM,0638,06,Hollywood,0638,1,230,"ASSAULT WITH DEADLY WEAPON, AGGRAVATED ASSAULT",0319 0445 0447 0329 0334 1402 1822 0400,32,M,H,101,STREET,207,OTHER KNIFE,AA,Adult Arrest,230,998,,,WILTON,HOLLYWOOD,34.1017,-118.3137
241108773,06/17/2024 12:00:00 AM,06/16/2024 12:00:00 AM,1530,11,Northeast,1101,1,510,VEHICLE - STOLEN,,0,,,108,PARKING LOT,,,IC,Invest Cont,510,,,,2800 E  OBSERVATORY                  RD,,34.1192,-118.3004
240710115,07/15/2024 12:00:00 AM,07/15/2024 12:00:00 AM,0755,07,Wilshire,0736,1,331,THEFT FROM MOTOR VEHICLE - GRAND ($950.01 AND OVER),0344 1300,55,F,F,101,STREET,,,IC,Invest Cont,331,,,,300 S  CLOVERDALE                   AV,,34.069,-118.3462
241106520,03/07/2024 12:00:00 AM,03/06/2024 12:00:00 AM,0700,11,Northeast,1137,1,310,BURGLARY,0344,39,F,H,501,SINGLE FAMILY DWELLING,,,IC,Invest Cont,310,,,,5000    ALDAMA                       ST,,34.1118,-118.2073
241707219,03/14/2024 12:00:00 AM,03/14/2024 12:00:00 AM,0232,17,Devonshire,1779,1,331,THEFT FROM MOTOR VEHICLE - GRAND ($950.01 AND OVER),0385 1602 0329 0344 1300,31,F,W,101,STREET,,,IC,Invest Cont,331,,,,16100    DEARBORN                     ST,,34.2375,-118.4824
241306577,02/24/2024 12:00:00 AM,02/24/2024 12:00:00 AM,1700,13,Newton,1313,1,510,VEHICLE - STOLEN,,0,,,101,STREET,,,IC,Invest Cont,510,,,,WASHINGTON                   BL,CENTRAL                      AV,34.0244,-118.2506
241514951,10/28/2024 12:00:00 AM,10/21/2024 12:00:00 AM,1200,15,N Hollywood,1519,1,440,THEFT PLAIN - PETTY ($950 & UNDER),0344,31,F,O,222,LAUNDROMAT,,,IC,Invest Cont,440,,,,VICTORY                      BL,CLYBOURN                     AV,34.1851,-118.3604
241008269,04/28/2024 12:00:00 AM,04/19/2024 12:00:00 AM,1220,10,West Valley,1075,1,310,BURGLARY,0344 1607 1822 1420 0202 0206 0321 0358,47,F,A,501,SINGLE FAMILY DWELLING,,,IC,Invest Cont,310,,,,5100    HESPERIA                     AV,,34.162,-118.5262
241308392,04/06/2024 12:00:00 AM,04/06/2024 12:00:00 AM,2109,13,Newton,1313,2,745,VANDALISM - MISDEAMEANOR ($399 OR UNDER),0329 1822,34,F,C,122,"VEHICLE, PASSENGER/TRUCK",,,IC,Invest Cont,745,,,,SAN PEDRO,16TH                         ST,34.0299,-118.2559
240104235,01/04/2024 12:00:00 AM,01/04/2024 12:00:00 AM,1455,01,Central,0153,2,745,VANDALISM - MISDEAMEANOR ($399 OR UNDER),0329 0417,0,X,X,101,STREET,,,IC,Invest Cont,745,,,,6TH                          ST,BROADWAY,34.0466,-118.252
241410768,06/29/2024 12:00:00 AM,06/27/2024 12:00:00 AM,2245,14,Pacific,1412,1,510,VEHICLE - STOLEN,,0,,,101,STREET,,,IC,Invest Cont,510,,,,PACIFIC                      AV,SUNSET                       AV,33.9937,-118.477
240906078,02/26/2024 12:00:00 AM,02/26/2024 12:00:00 AM,1630,09,Van Nuys,0931,2,624,BATTERY - SIMPLE ASSAULT,,19,M,H,873,MTA - ORANGE LINE - SEPULVEDA,400,"STRONG-ARM (HANDS, FIST, FEET OR BODILY FORCE)",IC,Invest Cont,624,,,,15400    ERWIN                        ST,,34.183,-118.4692
240304716,01/13/2024 12:00:00 AM,01/13/2024 12:00:00 AM,0045,03,Southwest,0326,2,901,VIOLATION OF RESTRAINING ORDER,2000 1814 2038 1309,40,F,W,501,SINGLE FAMILY DWELLING,,,AA,Adult Arrest,901,,,,2700    VAN BUREN                    PL,,34.0309,-118.297
240306024,02/06/2024 12:00:00 AM,02/04/2024 12:00:00 AM,1600,03,Southwest,0326,2,624,BATTERY - SIMPLE ASSAULT,0913 0416 0446 2021 1202 0555 0419,60,F,B,501,SINGLE FAMILY DWELLING,400,"STRONG-ARM (HANDS, FIST, FEET OR BODILY FORCE)",AO,Adult Other,624,,,,2800    HALLDALE                     AV,,34.0299,-118.3028
242007291,03/16/2024 12:00:00 AM,03/16/2024 12:00:00 AM,1745,20,Olympic,2033,1,522,"VEHICLE, STOLEN - OTHER (MOTORIZED SCOOTERS, BIKES, ETC)",,0,,,108,PARKING LOT,,,IC,Invest Cont,522,,,,600 S  WESTERN                      AV,,34.061,-118.3091
240704469,01/12/2024 12:00:00 AM,01/04/2024 12:00:00 AM,1200,07,Wilshire,0765,1,510,VEHICLE - STOLEN,,0,,,101,STREET,,,IC,Invest Cont,510,,,,1300 S  LONGWOOD                     AV,,34.0513,-118.341
241109039,07/01/2024 12:00:00 AM,07/01/2024 12:00:00 AM,1800,11,Northeast,1125,1,420,THEFT FROM MOTOR VEHICLE - PETTY ($950 & UNDER),,0,,,101,STREET,,,IC,Invest Cont,420,,,,1400    ARMADALE                     AV,,34.1225,-118.212
240507505,04/02/2024 12:00:00 AM,03/31/2024 12:00:00 AM,1700,05,Harbor,0525,2,626,INTIMATE PARTNER - SIMPLE ASSAULT,1309 2038 2000 0913 1814 0416,31,F,H,501,SINGLE FAMILY DWELLING,400,"STRONG-ARM (HANDS, FIST, FEET OR BODILY FORCE)",IC,Invest Cont,626,,,,500 N  WILMINGTON                   BL,,33.775,-118.2738
241407082,03/07/2024 12:00:00 AM,03/07/2024 12:00:00 AM,0700,14,Pacific,1463,1,330,BURGLARY FROM VEHICLE,1612 0344,0,X,X,108,PARKING LOT,,,IC,Invest Cont,330,,,,12900 W  JEFFERSON                    BL,,33.9805,-118.4111
240605685,02/04/2024 12:00:00 AM,02/04/2024 12:00:00 AM,1250,06,Hollywood,0645,1,350,"THEFT, PERSON",1822 0344,35,F,H,102,SIDEWALK,,,IC,Invest Cont,350,,,,6800    HOLLYWOOD                    BL,,34.1016,-118.3387
241213229,07/07/2024 12:00:00 AM,07/06/2024 12:00:00 AM,1800,12,77th Street,1241,1,510,VEHICLE - STOLEN,,0,,,108,PARKING LOT,,,IC,Invest Cont,510,,,,6300    10TH                         AV,,33.9829,-118.3279
240407362,05/03/2024 12:00:00 AM,05/03/2024 12:00:00 AM,1100,04,Hollenbeck,0464,1,510,VEHICLE - STOLEN,,0,,,707,GARAGE/CARPORT,,,IC,Invest Cont,510,,,,200 N  CHICAGO                      ST,,34.0462,-118.2114
240905216,02/04/2024 12:00:00 AM,01/30/2024 12:00:00 AM,1916,09,Van Nuys,0916,2,888,TRESPASSING,1822 0342 1309,53,F,O,501,SINGLE FAMILY DWELLING,400,"STRONG-ARM (HANDS, FIST, FEET OR BODILY FORCE)",IC,Invest Cont,888,,,,13800    ENADIA                       WY,,34.2002,-118.4335
240115469,07/26/2024 12:00:00 AM,07/14/2024 12:00:00 AM,0300,01,Central,0112,1,480,BIKE - STOLEN,0344 1822,50,M,X,124,BUS STOP,,,IC,Invest Cont,480,,,,ALISO                        ST,N  LOS ANGELES,34.055,-118.2398
241908758,05/09/2024 12:00:00 AM,05/09/2024 12:00:00 AM,2115,19,Mission,1987,2,901,VIOLATION OF RESTRAINING ORDER,2038,63,F,H,501,SINGLE FAMILY DWELLING,,,AO,Adult Other,901,,,,8900    SYLMAR                       AV,,34.2316,-118.4457
240404976,02/01/2024 12:00:00 AM,02/01/2024 12:00:00 AM,0115,04,Hollenbeck,0429,2,624,BATTERY - SIMPLE ASSAULT,0400 0444,66,F,W,501,SINGLE FAMILY DWELLING,400,"STRONG-ARM (HANDS, FIST, FEET OR BODILY FORCE)",AO,Adult Other,624,,,,5300 E  HUNTINGTON DR,,34.0899,-118.1664
241409115,04/27/2024 12:00:00 AM,04/23/2024 12:00:00 AM,0730,14,Pacific,1407,1,480,BIKE - STOLEN,0344,27,M,W,123,PARKING UNDERGROUND/BUILDING,,,IC,Invest Cont,480,,,,10300    WOODBINE                     ST,,34.0283,-118.4084
240909145,05/16/2024 12:00:00 AM,03/15/2024 12:00:00 AM,1200,09,Van Nuys,0909,2,354,THEFT OF IDENTITY,0930,82,F,W,502,"MULTI-UNIT DWELLING (APARTMENT, DUPLEX, ETC)",,,IC,Invest Cont,354,,,,7400    WOODMAN                      AV,,34.2048,-118.4312
241305571,02/03/2024 12:00:00 AM,02/03/2024 12:00:00 AM,1355,13,Newton,1325,1,220,ATTEMPTED ROBBERY,1822 1310 0400 0416,53,M,H,101,STREET,400,"STRONG-ARM (HANDS, FIST, FEET OR BODILY FORCE)",AA,Adult Arrest,220,,,,28TH                         ST,CENTRAL                      AV,34.0165,-118.2552
240708213,04/18/2024 12:00:00 AM,04/02/2024 12:00:00 AM,0800,07,Wilshire,0784,1,420,THEFT FROM MOTOR VEHICLE - PETTY ($950 & UNDER),,0,,,101,STREET,,,IC,Invest Cont,420,,,,2000 S  ORANGE                       DR,,34.0398,-118.3501
240311809,06/27/2024 12:00:00 AM,06/27/2024 12:00:00 AM,0123,03,Southwest,0334,1,420,THEFT FROM MOTOR VEHICLE - PETTY ($950 & UNDER),0344 1300 1822,35,M,H,501,SINGLE FAMILY DWELLING,,,IC,Invest Cont,420,,,,3400    12TH                         AV,,34.0256,-118.3317
241307312,03/10/2024 12:00:00 AM,03/10/2024 12:00:00 AM,1040,13,Newton,1313,1,510,VEHICLE - STOLEN,,0,,,101,STREET,,,IC,Invest Cont,510,,,,1000 E  18TH                         ST,,34.0267,-118.2527
240118815,09/22/2024 12:00:00 AM,09/21/2024 12:00:00 AM,1600,01,Central,0195,1,510,VEHICLE - STOLEN,,0,,,101,STREET,,,IC,Invest Cont,510,,,,200 E  WASHINGTON                   BL,,34.0308,-118.2638
240105330,01/20/2024 12:00:00 AM,01/19/2024 12:00:00 AM,2200,01,Central,0154,1,236,INTIMATE PARTNER - AGGRAVATED ASSAULT,0913 1218 2004 2047 2002 1814 0411 0449 1402 2000,55,M,B,502,"MULTI-UNIT DWELLING (APARTMENT, DUPLEX, ETC)",201,KNIFE WITH BLADE OVER 6 INCHES IN LENGTH,AA,Adult Arrest,236,998,,,500 S  LOS ANGELES                  ST,,34.046,-118.2493
240810058,08/07/2024 12:00:00 AM,08/07/2024 12:00:00 AM,1300,08,West LA,0833,1,510,VEHICLE - STOLEN,,0,,,108,PARKING LOT,,,IC,Invest Cont,510,,,,10900    WILSHIRE                     BL,,34.0588,-118.4439
241008183,04/25/2024 12:00:00 AM,04/19/2024 12:00:00 AM,1123,10,West Valley,1079,1,440,THEFT PLAIN - PETTY ($950 & UNDER),1822 0344,33,M,W,119,"PORCH, RESIDENTIAL",,,IC,Invest Cont,440,,,,15400    MOORPARK                     ST,,34.1557,-118.4697
241217382,11/22/2024 12:00:00 AM,07/22/2024 12:00:00 AM,1135,12,77th Street,1243,2,354,THEFT OF IDENTITY,0100 0929 0928,62,F,B,501,SINGLE FAMILY DWELLING,,,IC,Invest Cont,354,,,,1900 W  67TH                         ST,,33.9785,-118.3112
242105135,01/28/2024 12:00:00 AM,01/26/2024 12:00:00 AM,1830,21,Topanga,2146,1,420,THEFT FROM MOTOR VEHICLE - PETTY ($950 & UNDER),0344 1606 0321 0329,27,M,H,707,GARAGE/CARPORT,,,IC,Invest Cont,420,,,,7000    JORDAN                       AV,,34.1974,-118.6029
241610735,10/07/2024 12:00:00 AM,10/06/2024 12:00:00 AM,1600,16,Foothill,1621,1,510,VEHICLE - STOLEN,,0,,,101,STREET,,,IC,Invest Cont,510,,,,13900    MERCER                       ST,,34.2586,-118.4359
241605437,02/17/2024 12:00:00 AM,02/17/2024 12:00:00 AM,1030,16,Foothill,1698,2,930,CRIMINAL THREATS - NO WEAPON DISPLAYED,0421 0913,52,M,H,501,SINGLE FAMILY DWELLING,511,VERBAL THREAT,AA,Adult Arrest,930,,,,10600    ROSCOE                       BL,,34.2214,-118.3652
240508086,04/19/2024 12:00:00 AM,04/18/2024 12:00:00 AM,1330,05,Harbor,0529,1,510,VEHICLE - STOLEN,,0,,,108,PARKING LOT,,,IC,Invest Cont,510,,,,1400 E  ANAHEIM                      ST,,33.7809,-118.2455
240611124,08/11/2024 12:00:00 AM,08/11/2024 12:00:00 AM,1635,06,Hollywood,0645,1,442,SHOPLIFTING - PETTY THEFT ($950 & UNDER),1501 1822 0344,0,X,X,203,OTHER BUSINESS,,,IC,Invest Cont,442,,,,6800    HOLLYWOOD                    BL,,34.1016,-118.3387
241410479,06/19/2024 12:00:00 AM,06/18/2024 12:00:00 AM,2030,14,Pacific,1467,1,510,VEHICLE - STOLEN,,0,,,101,STREET,,,IC,Invest Cont,510,,,,5900 W  75TH                         ST,,33.9729,-118.386
240904086,01/03/2024 12:00:00 AM,01/01/2024 12:00:00 AM,1800,09,Van Nuys,0989,2,740,"VANDALISM - FELONY ($400 & OVER, ALL CHURCH VANDALISMS)",0329 1609,48,F,H,203,OTHER BUSINESS,,,IC,Invest Cont,740,,,,13400    VENTURA                      BL,,34.147,-118.4249
241408626,04/11/2024 12:00:00 AM,04/11/2024 12:00:00 AM,1610,14,Pacific,1495,1,341,"THEFT-GRAND ($950.01 & OVER)EXCPT,GUNS,FOWL,LIVESTK,PROD",1822 0344,41,M,H,102,SIDEWALK,500,UNKNOWN WEAPON/OTHER WEAPON,IC,Invest Cont,341,,,,6100 W  94TH                         ST,,33.9523,-118.3906
241910072,07/12/2024 12:00:00 AM,07/11/2024 12:00:00 AM,1800,19,Mission,1916,1,510,VEHICLE - STOLEN,,0,,,101,STREET,,,IC,Invest Cont,510,,,,13900    HUBBARD                      ST,,34.3027,-118.4357
241512288,07/26/2024 12:00:00 AM,07/24/2024 12:00:00 AM,2330,15,N Hollywood,1545,1,420,THEFT FROM MOTOR VEHICLE - PETTY ($950 & UNDER),,0,,,101,STREET,,,IC,Invest Cont,420,,,,5200    BEN                          AV,,34.1649,-118.3943
241313682,10/07/2024 12:00:00 AM,10/06/2024 12:00:00 AM,1800,13,Newton,1333,1,420,THEFT FROM MOTOR VEHICLE - PETTY ($950 & UNDER),,0,,,101,STREET,,,IC,Invest Cont,420,,,,900 E  32ND                         ST,,34.0153,-118.2604
240911568,09/15/2024 12:00:00 AM,09/14/2024 12:00:00 AM,2100,09,Van Nuys,0946,1,510,VEHICLE - STOLEN,,0,,,101,STREET,,,IC,Invest Cont,510,,,,13900    OXNARD                       ST,,34.1794,-118.4356
240913476,12/05/2024 12:00:00 AM,11/29/2024 12:00:00 AM,1530,09,Van Nuys,0914,2,956,"LETTERS, LEWD  -  TELEPHONE CALLS, LEWD",1906 0601,68,M,W,504,OTHER RESIDENCE,,,IC,Invest Cont,956,,,,14900    VOSE                         ST,,34.1985,-118.4575
241511048,06/05/2024 12:00:00 AM,06/05/2024 12:00:00 AM,1235,15,N Hollywood,1585,2,354,THEFT OF IDENTITY,1822 0930 0929,33,F,W,502,"MULTI-UNIT DWELLING (APARTMENT, DUPLEX, ETC)",,,IC,Invest Cont,354,,,,10900    BLUFFSIDE                    DR,,34.1412,-118.3681
240308351,03/25/2024 12:00:00 AM,03/21/2024 12:00:00 AM,1228,03,Southwest,0362,1,520,VEHICLE - ATTEMPT STOLEN,0329 1300 1822,59,M,B,101,STREET,,,IC,Invest Cont,520,,,,PINAFORE                     AV,COCO                         AV,34.0141,-118.3501
241109867,08/09/2024 12:00:00 AM,08/03/2024 12:00:00 AM,2345,11,Northeast,1141,1,420,THEFT FROM MOTOR VEHICLE - PETTY ($950 & UNDER),0344,26,M,W,101,STREET,,,IC,Invest Cont,420,,,,1800 N  KENMORE                      AV,,34.1036,-118.2973
240512169,10/23/2024 12:00:00 AM,10/23/2024 12:00:00 AM,1440,05,Harbor,0551,2,354,THEFT OF IDENTITY,0929 0930,23,M,W,502,"MULTI-UNIT DWELLING (APARTMENT, DUPLEX, ETC)",,,IC,Invest Cont,354,,,,300    MIRALESTE                    DR,,33.7421,-118.3197
241206903,02/17/2024 12:00:00 AM,02/17/2024 12:00:00 AM,0500,12,77th Street,1256,1,440,THEFT PLAIN - PETTY ($950 & UNDER),0344 1822,18,F,W,501,SINGLE FAMILY DWELLING,,,IC,Invest Cont,440,,,,800 W  73RD                         ST,,33.9736,-118.2871
241504903,01/18/2024 12:00:00 AM,01/18/2024 12:00:00 AM,1230,15,N Hollywood,1544,2,624,BATTERY - SIMPLE ASSAULT,2000 0446,47,M,H,102,SIDEWALK,400,"STRONG-ARM (HANDS, FIST, FEET OR BODILY FORCE)",IC,Invest Cont,624,,,,12100    MAGNOLIA                     BL,,34.1649,-118.3965
240812244,11/26/2024 12:00:00 AM,11/25/2024 12:00:00 AM,1930,08,West LA,0832,1,330,BURGLARY FROM VEHICLE,0344 1300 1822,30,F,W,502,"MULTI-UNIT DWELLING (APARTMENT, DUPLEX, ETC)",,,IC,Invest Cont,330,,,,11600    MAYFIELD                     AV,,34.0534,-118.4615
241406766,02/29/2024 12:00:00 AM,02/29/2024 12:00:00 AM,1745,14,Pacific,1472,1,210,ROBBERY,1822 0355 0344 2004,23,M,W,109,PARK/PLAYGROUND,511,VERBAL THREAT,IC,Invest Cont,210,,,,100    CONVOY                       ST,,33.9584,-118.4502
241907515,04/05/2024 12:00:00 AM,04/05/2024 12:00:00 AM,1030,19,Mission,1924,2,624,BATTERY - SIMPLE ASSAULT,0416 2004 0913 1817 0602,26,M,H,501,SINGLE FAMILY DWELLING,400,"STRONG-ARM (HANDS, FIST, FEET OR BODILY FORCE)",IC,Invest Cont,624,,,,15000    FLORENTINE                   ST,,34.2922,-118.4612
241007282,04/01/2024 12:00:00 AM,02/02/2024 12:00:00 AM,1000,10,West Valley,1067,2,956,"LETTERS, LEWD  -  TELEPHONE CALLS, LEWD",1802 2000 0913,35,F,H,502,"MULTI-UNIT DWELLING (APARTMENT, DUPLEX, ETC)",,,AO,Adult Other,956,,,,4900    GENESTA                      AV,,34.1598,-118.5033
241306947,03/02/2024 12:00:00 AM,03/02/2024 12:00:00 AM,0705,13,Newton,1341,1,510,VEHICLE - STOLEN,,0,,,101,STREET,,,IC,Invest Cont,510,,,,3700 S  HILL                         ST,,34.0163,-118.2771
241313866,10/12/2024 12:00:00 AM,10/11/2024 12:00:00 AM,0620,13,Newton,1362,1,510,VEHICLE - STOLEN,,0,,,101,STREET,,,IC,Invest Cont,510,,,,5100 S  MAIN                         ST,,33.9965,-118.274
241411137,07/12/2024 12:00:00 AM,07/12/2024 12:00:00 AM,0900,14,Pacific,1434,1,510,VEHICLE - STOLEN,,0,,,101,STREET,,,IC,Invest Cont,510,,,,3700    WADE                         ST,,34.0043,-118.4402
241806330,01/19/2024 12:00:00 AM,01/12/2024 12:00:00 AM,0340,18,Southeast,1801,2,354,THEFT OF IDENTITY,0100 1822 0930,23,M,B,501,SINGLE FAMILY DWELLING,,,IC,Invest Cont,354,,,,8600    MENLO                        AV,,33.96,-118.2904
241912560,10/23/2024 12:00:00 AM,10/23/2024 12:00:00 AM,1720,19,Mission,1971,1,510,VEHICLE - STOLEN,,0,,,108,PARKING LOT,,,AA,Adult Arrest,510,,,,8900 N  SEPULVEDA                    BL,,34.2322,-118.4677
240911856,09/26/2024 12:00:00 AM,09/24/2024 12:00:00 AM,0223,09,Van Nuys,0916,1,440,THEFT PLAIN - PETTY ($950 & UNDER),0344 1822,39,M,W,119,"PORCH, RESIDENTIAL",,,IC,Invest Cont,440,,,,6900    COLBATH                      AV,,34.1959,-118.4367
240111810,05/25/2024 12:00:00 AM,05/25/2024 12:00:00 AM,0600,01,Central,0119,2,888,TRESPASSING,0910,0,M,O,834,LA UNION STATION (NOT LINE SPECIFIC),,,IC,Invest Cont,888,,,,800 N  ALAMEDA                      ST,,34.0561,-118.2375
240504130,01/02/2024 12:00:00 AM,01/02/2024 12:00:00 AM,0605,05,Harbor,0515,2,354,THEFT OF IDENTITY,0922 0929,35,F,H,502,"MULTI-UNIT DWELLING (APARTMENT, DUPLEX, ETC)",,,IC,Invest Cont,354,,,,1600 N  WILMINGTON                   BL,,33.7951,-118.2752
241509647,04/27/2024 12:00:00 AM,04/27/2024 12:00:00 AM,0800,15,N Hollywood,1548,2,624,BATTERY - SIMPLE ASSAULT,1822 0444 2049 2051 0910 0446,26,F,H,868,MTA - ORANGE LINE - NORTH HOLLYWOOD,400,"STRONG-ARM (HANDS, FIST, FEET OR BODILY FORCE)",AO,Adult Other,624,,,,5300    LANKERSHIM                   BL,,34.167,-118.3759
240110740,04/25/2024 12:00:00 AM,04/25/2024 12:00:00 AM,1940,01,Central,0162,1,442,SHOPLIFTING - PETTY THEFT ($950 & UNDER),0325,23,F,H,404,DEPARTMENT STORE,,,IC,Invest Cont,442,,,,700 W  7TH                          ST,,34.048,-118.2577
240113786,06/30/2024 12:00:00 AM,06/15/2024 12:00:00 AM,2130,01,Central,0185,1,330,BURGLARY FROM VEHICLE,1300 0344 0329,42,F,B,108,PARKING LOT,,,IC,Invest Cont,330,,,,1100 S  BROADWAY,,34.0396,-118.259
241700591,02/06/2024 12:00:00 AM,02/05/2024 12:00:00 AM,1835,17,Devonshire,1779,1,310,BURGLARY,1608 0352 0344 0321 0216 1300,49,M,O,501,SINGLE FAMILY DWELLING,,,IC,Invest Cont,310,,,,15900    LIGGETT                      ST,,34.2401,-118.4795
241714556,11/27/2024 12:00:00 AM,11/27/2024 12:00:00 AM,1612,17,Devonshire,1747,2,901,VIOLATION OF RESTRAINING ORDER,2038 0913 1814,35,F,H,502,"MULTI-UNIT DWELLING (APARTMENT, DUPLEX, ETC)",,,AA,Adult Arrest,901,,,,16800    KINGSBURY                    ST,,34.2631,-118.4979
240911497,09/11/2024 12:00:00 AM,09/11/2024 12:00:00 AM,1337,09,Van Nuys,0904,1,442,SHOPLIFTING - PETTY THEFT ($950 & UNDER),0325 1822,0,X,X,203,OTHER BUSINESS,,,IC,Invest Cont,442,,,,7900 N  SEPULVEDA                    BL,,34.2141,-118.4662
241415434,11/27/2024 12:00:00 AM,09/25/2024 12:00:00 AM,0046,14,Pacific,1496,2,668,"EMBEZZLEMENT, GRAND THEFT ($950.01 & OVER)",,0,,,203,OTHER BUSINESS,,,IC,Invest Cont,668,,,,9700    AIRPORT                      BL,,33.9472,-118.3909
241908633,05/06/2024 12:00:00 AM,05/06/2024 12:00:00 AM,1430,19,Mission,1983,2,624,BATTERY - SIMPLE ASSAULT,1402 1822 0416 1266,65,M,A,108,PARKING LOT,400,"STRONG-ARM (HANDS, FIST, FEET OR BODILY FORCE)",IC,Invest Cont,624,998,,,15000    ROSCOE                       BL,,34.2249,-118.4637
241204432,01/06/2024 12:00:00 AM,01/06/2024 12:00:00 AM,2115,12,77th Street,1241,2,626,INTIMATE PARTNER - SIMPLE ASSAULT,0448 2000 2021 1813 1206 1300 0416 0417 0444 2002,31,F,B,707,GARAGE/CARPORT,400,"STRONG-ARM (HANDS, FIST, FEET OR BODILY FORCE)",AO,Adult Other,626,,,,6000    CRENSHAW                     BL,,33.9854,-118.3309
241008163,04/26/2024 12:00:00 AM,04/25/2024 12:00:00 AM,1000,10,West Valley,1023,1,510,VEHICLE - STOLEN,,0,,,101,STREET,,,IC,Invest Cont,510,,,,19000    VANOWEN                      ST,,34.1938,-118.547
241807406,03/12/2024 12:00:00 AM,03/10/2024 12:00:00 AM,1100,18,Southeast,1801,2,626,INTIMATE PARTNER - SIMPLE ASSAULT,0913 1814 0446 0416,31,F,B,101,STREET,400,"STRONG-ARM (HANDS, FIST, FEET OR BODILY FORCE)",IC,Invest Cont,626,,,,90TH                         ST,FIGUEROA,33.9551,-118.2827
240407266,04/29/2024 12:00:00 AM,04/26/2024 12:00:00 AM,2000,04,Hollenbeck,0465,1,331,THEFT FROM MOTOR VEHICLE - GRAND ($950.01 AND OVER),0344 1300,61,F,H,101,STREET,,,IC,Invest Cont,331,,,,EUCLID                       AV,E  6TH                          ST,34.0338,-118.2054
241217687,12/03/2024 12:00:00 AM,12/03/2024 12:00:00 AM,0700,12,77th Street,1251,1,510,VEHICLE - STOLEN,,0,,,108,PARKING LOT,,,IC,Invest Cont,510,,,,CRENSHAW,FLORENCE,33.9745,-118.3309
241606086,03/06/2024 12:00:00 AM,03/05/2024 12:00:00 AM,0947,16,Foothill,1668,1,310,BURGLARY,1402 0344,22,F,H,501,SINGLE FAMILY DWELLING,,,IC,Invest Cont,310,998,,,7600    DAY                          ST,,34.2545,-118.2979
241906910,03/18/2024 12:00:00 AM,03/18/2024 12:00:00 AM,0800,19,Mission,1985,1,330,BURGLARY FROM VEHICLE,0344 1302,27,M,O,108,PARKING LOT,,,IC,Invest Cont,330,,,,8300    VAN NUYS                     BL,,34.2215,-118.4488
241710291,06/11/2024 12:00:00 AM,06/10/2024 12:00:00 AM,1300,17,Devonshire,1781,1,440,THEFT PLAIN - PETTY ($950 & UNDER),0377 2032 0344,44,M,W,717,HEALTH SPA/GYM,,,IC,Invest Cont,440,,,,20900    NORDHOFF                     ST,,34.2355,-118.5885
241206926,02/20/2024 12:00:00 AM,02/19/2024 12:00:00 AM,2015,12,77th Street,1239,1,510,VEHICLE - STOLEN,,0,,,108,PARKING LOT,,,IC,Invest Cont,510,,,,SLAUSON                      AV,VERMONT                      AV,33.9891,-118.2915
240405940,02/28/2024 12:00:00 AM,02/25/2024 12:00:00 AM,2155,04,Hollenbeck,0423,1,510,VEHICLE - STOLEN,,0,,,101,STREET,,,IC,Invest Cont,510,,,,1700    WORKMAN                      ST,,34.0614,-118.2141
241904936,01/24/2024 12:00:00 AM,01/24/2024 12:00:00 AM,1700,19,Mission,1917,2,740,"VANDALISM - FELONY ($400 & OVER, ALL CHURCH VANDALISMS)",2004 1300 0329 0355,47,F,H,501,SINGLE FAMILY DWELLING,,,AA,Adult Arrest,740,,,,14000    ASTORIA                      ST,,34.312,-118.4382
240508248,04/22/2024 12:00:00 AM,04/22/2024 12:00:00 AM,1710,05,Harbor,0557,2,901,VIOLATION OF RESTRAINING ORDER,2038,66,M,B,501,SINGLE FAMILY DWELLING,,,IC,Invest Cont,901,,,,700 W  5TH                          ST,,33.7397,-118.2923
241511276,06/13/2024 12:00:00 AM,06/13/2024 12:00:00 AM,1528,15,N Hollywood,1546,1,440,THEFT PLAIN - PETTY ($950 & UNDER),1822 0394 0325 0344,39,M,W,146,PATIO*,,,IC,Invest Cont,440,,,,11600    MARGATE                      ST,,34.1675,-118.3856
240905251,02/05/2024 12:00:00 AM,02/05/2024 12:00:00 AM,0900,09,Van Nuys,0941,1,510,VEHICLE - STOLEN,,0,,,108,PARKING LOT,,,AA,Adult Arrest,510,,,,5900    VAN NUYS                     BL,,34.1776,-118.4487
241011641,10/14/2024 12:00:00 AM,10/13/2024 12:00:00 AM,2130,10,West Valley,1079,1,510,VEHICLE - STOLEN,,0,,,101,STREET,,,IC,Invest Cont,510,,,,15500    MOORPARK                     ST,,34.156,-118.4722
240316591,11/28/2024 12:00:00 AM,11/23/2024 12:00:00 AM,1151,03,Southwest,0398,1,442,SHOPLIFTING - PETTY THEFT ($950 & UNDER),0325 0104,23,X,X,203,OTHER BUSINESS,,,IC,Invest Cont,442,,,,500 W  VERNON                       AV,,34.0074,-118.285
240308905,04/04/2024 12:00:00 AM,03/25/2024 12:00:00 AM,1215,03,Southwest,0334,1,440,THEFT PLAIN - PETTY ($950 & UNDER),0344 0394 1822,23,X,X,119,"PORCH, RESIDENTIAL",,,IC,Invest Cont,440,,,,2900    11TH                         AV,,34.0299,-118.3289
240505744,02/14/2024 12:00:00 AM,02/14/2024 12:00:00 AM,1403,05,Harbor,0527,1,341,"THEFT-GRAND ($950.01 & OVER)EXCPT,GUNS,FOWL,LIVESTK,PROD",0344,0,X,X,725,"GOVERNMENT FACILITY (FEDERAL,STATE, COUNTY & CITY)",,,IC,Invest Cont,341,,,,BERTH 161,BERTH 161,33.7626,-118.2687
240712371,10/31/2024 12:00:00 AM,10/30/2024 12:00:00 AM,2100,07,Wilshire,0736,1,442,SHOPLIFTING - PETTY THEFT ($950 & UNDER),0344 1822 0325 0104,0,X,X,203,OTHER BUSINESS,,,IC,Invest Cont,442,,,,400 S  LA BREA                      AV,,34.0669,-118.3456
240204641,01/12/2024 12:00:00 AM,01/12/2024 12:00:00 AM,0900,02,Rampart,0205,1,310,BURGLARY,1822 0344 1601,58,M,B,502,"MULTI-UNIT DWELLING (APARTMENT, DUPLEX, ETC)",,,IC,Invest Cont,310,,,,900 N  VENDOME                      ST,,34.0823,-118.2755
240309801,04/27/2024 12:00:00 AM,04/26/2024 12:00:00 AM,1920,03,Southwest,0338,1,341,"THEFT-GRAND ($950.01 & OVER)EXCPT,GUNS,FOWL,LIVESTK,PROD",0344 0377 1822,18,F,W,116,OTHER/OUTSIDE,,,IC,Invest Cont,341,,,,900 W  JEFFERSON                    BL,,34.0242,-118.2849
240808002,04/24/2024 12:00:00 AM,04/22/2024 12:00:00 AM,2100,08,West LA,0841,1,440,THEFT PLAIN - PETTY ($950 & UNDER),1822 0344 0394,34,M,W,502,"MULTI-UNIT DWELLING (APARTMENT, DUPLEX, ETC)",,,IC,Invest Cont,440,,,,1200    BROCKTON                     AV,,34.046,-118.4652
240105878,01/27/2024 12:00:00 AM,01/27/2024 12:00:00 AM,1230,01,Central,0141,2,624,BATTERY - SIMPLE ASSAULT,1822 0444 0319,34,M,B,146,PATIO*,400,"STRONG-ARM (HANDS, FIST, FEET OR BODILY FORCE)",IC,Invest Cont,624,,,,300 S  FIGUEROA                     ST,,34.0542,-118.2566
240309611,04/24/2024 12:00:00 AM,04/22/2024 12:00:00 AM,2140,03,Southwest,0311,1,230,"ASSAULT WITH DEADLY WEAPON, AGGRAVATED ASSAULT",0445 0913 1218 0443,43,M,H,101,STREET,219,SCREWDRIVER,AA,Adult Arrest,230,,,,5800 W  JEFFERSON                    BL,,34.0265,-118.3717
240613054,11/01/2024 12:00:00 AM,10/31/2024 12:00:00 AM,2025,06,Hollywood,0628,1,330,BURGLARY FROM VEHICLE,1822 1300 0344,39,F,O,707,GARAGE/CARPORT,,,IC,Invest Cont,330,,,,5900    CHULA VISTA                  WY,,34.1074,-118.3193
242009348,06/03/2024 12:00:00 AM,06/01/2024 12:00:00 AM,1700,20,Olympic,2088,1,420,THEFT FROM MOTOR VEHICLE - PETTY ($950 & UNDER),,0,,,101,STREET,,,IC,Invest Cont,420,,,,1700 S  HOOVER                       ST,,34.0421,-118.2879
240111519,05/17/2024 12:00:00 AM,05/16/2024 12:00:00 AM,1956,01,Central,0129,1,330,BURGLARY FROM VEHICLE,1300 0344 1307,25,M,H,207,BAR/COCKTAIL/NIGHTCLUB,,,IC,Invest Cont,330,,,,700    JACKSON                      ST,,34.0509,-118.2316
240108596,03/04/2024 12:00:00 AM,03/04/2024 12:00:00 AM,1125,01,Central,0142,2,740,"VANDALISM - FELONY ($400 & OVER, ALL CHURCH VANDALISMS)",0329,54,F,B,108,PARKING LOT,,,IC,Invest Cont,740,,,,300 S  HOPE                         ST,,34.0537,-118.2523
242110751,08/03/2024 12:00:00 AM,08/03/2024 12:00:00 AM,1420,21,Topanga,2189,1,330,BURGLARY FROM VEHICLE,0340 1307 0344 1420,41,M,O,108,PARKING LOT,,,IC,Invest Cont,330,,,,20800    VENTURA                      BL,,34.1665,-118.5859
242013853,12/01/2024 12:00:00 AM,12/01/2024 12:00:00 AM,1900,20,Olympic,2024,1,330,BURGLARY FROM VEHICLE,0344 1822 1307 1609,22,F,C,108,PARKING LOT,,,IC,Invest Cont,330,,,,600 S  HARVARD                      BL,,34.0634,-118.3041
241004369,01/10/2024 12:00:00 AM,01/06/2024 12:00:00 AM,1227,10,West Valley,1021,1,331,THEFT FROM MOTOR VEHICLE - GRAND ($950.01 AND OVER),1822 0344,33,F,H,101,STREET,,,IC,Invest Cont,331,,,,HARTLAND                     ST,CALVIN                       AV,34.1947,-118.5555
240810175,08/14/2024 12:00:00 AM,08/13/2024 12:00:00 AM,1800,08,West LA,0829,1,442,SHOPLIFTING - PETTY THEFT ($950 & UNDER),0325,0,X,X,403,DRUG STORE,,,IC,Invest Cont,442,,,,10400    SANTA MONICA                 BL,,34.0571,-118.4251
241905068,01/28/2024 12:00:00 AM,01/27/2024 12:00:00 AM,1607,19,Mission,1944,1,331,THEFT FROM MOTOR VEHICLE - GRAND ($950.01 AND OVER),0385,22,M,H,104,DRIVEWAY,,,IC,Invest Cont,331,,,,14300    FOX                          ST,,34.2725,-118.4448
241706791,03/06/2024 12:00:00 AM,02/06/2024 12:00:00 AM,1600,17,Devonshire,1778,2,354,THEFT OF IDENTITY,1822 0929 0930,39,F,H,502,"MULTI-UNIT DWELLING (APARTMENT, DUPLEX, ETC)",,,IC,Invest Cont,354,,,,16000    LASSEN                       ST,,34.2501,-118.481
242111056,08/16/2024 12:00:00 AM,08/16/2024 12:00:00 AM,0805,21,Topanga,2169,2,930,CRIMINAL THREATS - NO WEAPON DISPLAYED,1912 1822,46,F,H,722,COLLEGE/JUNIOR COLLEGE/UNIVERSITY,511,VERBAL THREAT,IC,Invest Cont,930,,,,6200    WINNETKA                     AV,,34.1823,-118.571
240804869,01/25/2024 12:00:00 AM,01/24/2024 12:00:00 AM,1933,08,West LA,0859,1,440,THEFT PLAIN - PETTY ($950 & UNDER),0344 0361 0913,45,M,W,502,"MULTI-UNIT DWELLING (APARTMENT, DUPLEX, ETC)",,,IC,Invest Cont,440,,,,1400 S  WOOSTER                      ST,,34.0544,-118.3826
241308172,04/07/2024 12:00:00 AM,04/07/2024 12:00:00 AM,0200,13,Newton,1331,1,510,VEHICLE - STOLEN,,0,,,101,STREET,,,IC,Invest Cont,510,,,,3000 S  MAIN                         ST,,34.0218,-118.2706
242110839,08/07/2024 12:00:00 AM,08/03/2024 12:00:00 AM,1530,21,Topanga,2156,1,352,PICKPOCKET,1202 0377 0380 0344,70,F,W,404,DEPARTMENT STORE,,,IC,Invest Cont,352,,,,21400    VICTORY                      BL,,34.1884,-118.5975
241708942,04/29/2024 12:00:00 AM,04/29/2024 12:00:00 AM,1138,17,Devonshire,1782,1,442,SHOPLIFTING - PETTY THEFT ($950 & UNDER),0325,0,X,X,404,DEPARTMENT STORE,,,IC,Invest Cont,442,,,,8800    CORBIN                       AV,,34.2302,-118.5623
241908453,05/01/2024 12:00:00 AM,04/07/2024 12:00:00 AM,1300,19,Mission,1998,1,341,"THEFT-GRAND ($950.01 & OVER)EXCPT,GUNS,FOWL,LIVESTK,PROD",0344 1822,43,M,O,103,ALLEY,,,IC,Invest Cont,341,,,,14000    LANARK                       ST,,34.2164,-118.438
240807378,03/26/2024 12:00:00 AM,03/26/2024 12:00:00 AM,2117,08,West LA,0831,2,740,"VANDALISM - FELONY ($400 & OVER, ALL CHURCH VANDALISMS)",0344 1307,65,M,O,501,SINGLE FAMILY DWELLING,500,UNKNOWN WEAPON/OTHER WEAPON,IC,Invest Cont,740,,,,900 S  GRETNA GREEN                 WY,,34.0477,-118.4721
240712670,11/16/2024 12:00:00 AM,11/15/2024 12:00:00 AM,1559,07,Wilshire,0765,1,442,SHOPLIFTING - PETTY THEFT ($950 & UNDER),0344 1822 0104 0325,0,X,X,203,OTHER BUSINESS,,,IC,Invest Cont,442,,,,1300 S  LA BREA                      AV,,34.0501,-118.3442
240118280,09/10/2024 12:00:00 AM,09/07/2024 12:00:00 AM,1500,01,Central,0181,1,352,PICKPOCKET,0344,29,F,O,713,CONVENTION CENTER,,,IC,Invest Cont,352,,,,1200 S  FIGUEROA                     ST,,34.0431,-118.2692
240906886,03/14/2024 12:00:00 AM,01/01/2024 12:00:00 AM,0001,09,Van Nuys,0932,2,810,"SEX,UNLAWFUL(INC MUTUAL CONSENT, PENETRATION W/ FRGN OBJ",1259 2000 0527,16,F,B,502,"MULTI-UNIT DWELLING (APARTMENT, DUPLEX, ETC)",400,"STRONG-ARM (HANDS, FIST, FEET OR BODILY FORCE)",IC,Invest Cont,810,,,,14700    FRIAR                        ST,,34.1857,-118.4531
240608681,04/23/2024 12:00:00 AM,04/22/2024 12:00:00 AM,2300,06,Hollywood,0625,2,740,"VANDALISM - FELONY ($400 & OVER, ALL CHURCH VANDALISMS)",1307 1609,45,M,B,108,PARKING LOT,,,IC,Invest Cont,740,,,,1900 N  HIGHLAND                     AV,,34.1052,-118.3375
242009737,06/18/2024 12:00:00 AM,06/18/2024 12:00:00 AM,0030,20,Olympic,2076,1,330,BURGLARY FROM VEHICLE,1822 0344 1307 1609,58,M,H,116,OTHER/OUTSIDE,,,IC,Invest Cont,330,,,,W  PICO,S  NEW HAMPSHIRE,34.0473,-118.2924
242008580,04/27/2024 12:00:00 AM,04/27/2024 12:00:00 AM,1246,20,Olympic,2033,1,352,PICKPOCKET,0344 1822,34,M,W,735,NIGHT CLUB (OPEN EVENINGS ONLY),,,IC,Invest Cont,352,,,,3700    WILSHIRE                     BL,,34.0617,-118.3066
242107258,03/25/2024 12:00:00 AM,03/24/2024 12:00:00 AM,2300,21,Topanga,2133,1,330,BURGLARY FROM VEHICLE,0321 0344 0352,34,F,H,101,STREET,,,IC,Invest Cont,330,,,,22900    CANTLAY                      ST,,34.2019,-118.6262
242010397,07/19/2024 12:00:00 AM,07/18/2024 12:00:00 AM,1129,20,Olympic,2021,1,341,"THEFT-GRAND ($950.01 & OVER)EXCPT,GUNS,FOWL,LIVESTK,PROD",0344 0394 1822 2032,39,M,O,121,YARD (RESIDENTIAL/BUSINESS),,,IC,Invest Cont,341,,,,300    WESTMINSTER                  AV,,34.069,-118.3162
241510859,05/28/2024 12:00:00 AM,02/18/2024 12:00:00 AM,1330,15,N Hollywood,1547,2,940,EXTORTION,1822 0443 0500 1501 0344,19,F,H,502,"MULTI-UNIT DWELLING (APARTMENT, DUPLEX, ETC)",,,IC,Invest Cont,940,,,,11400    BURBANK                      BL,,34.1722,-118.379
240804139,01/04/2024 12:00:00 AM,01/03/2024 12:00:00 AM,1045,08,West LA,0834,2,624,BATTERY - SIMPLE ASSAULT,1202 0603 0400 0444,65,F,B,502,"MULTI-UNIT DWELLING (APARTMENT, DUPLEX, ETC)",400,"STRONG-ARM (HANDS, FIST, FEET OR BODILY FORCE)",IC,Invest Cont,624,,,,10500    WILSHIRE                     BL,,34.0643,-118.4321
241706010,02/15/2024 12:00:00 AM,01/05/2024 12:00:00 AM,1200,17,Devonshire,1735,2,354,THEFT OF IDENTITY,1902,71,F,W,501,SINGLE FAMILY DWELLING,,,IC,Invest Cont,354,,,,17900    TULSA                        ST,,34.2686,-118.5234
241205630,01/27/2024 12:00:00 AM,01/27/2024 12:00:00 AM,0200,12,77th Street,1259,1,510,VEHICLE - STOLEN,,0,,,101,STREET,,,IC,Invest Cont,510,,,,700 E  76TH                         PL,,33.9703,-118.263
241309223,05/10/2024 12:00:00 AM,05/10/2024 12:00:00 AM,0750,13,Newton,1317,1,331,THEFT FROM MOTOR VEHICLE - GRAND ($950.01 AND OVER),1307,28,F,H,102,SIDEWALK,,,IC,Invest Cont,331,,,,1700 E  15TH                         ST,,34.0242,-118.2419
241112438,11/27/2024 12:00:00 AM,11/26/2024 12:00:00 AM,2230,11,Northeast,1133,1,510,VEHICLE - STOLEN,,0,,,101,STREET,,,IC,Invest Cont,510,,,,3300    MADERA                       AV,,34.1132,-118.2576
240210341,05/29/2024 12:00:00 AM,05/29/2024 12:00:00 AM,1730,02,Rampart,0205,1,442,SHOPLIFTING - PETTY THEFT ($950 & UNDER),1822 2004 0325 0344,0,X,X,404,DEPARTMENT STORE,,,IC,Invest Cont,442,,,,600 N  DILLON                       ST,,34.0786,-118.2788
240406735,04/02/2024 12:00:00 AM,03/31/2024 12:00:00 AM,1040,04,Hollenbeck,0415,1,510,VEHICLE - STOLEN,,0,,,101,STREET,,,IC,Invest Cont,510,,,,2600    SICHEL                       ST,,34.0765,-118.2132
240405755,02/23/2024 12:00:00 AM,02/23/2024 12:00:00 AM,1400,04,Hollenbeck,0415,1,510,VEHICLE - STOLEN,,0,,,101,STREET,,,IC,Invest Cont,510,,,,BROADWAY,HANCOCK,34.0737,-118.2091
240116424,08/09/2024 12:00:00 AM,08/01/2024 12:00:00 AM,1410,01,Central,0119,1,440,THEFT PLAIN - PETTY ($950 & UNDER),1822 0344,0,X,X,217,AUTO REPAIR SHOP,,,IC,Invest Cont,440,,,,500    RAMIREZ                      ST,,34.055,-118.2321
241011569,10/11/2024 12:00:00 AM,10/11/2024 12:00:00 AM,0105,10,West Valley,1035,1,510,VEHICLE - STOLEN,,0,,,101,STREET,,,IC,Invest Cont,510,,,,18300    KITTRIDGE                    ST,,34.1903,-118.5317
240207906,03/19/2024 12:00:00 AM,03/19/2024 12:00:00 AM,1349,02,Rampart,0235,2,354,THEFT OF IDENTITY,0100,0,M,O,203,OTHER BUSINESS,,,IC,Invest Cont,354,,,,2100 W  TEMPLE                       ST,,34.0703,-118.268
241608526,05/24/2024 12:00:00 AM,03/25/2024 12:00:00 AM,0950,16,Foothill,1633,1,440,THEFT PLAIN - PETTY ($950 & UNDER),0344,31,F,B,116,OTHER/OUTSIDE,,,IC,Invest Cont,440,,,,11800    FOOTHILL                     BL,,34.2736,-118.3939
241408736,04/16/2024 12:00:00 AM,04/16/2024 12:00:00 AM,1225,14,Pacific,1494,1,440,THEFT PLAIN - PETTY ($950 & UNDER),1822 0344,31,M,H,212,TRANSPORTATION FACILITY (AIRPORT),500,UNKNOWN WEAPON/OTHER WEAPON,IC,Invest Cont,440,,,,300    WORLD                        WY,,33.9455,-118.4001
241809281,04/24/2024 12:00:00 AM,03/15/2024 12:00:00 AM,1155,18,Southeast,1824,1,341,"THEFT-GRAND ($950.01 & OVER)EXCPT,GUNS,FOWL,LIVESTK,PROD",1822 0394 0344,30,F,H,501,SINGLE FAMILY DWELLING,,,IC,Invest Cont,341,,,,700 E  93RD                         ST,,33.952,-118.263
241312558,08/27/2024 12:00:00 AM,08/24/2024 12:00:00 AM,2025,13,Newton,1333,1,440,THEFT PLAIN - PETTY ($950 & UNDER),0325,36,M,H,405,CLOTHING STORE,,,IC,Invest Cont,440,,,,3200 S  CENTRAL                      AV,,34.0174,-118.2621
241605197,02/09/2024 12:00:00 AM,02/09/2024 12:00:00 AM,1330,16,Foothill,1611,2,624,BATTERY - SIMPLE ASSAULT,2024 1259 0913 0416 1402 0446,15,M,H,729,SPECIALTY SCHOOL/OTHER,400,"STRONG-ARM (HANDS, FIST, FEET OR BODILY FORCE)",JO,Juv Other,624,998,,,11500    HERRICK                      AV,,34.2792,-118.4233
240316009,11/06/2024 12:00:00 AM,10/30/2024 12:00:00 AM,1600,03,Southwest,0338,1,420,THEFT FROM MOTOR VEHICLE - PETTY ($950 & UNDER),,0,,,101,STREET,,,IC,Invest Cont,420,,,,1200 W  30TH                         ST,,34.0275,-118.2891
240306384,02/15/2024 12:00:00 AM,02/15/2024 12:00:00 AM,1330,03,Southwest,0319,2,626,INTIMATE PARTNER - SIMPLE ASSAULT,0416 0913 1251 1259 1814 2000 2024,16,F,H,729,SPECIALTY SCHOOL/OTHER,400,"STRONG-ARM (HANDS, FIST, FEET OR BODILY FORCE)",JA,Juv Arrest,626,,,,2300    FIGUEROA                     WY,,34.0311,-118.275
240310543,05/16/2024 12:00:00 AM,05/16/2024 12:00:00 AM,0400,03,Southwest,0318,2,740,"VANDALISM - FELONY ($400 & OVER, ALL CHURCH VANDALISMS)",0329 1822 1307,34,F,H,122,"VEHICLE, PASSENGER/TRUCK",,,IC,Invest Cont,740,,,,1400 W  23RD                         ST,,34.0352,-118.289
240707201,03/16/2024 12:00:00 AM,03/16/2024 12:00:00 AM,1725,07,Wilshire,0724,1,352,PICKPOCKET,0346,55,F,K,203,OTHER BUSINESS,,,IC,Invest Cont,352,,,,6300 W  3RD                          ST,,34.0735,-118.3571
242014003,12/12/2024 12:00:00 AM,12/11/2024 12:00:00 AM,1715,20,Olympic,2027,1,440,THEFT PLAIN - PETTY ($950 & UNDER),0344 1822,35,F,H,502,"MULTI-UNIT DWELLING (APARTMENT, DUPLEX, ETC)",,,IC,Invest Cont,440,,,,600 S  NORMANDIE                    AV,,34.0636,-118.3004
241006751,03/16/2024 12:00:00 AM,03/16/2024 12:00:00 AM,1650,10,West Valley,1023,2,930,CRIMINAL THREATS - NO WEAPON DISPLAYED,0913 0421,60,M,O,203,OTHER BUSINESS,511,VERBAL THREAT,IC,Invest Cont,930,,,,6700    TAMPA                        AV,,34.1923,-118.5534
240115698,07/30/2024 12:00:00 AM,07/30/2024 12:00:00 AM,0700,01,Central,0119,2,888,TRESPASSING,0910,0,M,O,834,LA UNION STATION (NOT LINE SPECIFIC),,,IC,Invest Cont,888,,,,800 N  ALAMEDA                      ST,,34.0561,-118.2375
241508023,03/22/2024 12:00:00 AM,03/07/2024 12:00:00 AM,1200,15,N Hollywood,1504,1,341,"THEFT-GRAND ($950.01 & OVER)EXCPT,GUNS,FOWL,LIVESTK,PROD",0344,0,M,O,710,OTHER PREMISE,,,IC,Invest Cont,341,,,,7300    HINDS                        AV,,34.203,-118.391
241415576,12/03/2024 12:00:00 AM,12/01/2024 12:00:00 AM,0200,14,Pacific,1488,1,510,VEHICLE - STOLEN,,0,,,707,GARAGE/CARPORT,,,IC,Invest Cont,510,,,,5700 W  CENTURY                      BL,,33.9456,-118.3797
242005873,02/10/2024 12:00:00 AM,02/10/2024 12:00:00 AM,2100,20,Olympic,2049,1,230,"ASSAULT WITH DEADLY WEAPON, AGGRAVATED ASSAULT",0305 0400 0408 0531 0913 1202 1818,60,F,B,502,"MULTI-UNIT DWELLING (APARTMENT, DUPLEX, ETC)",400,"STRONG-ARM (HANDS, FIST, FEET OR BODILY FORCE)",AO,Adult Other,230,,,,2900    FRANCIS                      AV,,34.0568,-118.2891
240606310,02/18/2024 12:00:00 AM,02/18/2024 12:00:00 AM,2115,06,Hollywood,0629,2,740,"VANDALISM - FELONY ($400 & OVER, ALL CHURCH VANDALISMS)",2004 0329 1822 1609 0447,40,F,O,203,OTHER BUSINESS,212,BOTTLE,IC,Invest Cont,740,,,,5800    FRANKLIN                     AV,,34.115,-118.3124
241309837,05/31/2024 12:00:00 AM,05/31/2024 12:00:00 AM,1000,13,Newton,1345,1,510,VEHICLE - STOLEN,,0,,,101,STREET,,,AA,Adult Arrest,510,,,,3300 S  CENTRAL                      AV,,34.0136,-118.2565
241105519,02/09/2024 12:00:00 AM,01/23/2024 12:00:00 AM,0005,11,Northeast,1144,2,354,THEFT OF IDENTITY,0100 0930,44,F,O,501,SINGLE FAMILY DWELLING,,,IC,Invest Cont,354,,,,3700    LANDA                        ST,,34.1008,-118.2668
241312667,08/30/2024 12:00:00 AM,08/29/2024 12:00:00 AM,1530,13,Newton,1331,1,330,BURGLARY FROM VEHICLE,0344,23,F,H,101,STREET,,,IC,Invest Cont,330,,,,100 W  27TH                         ST,,34.0238,-118.2693
241711535,07/26/2024 12:00:00 AM,07/26/2024 12:00:00 AM,2057,17,Devonshire,1764,1,440,THEFT PLAIN - PETTY ($950 & UNDER),0344,19,F,W,727,SHOPPING MALL (COMMON AREA),,,IC,Invest Cont,440,,,,9300    TAMPA                        AV,,34.244,-118.5583
242010993,08/24/2024 12:00:00 AM,08/21/2024 12:00:00 AM,1600,20,Olympic,2014,1,510,VEHICLE - STOLEN,,0,,,101,STREET,,,IC,Invest Cont,510,,,,200 S  ARDMORE                      AV,,34.0712,-118.3016
240216253,10/22/2024 12:00:00 AM,10/18/2024 12:00:00 AM,1530,02,Rampart,0201,1,341,"THEFT-GRAND ($950.01 & OVER)EXCPT,GUNS,FOWL,LIVESTK,PROD",1822 0344,0,X,X,102,SIDEWALK,,,IC,Invest Cont,341,,,,4600    WILLOW BROOK                 AV,,34.0894,-118.2917
240805329,02/05/2024 12:00:00 AM,01/31/2024 12:00:00 AM,1041,08,West LA,0829,2,928,THREATENING PHONE CALLS/LETTERS,0903,0,X,X,203,OTHER BUSINESS,500,UNKNOWN WEAPON/OTHER WEAPON,AA,Adult Arrest,928,,,,10400    SANTA MONICA                 BL,,34.0571,-118.4251
241007546,04/07/2024 12:00:00 AM,04/06/2024 12:00:00 AM,2215,10,West Valley,1043,1,420,THEFT FROM MOTOR VEHICLE - PETTY ($950 & UNDER),1300 1822 0344 0385,22,F,W,101,STREET,,,IC,Invest Cont,420,,,,RESEDA,HATTERAS,34.1775,-118.536
240610531,07/15/2024 12:00:00 AM,07/12/2024 12:00:00 AM,1200,06,Hollywood,0677,1,420,THEFT FROM MOTOR VEHICLE - PETTY ($950 & UNDER),,0,,,101,STREET,,,IC,Invest Cont,420,,,,MONROE,WILTON,34.0858,-118.3136
240706744,03/05/2024 12:00:00 AM,03/05/2024 12:00:00 AM,1233,07,Wilshire,0724,1,442,SHOPLIFTING - PETTY THEFT ($950 & UNDER),0325,23,X,X,415,THE GROVE,,,IC,Invest Cont,442,,,,100    THE GROVE                    DR,,34.0736,-118.3563
241705510,02/05/2024 12:00:00 AM,02/03/2024 12:00:00 AM,1230,17,Devonshire,1764,2,860,BATTERY WITH SEXUAL CONTACT,0500 0913 1804 0416,51,F,B,210,RESTAURANT/FAST FOOD,400,"STRONG-ARM (HANDS, FIST, FEET OR BODILY FORCE)",IC,Invest Cont,860,,,,9300    TAMPA                        AV,,34.244,-118.5583
241610302,09/11/2024 12:00:00 AM,09/10/2024 12:00:00 AM,2200,16,Foothill,1622,2,956,"LETTERS, LEWD  -  TELEPHONE CALLS, LEWD",1501,28,F,H,501,SINGLE FAMILY DWELLING,,,IC,Invest Cont,956,,,,11200    TAMARACK                     AV,,34.2731,-118.4343
240106352,02/01/2024 12:00:00 AM,02/01/2024 12:00:00 AM,1700,01,Central,0163,1,510,VEHICLE - STOLEN,,0,,,108,PARKING LOT,,,IC,Invest Cont,510,,,,800 S  HILL                         ST,,34.0445,-118.2558
240604964,01/21/2024 12:00:00 AM,01/21/2024 12:00:00 AM,1925,06,Hollywood,0636,1,440,THEFT PLAIN - PETTY ($950 & UNDER),0344 1300 2014 2021 0352,32,F,O,101,STREET,,,IC,Invest Cont,440,,,,6600    YUCCA                        ST,,34.1032,-118.3334
240606167,02/15/2024 12:00:00 AM,02/15/2024 12:00:00 AM,0722,06,Hollywood,0638,2,740,"VANDALISM - FELONY ($400 & OVER, ALL CHURCH VANDALISMS)",1300 1822 0329,29,M,F,502,"MULTI-UNIT DWELLING (APARTMENT, DUPLEX, ETC)",,,IC,Invest Cont,740,,,,1700    GARFIELD                     PL,,34.1017,-118.3107
241508201,03/27/2024 12:00:00 AM,03/26/2024 12:00:00 AM,1700,15,N Hollywood,1586,1,440,THEFT PLAIN - PETTY ($950 & UNDER),2048 1822 0324 2304 0910,0,X,X,912,MTA - RED LINE - UNIVERSAL CITY/STUDIO CITY,,,IC,Invest Cont,440,,,,3900    LANKERSHIM                   BL,,34.1393,-118.362
241511732,07/02/2024 12:00:00 AM,06/29/2024 12:00:00 AM,0500,15,N Hollywood,1548,1,420,THEFT FROM MOTOR VEHICLE - PETTY ($950 & UNDER),,0,,,101,STREET,,,IC,Invest Cont,420,,,,11100    WEDDINGTON                   ST,,34.167,-118.3725
242007897,03/31/2024 12:00:00 AM,03/31/2024 12:00:00 AM,0740,20,Olympic,2014,2,626,INTIMATE PARTNER - SIMPLE ASSAULT,2000 1813 1243 0400 0444 0417 0354,25,F,H,502,"MULTI-UNIT DWELLING (APARTMENT, DUPLEX, ETC)",400,"STRONG-ARM (HANDS, FIST, FEET OR BODILY FORCE)",AO,Adult Other,626,,,,100 S  NORMANDIE                    AV,,34.0726,-118.3029
241906890,03/18/2024 12:00:00 AM,03/17/2024 12:00:00 AM,2020,19,Mission,1985,2,624,BATTERY - SIMPLE ASSAULT,0913 1817 0416 0419,30,F,H,108,PARKING LOT,400,"STRONG-ARM (HANDS, FIST, FEET OR BODILY FORCE)",IC,Invest Cont,624,,,,VESPER,CHASE,34.2247,-118.4503
241411270,07/15/2024 12:00:00 AM,07/04/2024 12:00:00 AM,1100,14,Pacific,1441,1,440,THEFT PLAIN - PETTY ($950 & UNDER),0344,35,M,W,117,BEACH,,,IC,Invest Cont,440,,,,WASHINGTON,SPEEDWAY,33.9792,-118.4666
241912943,11/08/2024 12:00:00 AM,11/03/2024 12:00:00 AM,2015,19,Mission,1905,2,740,"VANDALISM - FELONY ($400 & OVER, ALL CHURCH VANDALISMS)",0329,37,F,H,108,PARKING LOT,,,IC,Invest Cont,740,,,,13900    FOOTHILL                     BL,,34.3155,-118.4343
241706513,02/22/2024 12:00:00 AM,02/22/2024 12:00:00 AM,1440,17,Devonshire,1701,1,440,THEFT PLAIN - PETTY ($950 & UNDER),0344,80,F,W,402,MARKET,,,IC,Invest Cont,440,,,,20200    RINALDI                      ST,,34.2748,-118.5791
241109349,07/17/2024 12:00:00 AM,07/17/2024 12:00:00 AM,1130,11,Northeast,1143,1,510,VEHICLE - STOLEN,,0,,,101,STREET,,,IC,Invest Cont,510,,,,FRANKLIN                     AV,WESTERN                      AV,34.1053,-118.2785
240311515,06/19/2024 12:00:00 AM,06/18/2024 12:00:00 AM,1900,03,Southwest,0315,1,510,VEHICLE - STOLEN,,0,,,101,STREET,,,IC,Invest Cont,510,,,,2400 S  ST ANDREWS                   PL,,34.0347,-118.3113
240705118,01/27/2024 12:00:00 AM,01/26/2024 12:00:00 AM,1715,07,Wilshire,0701,1,310,BURGLARY,0358 1822 0344 1609,0,X,X,203,OTHER BUSINESS,,,IC,Invest Cont,310,,,,8200    MELROSE                      AV,,34.0837,-118.368
240120854,11/05/2024 12:00:00 AM,11/05/2024 12:00:00 AM,1937,01,Central,0162,1,442,SHOPLIFTING - PETTY THEFT ($950 & UNDER),0325,0,M,O,405,CLOTHING STORE,,,IC,Invest Cont,442,,,,700 W  7TH                          ST,,34.048,-118.2577
241308706,04/24/2024 12:00:00 AM,04/24/2024 12:00:00 AM,1220,13,Newton,1313,2,624,BATTERY - SIMPLE ASSAULT,0910 0446 1822 0429 2052 2050,29,M,H,934,MTA - BLUE LINE - SAN PEDRO,400,"STRONG-ARM (HANDS, FIST, FEET OR BODILY FORCE)",IC,Invest Cont,624,,,,WASHINGTON                   BL,CENTRAL                      AV,34.0244,-118.2506
240608907,05/02/2024 12:00:00 AM,04/30/2024 12:00:00 AM,1538,06,Hollywood,0666,1,440,THEFT PLAIN - PETTY ($950 & UNDER),1822 0344 0349 1501,30,M,O,502,"MULTI-UNIT DWELLING (APARTMENT, DUPLEX, ETC)",,,IC,Invest Cont,440,,,,1200    LODI                         PL,,34.0926,-118.3234
241012510,11/27/2024 12:00:00 AM,11/26/2024 12:00:00 AM,1100,10,West Valley,1033,1,420,THEFT FROM MOTOR VEHICLE - PETTY ($950 & UNDER),,0,,,101,STREET,,,IC,Invest Cont,420,,,,6400    VANALDEN                     AV,,34.1866,-118.5491
240410696,10/08/2024 12:00:00 AM,10/08/2024 12:00:00 AM,1630,04,Hollenbeck,0401,2,624,BATTERY - SIMPLE ASSAULT,0416 0913 0361,53,M,H,101,STREET,400,"STRONG-ARM (HANDS, FIST, FEET OR BODILY FORCE)",IC,Invest Cont,624,,,,100 E  AVENUE 35,,34.0898,-118.2075
240111502,05/07/2024 12:00:00 AM,04/23/2024 12:00:00 AM,2245,01,Central,0185,2,740,"VANDALISM - FELONY ($400 & OVER, ALL CHURCH VANDALISMS)",0329,53,M,W,108,PARKING LOT,,,IC,Invest Cont,740,,,,1100 S  BROADWAY,,34.0396,-118.259
240612056,09/20/2024 12:00:00 AM,09/19/2024 12:00:00 AM,2345,06,Hollywood,0646,1,352,PICKPOCKET,1822 0344,21,F,W,735,NIGHT CLUB (OPEN EVENINGS ONLY),,,IC,Invest Cont,352,,,,1500    WILCOX                       AV,,34.098,-118.331
240704754,01/18/2024 12:00:00 AM,01/18/2024 12:00:00 AM,1650,07,Wilshire,0764,1,230,"ASSAULT WITH DEADLY WEAPON, AGGRAVATED ASSAULT",1822 0447 1257,5,M,H,124,BUS STOP,212,BOTTLE,IC,Invest Cont,230,,,,VENICE,HAUSER,34.0441,-118.3586
240512785,11/21/2024 12:00:00 AM,10/21/2024 12:00:00 AM,0800,05,Harbor,0523,1,341,"THEFT-GRAND ($950.01 & OVER)EXCPT,GUNS,FOWL,LIVESTK,PROD",,0,,,101,STREET,,,IC,Invest Cont,341,,,,2000    JOHN S GIBSON                BL,,33.7566,-118.2896
241204287,01/04/2024 12:00:00 AM,01/04/2024 12:00:00 AM,1230,12,77th Street,1265,1,310,BURGLARY,0344 1822 1601,44,F,H,501,SINGLE FAMILY DWELLING,,,IC,Invest Cont,310,,,,1500 W  85TH                         ST,,33.9609,-118.3025
241410565,06/15/2024 12:00:00 AM,06/15/2024 12:00:00 AM,1312,14,Pacific,1452,1,480,BIKE - STOLEN,0344,35,F,W,117,BEACH,,,IC,Invest Cont,480,,,,FLEET                        ST,SPEEDWAY,33.9761,-118.4638
241411919,08/06/2024 12:00:00 AM,08/05/2024 12:00:00 AM,2000,14,Pacific,1444,1,510,VEHICLE - STOLEN,,0,,,707,GARAGE/CARPORT,,,IC,Invest Cont,510,,,,13600    MARINA POINTE                DR,,33.9849,-118.4445
241307725,03/24/2024 12:00:00 AM,03/23/2024 12:00:00 AM,2315,13,Newton,1331,1,330,BURGLARY FROM VEHICLE,0344 0358 1307 1822,56,M,B,101,STREET,500,UNKNOWN WEAPON/OTHER WEAPON,IC,Invest Cont,330,,,,100 W  30TH                         ST,,34.0218,-118.2706
242007693,03/25/2024 12:00:00 AM,03/25/2024 12:00:00 AM,0940,20,Olympic,2024,2,624,BATTERY - SIMPLE ASSAULT,1514 0444 2030 0903 0104 0432 0913 2028,53,M,B,403,DRUG STORE,400,"STRONG-ARM (HANDS, FIST, FEET OR BODILY FORCE)",AO,Adult Other,624,946,,,3700    WILSHIRE                     BL,,34.0636,-118.3047
240709186,06/01/2024 12:00:00 AM,06/01/2024 12:00:00 AM,0530,07,Wilshire,0764,1,510,VEHICLE - STOLEN,,0,,,101,STREET,,,IC,Invest Cont,510,,,,1400 S  DUNSMUIR                     AV,,34.0483,-118.3537
241505513,01/31/2024 12:00:00 AM,01/02/2024 12:00:00 AM,1200,15,N Hollywood,1569,1,510,VEHICLE - STOLEN,,0,,,101,STREET,,,AO,Adult Other,510,,,,RIVERSIDE                    DR,CAHUENGA                     BL,34.1522,-118.3615
241913471,12/02/2024 12:00:00 AM,12/01/2024 12:00:00 AM,2300,19,Mission,1985,1,420,THEFT FROM MOTOR VEHICLE - PETTY ($950 & UNDER),,0,,,101,STREET,,,IC,Invest Cont,420,,,,TOBIAS,PARTHENIA,34.228,-118.4517
242113160,11/15/2024 12:00:00 AM,11/13/2024 12:00:00 AM,1500,21,Topanga,2177,2,956,"LETTERS, LEWD  -  TELEPHONE CALLS, LEWD",1906 1912,50,M,W,203,OTHER BUSINESS,,,AO,Adult Other,956,,,,21200    BURBANK                      BL,,34.1733,-118.594
241510453,05/14/2024 12:00:00 AM,05/14/2024 12:00:00 AM,1720,15,N Hollywood,1524,1,510,VEHICLE - STOLEN,,0,,,108,PARKING LOT,,,IC,Invest Cont,510,,,,6400    BELLINGHAM                   AV,,34.1867,-118.3987
240214021,09/05/2024 12:00:00 AM,09/04/2024 12:00:00 AM,0250,02,Rampart,0205,2,956,"LETTERS, LEWD  -  TELEPHONE CALLS, LEWD",1906 1822,34,F,W,710,OTHER PREMISE,,,IC,Invest Cont,956,,,,900    MICHELTORENA                 ST,,34.0839,-118.2781
241205697,01/28/2024 12:00:00 AM,01/28/2024 12:00:00 AM,1749,12,77th Street,1258,2,740,"VANDALISM - FELONY ($400 & OVER, ALL CHURCH VANDALISMS)",0329 1609,0,X,X,726,POLICE FACILITY,,,IC,Invest Cont,740,,,,7600 S  BROADWAY,,33.9708,-118.2783
240810464,08/28/2024 12:00:00 AM,07/28/2024 12:00:00 AM,0800,08,West LA,0809,1,420,THEFT FROM MOTOR VEHICLE - PETTY ($950 & UNDER),,0,,,101,STREET,,,IC,Invest Cont,420,,,,9500    CHEROKEE                     LN,,34.1104,-118.4024
240608411,04/04/2024 12:00:00 AM,04/03/2024 12:00:00 AM,1525,06,Hollywood,0666,1,341,"THEFT-GRAND ($950.01 & OVER)EXCPT,GUNS,FOWL,LIVESTK,PROD",1822 0344 1501 0394 0361,33,F,X,502,"MULTI-UNIT DWELLING (APARTMENT, DUPLEX, ETC)",,,IC,Invest Cont,341,,,,6400 W  SUNSET                       BL,,34.098,-118.3288
241708856,04/25/2024 12:00:00 AM,04/25/2024 12:00:00 AM,1641,17,Devonshire,1782,2,624,BATTERY - SIMPLE ASSAULT,0447 1822 0444,38,F,H,108,PARKING LOT,500,UNKNOWN WEAPON/OTHER WEAPON,IC,Invest Cont,624,,,,19600    PARTHENIA                    ST,,34.2312,-118.5632
241309688,05/26/2024 12:00:00 AM,05/26/2024 12:00:00 AM,1535,13,Newton,1341,2,740,"VANDALISM - FELONY ($400 & OVER, ALL CHURCH VANDALISMS)",0329 1402 0913,0,M,W,102,SIDEWALK,,,IC,Invest Cont,740,998,,,3700 S  BROADWAY,,34.0158,-118.2759
241510427,05/13/2024 12:00:00 AM,04/27/2024 12:00:00 AM,1200,15,N Hollywood,1527,2,740,"VANDALISM - FELONY ($400 & OVER, ALL CHURCH VANDALISMS)",1822 0329 0344,50,M,W,501,SINGLE FAMILY DWELLING,,,IC,Invest Cont,740,,,,6400    KLUMP                        AV,,34.1867,-118.3758
241910456,07/27/2024 12:00:00 AM,06/24/2024 12:00:00 AM,2300,19,Mission,1994,2,740,"VANDALISM - FELONY ($400 & OVER, ALL CHURCH VANDALISMS)",0329 1822,0,M,O,108,PARKING LOT,,,IC,Invest Cont,740,,,,14500    LANARK                       ST,,34.2184,-118.4547
240204472,01/02/2024 12:00:00 AM,01/02/2024 12:00:00 AM,0606,02,Rampart,0275,2,354,THEFT OF IDENTITY,0100 0922 1822,34,F,B,502,"MULTI-UNIT DWELLING (APARTMENT, DUPLEX, ETC)",,,IC,Invest Cont,354,,,,1000 S  WESTLAKE                     AV,,34.0512,-118.2787
240109225,03/18/2024 12:00:00 AM,03/16/2024 12:00:00 AM,1200,01,Central,0135,1,341,"THEFT-GRAND ($950.01 & OVER)EXCPT,GUNS,FOWL,LIVESTK,PROD",0344,39,M,W,124,BUS STOP,,,IC,Invest Cont,341,,,,E  3RD                          ST,S  MAIN                         ST,34.0495,-118.2459
240113101,06/20/2024 12:00:00 AM,06/20/2024 12:00:00 AM,0830,01,Central,0123,1,330,BURGLARY FROM VEHICLE,0344 1307 0329,25,F,O,707,GARAGE/CARPORT,,,IC,Invest Cont,330,,,,200 W  2ND                          ST,,34.0541,-118.2451
240409796,08/30/2024 12:00:00 AM,08/29/2024 12:00:00 AM,1803,04,Hollenbeck,0497,1,442,SHOPLIFTING - PETTY THEFT ($950 & UNDER),0344 0325,0,X,X,203,OTHER BUSINESS,,,IC,Invest Cont,442,,,,2700 E  OLYMPIC                      BL,,34.0243,-118.2198
240704088,01/03/2024 12:00:00 AM,01/02/2024 12:00:00 AM,2000,07,Wilshire,0737,1,510,VEHICLE - STOLEN,,0,,,101,STREET,,,IC,Invest Cont,510,,,,300 S  SYCAMORE                     AV,,34.0689,-118.3429
240605344,01/25/2024 12:00:00 AM,01/24/2024 12:00:00 AM,1830,06,Hollywood,0642,2,740,"VANDALISM - FELONY ($400 & OVER, ALL CHURCH VANDALISMS)",2304,47,F,W,502,"MULTI-UNIT DWELLING (APARTMENT, DUPLEX, ETC)",,,IC,Invest Cont,740,,,,1600    COURTNEY                     AV,,34.1004,-118.3572
240311353,06/13/2024 12:00:00 AM,06/12/2024 12:00:00 AM,0200,03,Southwest,0337,1,510,VEHICLE - STOLEN,,0,,,101,STREET,,,IC,Invest Cont,510,,,,2900    HALLDALE                     AV,,34.0291,-118.3028
241814165,10/26/2024 12:00:00 AM,10/25/2024 12:00:00 AM,1800,18,Southeast,1822,1,420,THEFT FROM MOTOR VEHICLE - PETTY ($950 & UNDER),,0,,,101,STREET,,,IC,Invest Cont,420,,,,BROADWAY,COLDEN,33.9492,-118.2784
240509851,07/01/2024 12:00:00 AM,06/29/2024 12:00:00 AM,0600,05,Harbor,0514,1,510,VEHICLE - STOLEN,,0,,,101,STREET,,,IC,Invest Cont,510,,,,1200 N  WILMINGTON                   BL,,33.7897,-118.2787
241112575,12/03/2024 12:00:00 AM,12/03/2024 12:00:00 AM,1900,11,Northeast,1107,2,740,"VANDALISM - FELONY ($400 & OVER, ALL CHURCH VANDALISMS)",0329 1300,69,F,H,501,SINGLE FAMILY DWELLING,,,IC,Invest Cont,740,,,,1400    YOSEMITE                     DR,,34.1327,-118.196
241806221,02/17/2024 12:00:00 AM,02/17/2024 12:00:00 AM,0450,18,Southeast,1822,1,230,"ASSAULT WITH DEADLY WEAPON, AGGRAVATED ASSAULT",1822 1252 0432 0340,52,F,H,101,STREET,207,OTHER KNIFE,IC,Invest Cont,230,,,,CENTURY                      BL,BROADWAY,33.9456,-118.2784
241408314,04/02/2024 12:00:00 AM,04/02/2024 12:00:00 AM,1900,14,Pacific,1431,1,440,THEFT PLAIN - PETTY ($950 & UNDER),0344,37,F,A,117,BEACH,,,IC,Invest Cont,440,,,,1500    OCEAN FRONT                  WK,,33.9874,-118.4741
241006143,02/29/2024 12:00:00 AM,02/23/2024 12:00:00 AM,1556,10,West Valley,1018,1,440,THEFT PLAIN - PETTY ($950 & UNDER),0394 1822 0344,42,M,O,119,"PORCH, RESIDENTIAL",,,IC,Invest Cont,440,,,,15800    SATICOY                      ST,,34.2085,-118.4771
240100629,03/01/2024 12:00:00 AM,03/01/2024 12:00:00 AM,1230,01,Central,0129,1,520,VEHICLE - ATTEMPT STOLEN,1300 1402 1307 0329 1302,32,M,W,101,STREET,,,IC,Invest Cont,520,998,,,100 N  SANTA FE                     AV,,34.0485,-118.2326
242005258,01/28/2024 12:00:00 AM,01/28/2024 12:00:00 AM,1920,20,Olympic,2069,2,951,"DEFRAUDING INNKEEPER/THEFT OF SERVICES, $950 & UNDER",1822 0342 1309 0202,0,X,X,220,NAIL SALON,,,IC,Invest Cont,951,,,,2200 W  PICO                         BL,,34.0499,-118.2879
242107962,04/12/2024 12:00:00 AM,03/30/2024 12:00:00 AM,1805,21,Topanga,2156,1,442,SHOPLIFTING - PETTY THEFT ($950 & UNDER),0325,0,M,W,405,CLOTHING STORE,,,IC,Invest Cont,442,,,,6600    TOPANGA CANYON               BL,,34.1904,-118.6059
241707479,03/23/2024 12:00:00 AM,03/23/2024 12:00:00 AM,2100,17,Devonshire,1723,2,626,INTIMATE PARTNER - SIMPLE ASSAULT,2000 1814 0444 0913 0429,42,F,W,101,STREET,400,"STRONG-ARM (HANDS, FIST, FEET OR BODILY FORCE)",AO,Adult Other,626,,,,20300    TAU                          PL,,34.2609,-118.5754
241610426,09/10/2024 12:00:00 AM,09/07/2024 12:00:00 AM,1433,16,Foothill,1684,1,440,THEFT PLAIN - PETTY ($950 & UNDER),0394,25,M,O,501,SINGLE FAMILY DWELLING,,,IC,Invest Cont,440,,,,7900    BEN                          AV,,34.2139,-118.3943
240512675,11/15/2024 12:00:00 AM,11/15/2024 12:00:00 AM,1745,05,Harbor,0515,2,956,"LETTERS, LEWD  -  TELEPHONE CALLS, LEWD",1803,41,F,H,504,OTHER RESIDENCE,,,IC,Invest Cont,956,,,,1400    RONAN                        AV,,33.7907,-118.2729
240213570,07/30/2024 12:00:00 AM,07/30/2024 12:00:00 AM,0115,02,Rampart,0235,2,740,"VANDALISM - FELONY ($400 & OVER, ALL CHURCH VANDALISMS)",1822 0329,0,X,X,203,OTHER BUSINESS,,,IC,Invest Cont,740,,,,200 S  ALVARADO                     ST,,34.0677,-118.2731
241610298,09/11/2024 12:00:00 AM,09/10/2024 12:00:00 AM,1335,16,Foothill,1681,1,341,"THEFT-GRAND ($950.01 & OVER)EXCPT,GUNS,FOWL,LIVESTK,PROD",0344,56,F,W,402,MARKET,,,IC,Invest Cont,341,,,,8300    LAUREL CANYON                BL,,34.2217,-118.3965
240711977,10/12/2024 12:00:00 AM,10/07/2024 12:00:00 AM,1935,07,Wilshire,0736,1,442,SHOPLIFTING - PETTY THEFT ($950 & UNDER),0325 2028,23,X,X,203,OTHER BUSINESS,,,IC,Invest Cont,442,,,,400 S  LA BREA                      AV,,34.0669,-118.3456
241106355,03/03/2024 12:00:00 AM,02/28/2024 12:00:00 AM,0930,11,Northeast,1186,1,440,THEFT PLAIN - PETTY ($950 & UNDER),0344,44,F,W,203,OTHER BUSINESS,,,AO,Adult Other,440,,,,1800    ACADEMY                      DR,,34.0807,-118.2425
240706601,03/02/2024 12:00:00 AM,03/02/2024 12:00:00 AM,1159,07,Wilshire,0737,1,442,SHOPLIFTING - PETTY THEFT ($950 & UNDER),0325 1822,0,X,X,202,LIQUOR STORE,,,IC,Invest Cont,442,,,,5200    WILSHIRE                     BL,,34.0622,-118.3429
241211040,04/30/2024 12:00:00 AM,04/28/2024 12:00:00 AM,1655,12,77th Street,1268,1,440,THEFT PLAIN - PETTY ($950 & UNDER),0344,31,M,B,412,"ELECTRONICS STORE (IE:RADIO SHACK, ETC.)",,,IC,Invest Cont,440,,,,100 W  82ND                         ST,,33.9651,-118.2739
240408022,06/04/2024 12:00:00 AM,06/01/2024 12:00:00 AM,2330,04,Hollenbeck,0489,1,331,THEFT FROM MOTOR VEHICLE - GRAND ($950.01 AND OVER),1300 0329 0385 0344,0,M,H,104,DRIVEWAY,,,IC,Invest Cont,331,,,,3000 E  8TH                          ST,,34.0249,-118.2121
241711744,08/03/2024 12:00:00 AM,07/24/2024 12:00:00 AM,1500,17,Devonshire,1751,2,740,"VANDALISM - FELONY ($400 & OVER, ALL CHURCH VANDALISMS)",1307 0329,50,F,W,501,SINGLE FAMILY DWELLING,,,IC,Invest Cont,740,,,,9900    OWENSMOUTH                   AV,,34.25,-118.6017
241500513,01/08/2024 12:00:00 AM,01/07/2024 12:00:00 AM,1400,15,N Hollywood,1519,1,230,"ASSAULT WITH DEADLY WEAPON, AGGRAVATED ASSAULT",1402 1822 0443 0400 2004,45,M,H,101,STREET,218,OTHER CUTTING INSTRUMENT,AA,Adult Arrest,230,998,,,SATSUMA,VANOWEN,34.194,-118.3671
240114495,07/12/2024 12:00:00 AM,07/12/2024 12:00:00 AM,1040,01,Central,0111,1,440,THEFT PLAIN - PETTY ($950 & UNDER),0344,62,F,W,210,RESTAURANT/FAST FOOD,,,IC,Invest Cont,440,,,,00    OLVERA                       ST,,34.0572,-118.2383
240113791,06/30/2024 12:00:00 AM,06/29/2024 12:00:00 AM,0050,01,Central,0165,2,740,"VANDALISM - FELONY ($400 & OVER, ALL CHURCH VANDALISMS)",0329 1300 1307,34,F,H,122,"VEHICLE, PASSENGER/TRUCK",,,IC,Invest Cont,740,,,,600 S  LOS ANGELES                  ST,,34.0446,-118.249
241314718,11/12/2024 12:00:00 AM,11/11/2024 12:00:00 AM,1400,13,Newton,1372,1,510,VEHICLE - STOLEN,,0,,,101,STREET,,,IC,Invest Cont,510,,,,200 E  54TH                         ST,,33.9934,-118.2714
240215158,09/24/2024 12:00:00 AM,09/24/2024 12:00:00 AM,1216,02,Rampart,0266,1,442,SHOPLIFTING - PETTY THEFT ($950 & UNDER),1822 0325,0,X,X,406,OTHER STORE,,,IC,Invest Cont,442,,,,1600 W  7TH                          ST,,34.0539,-118.2712
240307673,03/12/2024 12:00:00 AM,03/10/2024 12:00:00 AM,2000,03,Southwest,0374,1,330,BURGLARY FROM VEHICLE,0329 0344 1307 1609 1822,54,M,B,101,STREET,,,IC,Invest Cont,330,,,,3800    WESTSIDE                     AV,,34.0171,-118.3271
241217178,10/27/2024 12:00:00 AM,10/27/2024 12:00:00 AM,0400,12,77th Street,1203,1,330,BURGLARY FROM VEHICLE,0344,25,F,H,501,SINGLE FAMILY DWELLING,,,IC,Invest Cont,330,,,,1800 W  48TH                         ST,,34.0001,-118.3113
241610914,10/17/2024 12:00:00 AM,10/16/2024 12:00:00 AM,1900,16,Foothill,1618,1,510,VEHICLE - STOLEN,,0,,,101,STREET,,,IC,Invest Cont,510,,,,10900    MATHER                       AV,,34.267,-118.3097
240807946,04/22/2024 12:00:00 AM,04/20/2024 12:00:00 AM,1700,08,West LA,0851,1,510,VEHICLE - STOLEN,,0,,,108,PARKING LOT,,,IC,Invest Cont,510,,,,11900    SANTA MONICA                 BL,,34.04,-118.4647
240113054,06/19/2024 12:00:00 AM,06/19/2024 12:00:00 AM,0710,01,Central,0152,2,888,TRESPASSING,0910 1501,0,X,X,835,7TH AND METRO CENTER (NOT LINE SPECIFIC),,,IC,Invest Cont,888,,,,600 S  FIGUEROA                     ST,,34.0508,-118.2586
241305789,02/09/2024 12:00:00 AM,02/08/2024 12:00:00 AM,2200,13,Newton,1346,1,510,VEHICLE - STOLEN,,0,,,101,STREET,,,IC,Invest Cont,510,,,,42ND,HOOPER,34.0076,-118.2521
241711009,07/06/2024 12:00:00 AM,07/03/2024 12:00:00 AM,2000,17,Devonshire,1728,2,354,THEFT OF IDENTITY,0930,34,M,W,501,SINGLE FAMILY DWELLING,,,IC,Invest Cont,354,,,,18700    SAN FERNANDO MISSION         BL,,34.2739,-118.5407
241909017,05/20/2024 12:00:00 AM,05/19/2024 12:00:00 AM,1930,19,Mission,1951,1,331,THEFT FROM MOTOR VEHICLE - GRAND ($950.01 AND OVER),0385 1822,32,F,H,101,STREET,,,IC,Invest Cont,331,,,,15400    SAN JOSE                     ST,,34.2609,-118.4674
241714714,12/04/2024 12:00:00 AM,12/03/2024 12:00:00 AM,0200,17,Devonshire,1795,1,341,"THEFT-GRAND ($950.01 & OVER)EXCPT,GUNS,FOWL,LIVESTK,PROD",0344 1602,0,X,X,102,SIDEWALK,,,IC,Invest Cont,341,,,,8600    OAK PARK                     AV,,34.2267,-118.5059
240206310,02/14/2024 12:00:00 AM,02/14/2024 12:00:00 AM,0450,02,Rampart,0212,1,330,BURGLARY FROM VEHICLE,1609 1307 1300 0344 1822 1402,49,M,W,102,SIDEWALK,,,IC,Invest Cont,330,,,,500 N  HOOVER                       ST,,34.08,-118.2881
240312570,07/24/2024 12:00:00 AM,07/24/2024 12:00:00 AM,0230,03,Southwest,0321,1,510,VEHICLE - STOLEN,,0,,,101,STREET,,,IC,Invest Cont,510,,,,3500 S  SYCAMORE                     AV,,34.023,-118.3571
241104649,01/17/2024 12:00:00 AM,01/16/2024 12:00:00 AM,1000,11,Northeast,1184,1,330,BURGLARY FROM VEHICLE,0358 0321,25,F,H,502,"MULTI-UNIT DWELLING (APARTMENT, DUPLEX, ETC)",,,IC,Invest Cont,330,,,,1700    MORTON                       AV,,34.0825,-118.2521
241905048,01/28/2024 12:00:00 AM,01/28/2024 12:00:00 AM,0040,19,Mission,1984,1,230,"ASSAULT WITH DEADLY WEAPON, AGGRAVATED ASSAULT",1822 0416 0216 0417 0906 0371 0429,40,M,H,102,SIDEWALK,400,"STRONG-ARM (HANDS, FIST, FEET OR BODILY FORCE)",IC,Invest Cont,230,,,,8400    WILLIS                       AV,,34.2231,-118.4553
241714637,11/30/2024 12:00:00 AM,11/30/2024 12:00:00 AM,1903,17,Devonshire,1785,1,442,SHOPLIFTING - PETTY THEFT ($950 & UNDER),0352 0344,0,X,X,406,OTHER STORE,,,IC,Invest Cont,442,,,,9100    RESEDA                       BL,,34.2354,-118.5361
241506366,02/19/2024 12:00:00 AM,02/18/2024 12:00:00 AM,1815,15,N Hollywood,1545,2,903,CONTEMPT OF COURT,0913 2038 1906,33,M,B,203,OTHER BUSINESS,,,AO,Adult Other,903,,,,ALBERS                       ST,LAUREL CANYON                BL,34.1703,-118.3965
241911534,09/01/2024 12:00:00 AM,09/01/2024 12:00:00 AM,0630,19,Mission,1908,2,745,VANDALISM - MISDEAMEANOR ($399 OR UNDER),0329 1300,30,F,H,101,STREET,,,IC,Invest Cont,745,,,,13100    PASHA                        ST,,34.313,-118.4196
240116533,08/10/2024 12:00:00 AM,08/10/2024 12:00:00 AM,1000,01,Central,0152,1,440,THEFT PLAIN - PETTY ($950 & UNDER),0344 1822,27,M,J,148,PUBLIC RESTROOM/OUTSIDE*,,,IC,Invest Cont,440,,,,800 W  7TH                          ST,,34.0491,-118.2558
241304583,01/14/2024 12:00:00 AM,01/13/2024 12:00:00 AM,1500,13,Newton,1323,2,740,"VANDALISM - FELONY ($400 & OVER, ALL CHURCH VANDALISMS)",0329,66,M,H,122,"VEHICLE, PASSENGER/TRUCK",,,IC,Invest Cont,740,,,,2100 S  CENTRAL                      AV,,34.0219,-118.2571
240608046,03/29/2024 12:00:00 AM,03/28/2024 12:00:00 AM,1014,06,Hollywood,0668,1,442,SHOPLIFTING - PETTY THEFT ($950 & UNDER),1822 0325 0601,0,X,X,203,OTHER BUSINESS,,,AO,Adult Other,442,,,,5500 W  SUNSET                       BL,,34.0981,-118.3092
241005133,01/31/2024 12:00:00 AM,01/30/2024 12:00:00 AM,1705,10,West Valley,1012,2,740,"VANDALISM - FELONY ($400 & OVER, ALL CHURCH VANDALISMS)",1822 0329,52,M,V,109,PARK/PLAYGROUND,,,IC,Invest Cont,740,,,,7200    RESEDA                       BL,,34.2048,-118.54
241405689,01/18/2024 12:00:00 AM,01/11/2024 12:00:00 AM,2304,14,Pacific,1466,2,354,THEFT OF IDENTITY,0377,65,F,W,501,SINGLE FAMILY DWELLING,,,IC,Invest Cont,354,,,,7200    OGELSBY                      AV,,33.9776,-118.3998
240314111,09/09/2024 12:00:00 AM,09/09/2024 12:00:00 AM,1345,03,Southwest,0311,2,888,TRESPASSING,0910 1501,23,X,X,950,MTA - EXPO LINE - LA CIENEGA/JEFFERSON,,,IC,Invest Cont,888,,,,5600 W  JEFFERSON                    BL,,34.0265,-118.3717
241515929,12/13/2024 12:00:00 AM,12/13/2024 12:00:00 AM,0820,15,N Hollywood,1538,1,510,VEHICLE - STOLEN,,0,,,101,STREET,,,IC,Invest Cont,510,,,,11200    EMELITA                      ST,,34.1767,-118.3747
241310351,06/15/2024 12:00:00 AM,06/15/2024 12:00:00 AM,0400,13,Newton,1385,1,510,VEHICLE - STOLEN,,0,,,101,STREET,,,IC,Invest Cont,510,,,,5900 S  CENTRAL                      AV,,33.9857,-118.2628
240312449,07/21/2024 12:00:00 AM,07/20/2024 12:00:00 AM,0100,03,Southwest,0325,2,956,"LETTERS, LEWD  -  TELEPHONE CALLS, LEWD",0913,20,M,B,501,SINGLE FAMILY DWELLING,,,IC,Invest Cont,956,,,,2600 S  BUDLONG                      AV,,34.0328,-118.2959
241305855,02/10/2024 12:00:00 AM,02/07/2024 12:00:00 AM,1930,13,Newton,1342,1,236,INTIMATE PARTNER - AGGRAVATED ASSAULT,1309 1813 0913 0302 2000,49,F,H,122,"VEHICLE, PASSENGER/TRUCK",102,HAND GUN,AO,Adult Other,236,,,,MAIN                         ST,35TH                         ST,34.0174,-118.2735
241206304,02/08/2024 12:00:00 AM,02/05/2024 12:00:00 AM,1800,12,77th Street,1213,1,331,THEFT FROM MOTOR VEHICLE - GRAND ($950.01 AND OVER),1300 0385 0344 0346 1822,69,F,B,501,SINGLE FAMILY DWELLING,,,IC,Invest Cont,331,,,,1700 W  52ND                         ST,,33.9951,-118.3068
240810174,08/14/2024 12:00:00 AM,08/08/2024 12:00:00 AM,1355,08,West LA,0811,2,740,"VANDALISM - FELONY ($400 & OVER, ALL CHURCH VANDALISMS)",0329 1300,65,F,W,108,PARKING LOT,,,IC,Invest Cont,740,,,,500    LOS LIONES                   DR,,34.046,-118.5593
241509410,04/22/2024 12:00:00 AM,04/22/2024 12:00:00 AM,0430,15,N Hollywood,1549,2,740,"VANDALISM - FELONY ($400 & OVER, ALL CHURCH VANDALISMS)",0329 1300 1822 0311 1307,49,F,H,101,STREET,,,IC,Invest Cont,740,,,,5500    DENNY                        AV,,34.17,-118.3646
241507111,03/04/2024 12:00:00 AM,03/01/2024 12:00:00 AM,1655,15,N Hollywood,1549,1,440,THEFT PLAIN - PETTY ($950 & UNDER),1822 0344 0394,42,M,W,145,MAIL BOX,,,IC,Invest Cont,440,,,,5500    FULCHER                      AV,,34.17,-118.373
241605940,03/02/2024 12:00:00 AM,03/01/2024 12:00:00 AM,0500,16,Foothill,1675,1,420,THEFT FROM MOTOR VEHICLE - PETTY ($950 & UNDER),,0,,,101,STREET,,,IC,Invest Cont,420,,,,8700    HERRICK                      AV,,34.2279,-118.3693
240405862,02/26/2024 12:00:00 AM,02/23/2024 12:00:00 AM,1430,04,Hollenbeck,0477,1,341,"THEFT-GRAND ($950.01 & OVER)EXCPT,GUNS,FOWL,LIVESTK,PROD",,0,,,108,PARKING LOT,,,IC,Invest Cont,341,,,,1000 S  SOTO                         ST,,34.0323,-118.217
241807399,03/12/2024 12:00:00 AM,03/11/2024 12:00:00 AM,1600,18,Southeast,1822,2,627,CHILD ABUSE (PHYSICAL) - SIMPLE ASSAULT,0913 0556 1259 1251 0408 0305,15,M,B,501,SINGLE FAMILY DWELLING,400,"STRONG-ARM (HANDS, FIST, FEET OR BODILY FORCE)",AA,Adult Arrest,627,,,,100 E  95TH                         ST,,33.9501,-118.2739
241407022,03/06/2024 12:00:00 AM,02/29/2024 12:00:00 AM,2220,14,Pacific,1489,1,341,"THEFT-GRAND ($950.01 & OVER)EXCPT,GUNS,FOWL,LIVESTK,PROD",1822 0344,44,F,H,108,PARKING LOT,,,IC,Invest Cont,341,,,,5200 W  CENTURY                      BL,,33.949,-118.3744
240708808,05/13/2024 12:00:00 AM,03/21/2024 12:00:00 AM,1330,07,Wilshire,0742,1,330,BURGLARY FROM VEHICLE,1822 1609 0344,34,F,H,108,PARKING LOT,,,IC,Invest Cont,330,,,,6400    WILSHIRE                     BL,,34.0637,-118.3683
242012224,10/03/2024 12:00:00 AM,10/03/2024 12:00:00 AM,1700,20,Olympic,2014,2,626,INTIMATE PARTNER - SIMPLE ASSAULT,0416 0446 0913 1814 1310,39,M,A,122,"VEHICLE, PASSENGER/TRUCK",400,"STRONG-ARM (HANDS, FIST, FEET OR BODILY FORCE)",AO,Adult Other,626,,,,100 S  KINGSLEY                     DR,,34.0737,-118.3029
241411544,07/24/2024 12:00:00 AM,07/21/2024 12:00:00 AM,2200,14,Pacific,1483,1,510,VEHICLE - STOLEN,,0,,,101,STREET,,,IC,Invest Cont,510,,,,8600    FALMOUTH                     AV,,33.9572,-118.4363
240607751,03/24/2024 12:00:00 AM,03/24/2024 12:00:00 AM,0025,06,Hollywood,0666,2,755,BOMB SCARE,0404,50,M,W,503,HOTEL,501,BOMB THREAT,IC,Invest Cont,755,,,,1400 N  CAHUENGA                     BL,,34.0962,-118.3295
240122191,12/06/2024 12:00:00 AM,12/06/2024 12:00:00 AM,0655,01,Central,0118,2,888,TRESPASSING,0910,0,X,X,967,MTA - GOLD LINE - CHINATOWN,,,IC,Invest Cont,888,,,,900 N  SPRING                       ST,,34.0635,-118.2357
241111416,10/15/2024 12:00:00 AM,10/14/2024 12:00:00 AM,1300,11,Northeast,1112,1,331,THEFT FROM MOTOR VEHICLE - GRAND ($950.01 AND OVER),0385,29,F,A,501,SINGLE FAMILY DWELLING,,,IC,Invest Cont,331,,,,4100 W  AVENUE 41,,34.1253,-118.2296
240713284,12/16/2024 12:00:00 AM,12/15/2024 12:00:00 AM,1553,07,Wilshire,0721,1,442,SHOPLIFTING - PETTY THEFT ($950 & UNDER),0325 0378,23,X,X,416,THE BEVERLY CENTER,,,IC,Invest Cont,442,,,,8500    BEVERLY                      BL,,34.0761,-118.3766
240704552,01/14/2024 12:00:00 AM,01/14/2024 12:00:00 AM,0350,07,Wilshire,0774,2,624,BATTERY - SIMPLE ASSAULT,0416 0446 1822,0,X,X,502,"MULTI-UNIT DWELLING (APARTMENT, DUPLEX, ETC)",400,"STRONG-ARM (HANDS, FIST, FEET OR BODILY FORCE)",IC,Invest Cont,624,,,,1700 S  LA BREA                      AV,,34.0442,-118.346
240407245,04/26/2024 12:00:00 AM,04/19/2024 12:00:00 AM,1510,04,Hollenbeck,0467,1,442,SHOPLIFTING - PETTY THEFT ($950 & UNDER),0344 0325,0,X,X,402,MARKET,,,IC,Invest Cont,442,,,,2700 E  1ST                          ST,,34.0421,-118.206
240306654,02/21/2024 12:00:00 AM,02/20/2024 12:00:00 AM,1910,03,Southwest,0321,1,331,THEFT FROM MOTOR VEHICLE - GRAND ($950.01 AND OVER),1606 0344 0385 1300 1822,20,M,H,101,STREET,,,IC,Invest Cont,331,,,,3500 S  REDONDO                      BL,,34.0231,-118.3593
241909954,07/06/2024 12:00:00 AM,01/09/2024 12:00:00 AM,0420,19,Mission,1962,2,354,THEFT OF IDENTITY,0930,34,M,O,502,"MULTI-UNIT DWELLING (APARTMENT, DUPLEX, ETC)",,,IC,Invest Cont,354,,,,9100    LEMONA                       AV,,34.2355,-118.4588
240306472,02/17/2024 12:00:00 AM,02/17/2024 12:00:00 AM,0930,03,Southwest,0326,2,624,BATTERY - SIMPLE ASSAULT,0903 0444 0913 1536 1810 2036,44,M,W,501,SINGLE FAMILY DWELLING,400,"STRONG-ARM (HANDS, FIST, FEET OR BODILY FORCE)",AA,Adult Arrest,624,,,,2700 S  NORMANDIE                    AV,,34.0309,-118.3002
240504443,01/12/2024 12:00:00 AM,01/12/2024 12:00:00 AM,0900,05,Harbor,0525,1,236,INTIMATE PARTNER - AGGRAVATED ASSAULT,0913 2000 1218 0421 1814,69,F,B,501,SINGLE FAMILY DWELLING,206,SWITCH BLADE,IC,Invest Cont,236,,,,500 N  MARINE                       AV,,33.7756,-118.2634
240311402,06/13/2024 12:00:00 AM,06/12/2024 12:00:00 AM,1600,03,Southwest,0357,1,310,BURGLARY,1251 0344 1601 0321 1822,21,M,H,502,"MULTI-UNIT DWELLING (APARTMENT, DUPLEX, ETC)",,,AA,Adult Arrest,310,,,,1100 W  36TH                         PL,,34.0221,-118.2915
241407278,03/12/2024 12:00:00 AM,01/15/2024 12:00:00 AM,1600,14,Pacific,1431,2,668,"EMBEZZLEMENT, GRAND THEFT ($950.01 & OVER)",0344,55,M,W,501,SINGLE FAMILY DWELLING,,,IC,Invest Cont,668,,,,300    MARKET                       ST,,33.9899,-118.4699
240120475,10/16/2024 12:00:00 AM,10/15/2024 12:00:00 AM,1845,01,Central,0162,1,330,BURGLARY FROM VEHICLE,0344 1307,49,F,B,108,PARKING LOT,,,IC,Invest Cont,330,,,,700 S  HOPE                         ST,,34.048,-118.2577
240905525,02/12/2024 12:00:00 AM,02/10/2024 12:00:00 AM,1330,09,Van Nuys,0905,1,320,"BURGLARY, ATTEMPTED",0358,0,X,X,203,OTHER BUSINESS,,,IC,Invest Cont,320,,,,7300    VAN NUYS                     BL,,34.203,-118.4487
241112514,12/02/2024 12:00:00 AM,11/25/2024 12:00:00 AM,0700,11,Northeast,1151,1,522,"VEHICLE, STOLEN - OTHER (MOTORIZED SCOOTERS, BIKES, ETC)",,0,,,101,STREET,,,IC,Invest Cont,522,,,,1400 N  NORMANDIE                    AV,,34.0966,-118.3005
240312346,07/16/2024 12:00:00 AM,07/14/2024 12:00:00 AM,1829,03,Southwest,0328,1,310,BURGLARY,0314 1251 0344 1822,20,M,W,123,PARKING UNDERGROUND/BUILDING,,,IC,Invest Cont,310,,,,600 W  28TH                         ST,,34.0261,-118.2774
242011550,09/11/2024 12:00:00 AM,09/11/2024 12:00:00 AM,0130,20,Olympic,2045,1,510,VEHICLE - STOLEN,,0,,,101,STREET,,,IC,Invest Cont,510,,,,800    FEDORA                       ST,,34.0571,-118.2976
240310194,05/05/2024 12:00:00 AM,05/05/2024 12:00:00 AM,1345,03,Southwest,0338,1,522,"VEHICLE, STOLEN - OTHER (MOTORIZED SCOOTERS, BIKES, ETC)",,0,,,108,PARKING LOT,,,IC,Invest Cont,522,,,,3100 S  HOOVER                       ST,,34.0268,-118.2896
241104469,01/13/2024 12:00:00 AM,01/12/2024 12:00:00 AM,1515,11,Northeast,1177,1,442,SHOPLIFTING - PETTY THEFT ($950 & UNDER),0325 2004 0378,0,X,X,243,"DIY CENTER (LOWE'S,HOME DEPOT,OSH,CONTRACTORS WAREHOUSE)",,,IC,Invest Cont,442,,,,2600 N  FIGUEROA                     ST,,34.0884,-118.2258
240212996,08/15/2024 12:00:00 AM,08/13/2024 12:00:00 AM,1342,02,Rampart,0269,1,420,THEFT FROM MOTOR VEHICLE - PETTY ($950 & UNDER),0913 0344 1300,75,F,H,217,AUTO REPAIR SHOP,,,IC,Invest Cont,420,,,,700    WITMER                       ST,,34.0524,-118.2678
241508992,04/13/2024 12:00:00 AM,03/28/2024 12:00:00 AM,1300,15,N Hollywood,1566,1,310,BURGLARY,0344 0397 1822,53,M,A,221,PUBLIC STORAGE,,,AO,Adult Other,310,,,,4400    VINELAND                     AV,,34.1505,-118.3702
241910603,08/02/2024 12:00:00 AM,07/31/2024 12:00:00 AM,2300,19,Mission,1991,1,420,THEFT FROM MOTOR VEHICLE - PETTY ($950 & UNDER),,0,,,101,STREET,,,IC,Invest Cont,420,,,,8200    LANGDON                      AV,,34.2198,-118.4694
241311404,07/20/2024 12:00:00 AM,07/19/2024 12:00:00 AM,1800,13,Newton,1323,1,510,VEHICLE - STOLEN,,0,,,101,STREET,,,IC,Invest Cont,510,,,,900 E  ADAMS                        BL,,34.0199,-118.2575
240121530,11/22/2024 12:00:00 AM,11/22/2024 12:00:00 AM,1546,01,Central,0161,1,442,SHOPLIFTING - PETTY THEFT ($950 & UNDER),0325 0344,0,X,X,405,CLOTHING STORE,,,IC,Invest Cont,442,,,,700 S  FIGUEROA                     ST,,34.0483,-118.2631
240117664,08/28/2024 12:00:00 AM,08/28/2024 12:00:00 AM,0710,01,Central,0132,2,888,TRESPASSING,0910 2004,0,M,O,135,MTA PROPERTY OR PARKING LOT,,,IC,Invest Cont,888,,,,200 S  HOPE                         ST,,34.0549,-118.2511
240116978,08/17/2024 12:00:00 AM,08/16/2024 12:00:00 AM,2115,01,Central,0138,1,330,BURGLARY FROM VEHICLE,1300 0344 0329 1307,28,M,H,101,STREET,,,IC,Invest Cont,330,,,,300 S  CENTRAL                      AV,,34.0461,-118.2395
240810736,09/11/2024 12:00:00 AM,09/10/2024 12:00:00 AM,2035,08,West LA,0889,1,440,THEFT PLAIN - PETTY ($950 & UNDER),0325 1822,0,X,X,203,OTHER BUSINESS,,,IC,Invest Cont,440,,,,1800    LA CIENEGA                   BL,,34.0425,-118.3818
242112788,10/22/2024 12:00:00 AM,10/17/2024 12:00:00 AM,1448,21,Topanga,2189,1,442,SHOPLIFTING - PETTY THEFT ($950 & UNDER),0325,0,M,W,404,DEPARTMENT STORE,,,IC,Invest Cont,442,,,,20800    VENTURA                      BL,,34.1665,-118.5859
241204874,01/14/2024 12:00:00 AM,01/14/2024 12:00:00 AM,1115,12,77th Street,1249,2,624,BATTERY - SIMPLE ASSAULT,1822 0400 0416 0305 1309,33,M,H,101,STREET,400,"STRONG-ARM (HANDS, FIST, FEET OR BODILY FORCE)",IC,Invest Cont,624,,,,500 W  FLORENCE                     AV,,33.979,-118.2839
240904935,01/28/2024 12:00:00 AM,01/27/2024 12:00:00 AM,2000,09,Van Nuys,0914,1,510,VEHICLE - STOLEN,,0,,,104,DRIVEWAY,,,IC,Invest Cont,510,,,,7100    KESTER                       AV,,34.1996,-118.4575
240606681,02/27/2024 12:00:00 AM,02/27/2024 12:00:00 AM,1350,06,Hollywood,0646,2,624,BATTERY - SIMPLE ASSAULT,0913 0400 0416,39,M,B,203,OTHER BUSINESS,400,"STRONG-ARM (HANDS, FIST, FEET OR BODILY FORCE)",AO,Adult Other,624,,,,6600 W  SUNSET                       BL,,34.098,-118.3332
242010557,08/02/2024 12:00:00 AM,08/01/2024 12:00:00 AM,2350,20,Olympic,2033,1,510,VEHICLE - STOLEN,,0,,,101,STREET,,,IC,Invest Cont,510,,,,SERRANO                      AV,WILSHIRE                     BL,34.0617,-118.3066
241409596,05/17/2024 12:00:00 AM,05/16/2024 12:00:00 AM,0530,14,Pacific,1494,1,420,THEFT FROM MOTOR VEHICLE - PETTY ($950 & UNDER),,0,,,101,STREET,,,IC,Invest Cont,420,,,,6000    AVION                        DR,,33.9439,-118.387
241206144,02/04/2024 12:00:00 AM,02/04/2024 12:00:00 AM,2020,12,77th Street,1213,1,230,"ASSAULT WITH DEADLY WEAPON, AGGRAVATED ASSAULT",0361 0913 0400 1817 1402 0603,62,M,B,502,"MULTI-UNIT DWELLING (APARTMENT, DUPLEX, ETC)",512,MACE/PEPPER SPRAY,AO,Adult Other,230,998,,,5500 S  WESTERN                      AV,,33.9923,-118.3089
242108563,04/29/2024 12:00:00 AM,04/28/2024 12:00:00 AM,1200,21,Topanga,2156,1,442,SHOPLIFTING - PETTY THEFT ($950 & UNDER),0325,0,M,W,405,CLOTHING STORE,,,IC,Invest Cont,442,,,,6600    TOPANGA CANYON               BL,,34.1904,-118.6059
240704836,01/20/2024 12:00:00 AM,01/20/2024 12:00:00 AM,1450,07,Wilshire,0722,1,442,SHOPLIFTING - PETTY THEFT ($950 & UNDER),1822 0325,0,X,X,417,THE BEVERLY CONNECTION,,,IC,Invest Cont,442,,,,8400    BEVERLY                      BL,,34.0761,-118.3732
240811531,10/21/2024 12:00:00 AM,10/03/2024 12:00:00 AM,1100,08,West LA,0817,1,440,THEFT PLAIN - PETTY ($950 & UNDER),0394,20,M,W,145,MAIL BOX,,,IC,Invest Cont,440,,,,900    WESTWOOD                     BL,,34.0637,-118.4453
240106338,02/01/2024 12:00:00 AM,02/01/2024 12:00:00 AM,1650,01,Central,0164,1,210,ROBBERY,1822 1218 2004 0913 0344 0416 2034 0445 2047,36,F,H,502,"MULTI-UNIT DWELLING (APARTMENT, DUPLEX, ETC)",312,PIPE/METAL PIPE,AO,Adult Other,210,,,,600 S  MAIN                         ST,,34.0453,-118.2499
241711003,07/05/2024 12:00:00 AM,07/05/2024 12:00:00 AM,1900,17,Devonshire,1727,2,624,BATTERY - SIMPLE ASSAULT,0416 1402,19,F,O,501,SINGLE FAMILY DWELLING,400,"STRONG-ARM (HANDS, FIST, FEET OR BODILY FORCE)",IC,Invest Cont,624,998,,,11000    KEY WEST                     AV,,34.2697,-118.5538
241005743,02/17/2024 12:00:00 AM,02/15/2024 12:00:00 AM,1730,10,West Valley,1047,1,420,THEFT FROM MOTOR VEHICLE - PETTY ($950 & UNDER),1822 0344,33,M,B,501,SINGLE FAMILY DWELLING,,,IC,Invest Cont,420,,,,17600    BULLOCK                      ST,,34.1797,-118.5166
240100529,01/22/2024 12:00:00 AM,01/22/2024 12:00:00 AM,1430,01,Central,0182,1,310,BURGLARY,0344 1309 1402,31,M,H,118,CONSTRUCTION SITE,,,AA,Adult Arrest,310,998,,,12TH,FIGUEROA,34.0419,-118.2669
240311205,06/08/2024 12:00:00 AM,06/06/2024 12:00:00 AM,1900,03,Southwest,0331,1,331,THEFT FROM MOTOR VEHICLE - GRAND ($950.01 AND OVER),1606 0329 1822 0344 0385,27,M,O,101,STREET,,,IC,Invest Cont,331,,,,3000 W  VIEW                         ST,,34.0268,-118.3528
240907102,03/20/2024 12:00:00 AM,03/19/2024 12:00:00 AM,1830,09,Van Nuys,0904,2,740,"VANDALISM - FELONY ($400 & OVER, ALL CHURCH VANDALISMS)",0329 1822 1307,22,F,O,122,"VEHICLE, PASSENGER/TRUCK",,,IC,Invest Cont,740,,,,14900    SATICOY                      ST,,34.2085,-118.4575
241006150,02/29/2024 12:00:00 AM,02/16/2024 12:00:00 AM,1200,10,West Valley,1045,2,354,THEFT OF IDENTITY,1822,36,F,W,501,SINGLE FAMILY DWELLING,,,IC,Invest Cont,354,,,,6000    LINDLEY                      AV,,34.1789,-118.5273
240508404,04/26/2024 12:00:00 AM,04/25/2024 12:00:00 AM,1000,05,Harbor,0514,1,310,BURGLARY,0344 1601 1309,0,X,X,221,PUBLIC STORAGE,,,IC,Invest Cont,310,,,,1200 W  PACIFIC COAST                HY,,33.7904,-118.2777
242105395,02/04/2024 12:00:00 AM,02/04/2024 12:00:00 AM,1800,21,Topanga,2137,2,626,INTIMATE PARTNER - SIMPLE ASSAULT,0448 0429 1813 2000,48,M,H,501,SINGLE FAMILY DWELLING,400,"STRONG-ARM (HANDS, FIST, FEET OR BODILY FORCE)",IC,Invest Cont,626,,,,21000    VALERIO                      ST,,34.2047,-118.5906
241106532,03/07/2024 12:00:00 AM,03/04/2024 12:00:00 AM,1100,11,Northeast,1127,1,440,THEFT PLAIN - PETTY ($950 & UNDER),0344 1020,0,X,X,203,OTHER BUSINESS,,,IC,Invest Cont,440,,,,6000    YORK                         BL,,34.12,-118.1893
241812687,09/01/2024 12:00:00 AM,08/30/2024 12:00:00 AM,1600,18,Southeast,1881,1,510,VEHICLE - STOLEN,,0,,,101,STREET,,,IC,Invest Cont,510,,,,15400 S  FIGUEROA                     ST,,33.8918,-118.283
241607340,04/17/2024 12:00:00 AM,04/16/2024 12:00:00 AM,0800,16,Foothill,1663,1,341,"THEFT-GRAND ($950.01 & OVER)EXCPT,GUNS,FOWL,LIVESTK,PROD",1402 0397 0344,38,M,H,213,WAREHOUSE,,,IC,Invest Cont,341,998,,,9500    SAN FERNANDO                 RD,,34.2453,-118.4001
240109063,03/15/2024 12:00:00 AM,02/15/2024 12:00:00 AM,0825,01,Central,0134,2,740,"VANDALISM - FELONY ($400 & OVER, ALL CHURCH VANDALISMS)",0329,23,M,H,402,MARKET,,,IC,Invest Cont,740,,,,300 S  BROADWAY,,34.051,-118.248
240315023,10/04/2024 12:00:00 AM,10/04/2024 12:00:00 AM,0100,03,Southwest,0358,1,510,VEHICLE - STOLEN,,0,,,101,STREET,,,IC,Invest Cont,510,,,,FIGUEROA,JEFFERSON,34.0216,-118.2803
240120218,10/20/2024 12:00:00 AM,10/19/2024 12:00:00 AM,2320,01,Central,0134,1,352,PICKPOCKET,0344 1822,36,M,O,735,NIGHT CLUB (OPEN EVENINGS ONLY),,,IC,Invest Cont,352,,,,300 S  HILL                         ST,,34.0516,-118.2491
241305682,02/06/2024 12:00:00 AM,02/06/2024 12:00:00 AM,0950,13,Newton,1313,2,624,BATTERY - SIMPLE ASSAULT,0416 0913 0601,29,F,H,301,GAS STATION,400,"STRONG-ARM (HANDS, FIST, FEET OR BODILY FORCE)",IC,Invest Cont,624,,,,1500 S  CENTRAL                      AV,,34.0286,-118.2545
241712724,09/11/2024 12:00:00 AM,09/09/2024 12:00:00 AM,1430,17,Devonshire,1754,1,522,"VEHICLE, STOLEN - OTHER (MOTORIZED SCOOTERS, BIKES, ETC)",,0,,,101,STREET,,,IC,Invest Cont,522,,,,18500    MAYALL                       ST,,34.2533,-118.5361
241104831,01/24/2024 12:00:00 AM,01/21/2024 12:00:00 AM,0945,11,Northeast,1149,1,230,"ASSAULT WITH DEADLY WEAPON, AGGRAVATED ASSAULT",1822 0919 0432 0334 0302 1310 1309,50,F,H,101,STREET,102,HAND GUN,IC,Invest Cont,230,,,,200 N  AVENUE 51,,34.1068,-118.2016
241411657,07/24/2024 12:00:00 AM,07/24/2024 12:00:00 AM,1845,14,Pacific,1494,1,341,"THEFT-GRAND ($950.01 & OVER)EXCPT,GUNS,FOWL,LIVESTK,PROD",1822 0344,39,M,H,212,TRANSPORTATION FACILITY (AIRPORT),500,UNKNOWN WEAPON/OTHER WEAPON,IC,Invest Cont,341,,,,700    WORLD                        WY,,33.9431,-118.401
240708986,05/01/2024 12:00:00 AM,04/28/2024 12:00:00 AM,0600,07,Wilshire,0706,1,480,BIKE - STOLEN,0344 1822,29,M,W,102,SIDEWALK,,,IC,Invest Cont,480,,,,ORANGE                       DR,MELROSE,34.0835,-118.3416
240209192,04/25/2024 12:00:00 AM,04/24/2024 12:00:00 AM,1930,02,Rampart,0269,1,510,VEHICLE - STOLEN,,0,,,101,STREET,,,IC,Invest Cont,510,,,,GREEN                        ST,JAMES M WOOD,34.0508,-118.2717
241310992,07/04/2024 12:00:00 AM,07/04/2024 12:00:00 AM,1124,13,Newton,1333,1,442,SHOPLIFTING - PETTY THEFT ($950 & UNDER),0325,0,M,W,405,CLOTHING STORE,,,IC,Invest Cont,442,,,,3200 S  CENTRAL                      AV,,34.0174,-118.2621
242013004,10/29/2024 12:00:00 AM,10/28/2024 12:00:00 AM,2130,20,Olympic,2033,1,330,BURGLARY FROM VEHICLE,0344 1307 1609 1822,28,M,W,502,"MULTI-UNIT DWELLING (APARTMENT, DUPLEX, ETC)",,,IC,Invest Cont,330,,,,600 S  HOBART                       BL,,34.0566,-118.3053
240111115,05/06/2024 12:00:00 AM,05/04/2024 12:00:00 AM,1545,01,Central,0176,2,740,"VANDALISM - FELONY ($400 & OVER, ALL CHURCH VANDALISMS)",1307 0329 1822 1609,0,X,X,122,"VEHICLE, PASSENGER/TRUCK",,,IC,Invest Cont,740,,,,500 E  8TH                          ST,,34.0401,-118.2504
241509376,04/22/2024 12:00:00 AM,04/22/2024 12:00:00 AM,0510,15,N Hollywood,1586,1,110,CRIMINAL HOMICIDE,2001 0907 0910 1822 2004 2050 2052 0411 1402,67,F,H,912,MTA - RED LINE - UNIVERSAL CITY/STUDIO CITY,207,OTHER KNIFE,AA,Adult Arrest,110,210,998,,3900    LANKERSHIM                   BL,,34.1393,-118.362
241813323,09/23/2024 12:00:00 AM,09/22/2024 12:00:00 AM,2200,18,Southeast,1862,1,510,VEHICLE - STOLEN,,0,,,101,STREET,,,IC,Invest Cont,510,,,,100 E  118TH                        PL,,33.9256,-118.2739
241807895,03/22/2024 12:00:00 AM,03/22/2024 12:00:00 AM,1930,18,Southeast,1802,2,745,VANDALISM - MISDEAMEANOR ($399 OR UNDER),0913 0603 0329 1609,26,F,H,502,"MULTI-UNIT DWELLING (APARTMENT, DUPLEX, ETC)",,,IC,Invest Cont,745,,,,300 W  91ST                         ST,,33.9543,-118.2782
241812692,09/01/2024 12:00:00 AM,08/31/2024 12:00:00 AM,2220,18,Southeast,1832,1,510,VEHICLE - STOLEN,,0,,,101,STREET,,,IC,Invest Cont,510,,,,107TH                        ST,MAIN                         ST,33.9393,-118.2739
241306656,02/25/2024 12:00:00 AM,02/24/2024 12:00:00 AM,1900,13,Newton,1342,1,210,ROBBERY,0344 0345 1822 1223 0342,32,M,H,102,SIDEWALK,400,"STRONG-ARM (HANDS, FIST, FEET OR BODILY FORCE)",IC,Invest Cont,210,,,,MAIN                         ST,JEFFERSON                    BL,34.0186,-118.2726
241911664,09/15/2024 12:00:00 AM,09/14/2024 12:00:00 AM,2100,19,Mission,1993,1,510,VEHICLE - STOLEN,,0,,,101,STREET,,,IC,Invest Cont,510,,,,7900    NOBLE                        AV,,34.2149,-118.4619
241813951,10/17/2024 12:00:00 AM,10/17/2024 12:00:00 AM,1300,18,Southeast,1849,2,354,THEFT OF IDENTITY,1822 0930,18,F,H,501,SINGLE FAMILY DWELLING,,,IC,Invest Cont,354,,,,10900    GRAPE                        ST,,33.9369,-118.2369
242105065,01/27/2024 12:00:00 AM,01/25/2024 12:00:00 AM,1815,21,Topanga,2148,2,930,CRIMINAL THREATS - NO WEAPON DISPLAYED,0443,26,M,W,101,STREET,511,VERBAL THREAT,IC,Invest Cont,930,,,,20100    SHERMAN                      WY,,34.201,-118.571
240100523,01/18/2024 12:00:00 AM,01/18/2024 12:00:00 AM,2245,01,Central,0134,2,624,BATTERY - SIMPLE ASSAULT,1402 1822 0447 0400 0416,42,M,W,102,SIDEWALK,500,UNKNOWN WEAPON/OTHER WEAPON,IC,Invest Cont,624,,,,300 S  BROADWAY,,34.051,-118.248
241312115,08/12/2024 12:00:00 AM,08/12/2024 12:00:00 AM,0001,13,Newton,1309,1,420,THEFT FROM MOTOR VEHICLE - PETTY ($950 & UNDER),,0,,,101,STREET,,,IC,Invest Cont,420,,,,CENTRAL,8TH                          ST,34.0241,-118.232
240109390,03/23/2024 12:00:00 AM,03/15/2024 12:00:00 AM,1000,01,Central,0153,1,420,THEFT FROM MOTOR VEHICLE - PETTY ($950 & UNDER),,0,,,707,GARAGE/CARPORT,,,IC,Invest Cont,420,,,,200 W  7TH                          ST,,34.0467,-118.252
241504481,01/09/2024 12:00:00 AM,01/08/2024 12:00:00 AM,0530,15,N Hollywood,1501,1,310,BURGLARY,0344 0216,58,M,H,221,PUBLIC STORAGE,,,IC,Invest Cont,310,,,,13400    SATICOY                      ST,,34.2087,-118.4247
241305550,02/03/2024 12:00:00 AM,02/02/2024 12:00:00 AM,2130,13,Newton,1383,1,761,BRANDISH WEAPON,1259 0421 1822 0334 2004,15,M,H,102,SIDEWALK,207,OTHER KNIFE,IC,Invest Cont,761,,,,GAGE,BROADWAY,33.9824,-118.2783
240110503,03/01/2024 12:00:00 AM,03/01/2024 12:00:00 AM,0245,01,Central,0185,1,330,BURGLARY FROM VEHICLE,1300 0329 0344 1307 0386,30,F,K,108,PARKING LOT,,,IC,Invest Cont,330,,,,1100 S  BROADWAY,,34.0396,-118.259
241904591,01/16/2024 12:00:00 AM,01/12/2024 12:00:00 AM,1400,19,Mission,1921,2,624,BATTERY - SIMPLE ASSAULT,2024 0361 0913 0444 0906,44,M,H,108,PARKING LOT,400,"STRONG-ARM (HANDS, FIST, FEET OR BODILY FORCE)",IC,Invest Cont,624,,,,12800    SAN FERNANDO                 RD,,34.3098,-118.4729
241804412,01/09/2024 12:00:00 AM,01/09/2024 12:00:00 AM,0100,18,Southeast,1802,1,236,INTIMATE PARTNER - AGGRAVATED ASSAULT,2000 0913 1814 0416,48,F,H,501,SINGLE FAMILY DWELLING,400,"STRONG-ARM (HANDS, FIST, FEET OR BODILY FORCE)",AA,Adult Arrest,236,,,,100 E  89TH                         ST,,33.9555,-118.2739
241808979,04/18/2024 12:00:00 AM,04/18/2024 12:00:00 AM,1120,18,Southeast,1851,1,761,BRANDISH WEAPON,1402 0432 0334 2004,22,F,H,203,OTHER BUSINESS,207,OTHER KNIFE,AA,Adult Arrest,761,998,,,13400 S  FIGUEROA                     ST,,33.9102,-118.2827
241904753,01/20/2024 12:00:00 AM,01/20/2024 12:00:00 AM,1610,19,Mission,1962,2,624,BATTERY - SIMPLE ASSAULT,1822 0416 0919,47,M,H,108,PARKING LOT,400,"STRONG-ARM (HANDS, FIST, FEET OR BODILY FORCE)",AO,Adult Other,624,,,,N  SEPULVEDA                    BL,NORDHOFF                     ST,34.2355,-118.4675
242106007,02/20/2024 12:00:00 AM,02/20/2024 12:00:00 AM,0300,21,Topanga,2158,1,220,ATTEMPTED ROBBERY,1402 0416 0400 1266 1822,42,M,O,502,"MULTI-UNIT DWELLING (APARTMENT, DUPLEX, ETC)",500,UNKNOWN WEAPON/OTHER WEAPON,AA,Adult Arrest,220,998,,,21000    ERWIN                        ST,,34.1828,-118.5916
240409737,08/27/2024 12:00:00 AM,01/01/2024 12:00:00 AM,1000,04,Hollenbeck,0468,1,341,"THEFT-GRAND ($950.01 & OVER)EXCPT,GUNS,FOWL,LIVESTK,PROD",0344,74,M,C,141,CEMETARY*,,,IC,Invest Cont,341,,,,200 N  EVERGREEN                    AV,,34.0412,-118.2019
240111255,05/09/2024 12:00:00 AM,05/07/2024 12:00:00 AM,1853,01,Central,0121,2,740,"VANDALISM - FELONY ($400 & OVER, ALL CHURCH VANDALISMS)",0329,46,M,H,725,"GOVERNMENT FACILITY (FEDERAL,STATE, COUNTY & CITY)",,,IC,Invest Cont,740,,,,200 N  FIGUEROA                     ST,,34.0601,-118.2502
240809353,07/02/2024 12:00:00 AM,07/02/2024 12:00:00 AM,1130,08,West LA,0839,1,330,BURGLARY FROM VEHICLE,0344 1300,55,M,W,123,PARKING UNDERGROUND/BUILDING,,,IC,Invest Cont,330,,,,10200    SANTA MONICA                 BL,,34.0611,-118.4184
241415683,12/08/2024 12:00:00 AM,12/08/2024 12:00:00 AM,1040,14,Pacific,1494,2,740,"VANDALISM - FELONY ($400 & OVER, ALL CHURCH VANDALISMS)",0329 1402,0,X,X,102,SIDEWALK,,,IC,Invest Cont,740,998,,,WESTCHESTER,LOYOLA,33.9534,-118.4172
241214114,08/06/2024 12:00:00 AM,08/05/2024 12:00:00 AM,2128,12,77th Street,1235,2,740,"VANDALISM - FELONY ($400 & OVER, ALL CHURCH VANDALISMS)",0329 1300,54,F,B,122,"VEHICLE, PASSENGER/TRUCK",,,IC,Invest Cont,740,,,,1200 W  60TH                         PL,,33.985,-118.2959
241505965,02/09/2024 12:00:00 AM,02/09/2024 12:00:00 AM,2230,15,N Hollywood,1595,2,624,BATTERY - SIMPLE ASSAULT,0417 1822 1501,33,F,H,710,OTHER PREMISE,400,"STRONG-ARM (HANDS, FIST, FEET OR BODILY FORCE)",AO,Adult Other,624,,,,11500    VENTURA                      BL,,34.1397,-118.3821
242007716,03/26/2024 12:00:00 AM,03/26/2024 12:00:00 AM,0015,20,Olympic,2027,1,210,ROBBERY,2047 1822 0342 1309 0446 0417 0429 0370 0344,29,M,H,108,PARKING LOT,400,"STRONG-ARM (HANDS, FIST, FEET OR BODILY FORCE)",IC,Invest Cont,210,,,,3400 W  6TH                          ST,,34.0636,-118.2954
240122157,12/04/2024 12:00:00 AM,12/03/2024 12:00:00 AM,2045,01,Central,0159,1,330,BURGLARY FROM VEHICLE,1300 0344 0329 1307,48,M,F,110,FREEWAY,,,IC,Invest Cont,330,,,,E  4TH                          PL,MATEO                        ST,34.0414,-118.2332
240107375,02/17/2024 12:00:00 AM,02/13/2024 12:00:00 AM,2300,01,Central,0185,2,740,"VANDALISM - FELONY ($400 & OVER, ALL CHURCH VANDALISMS)",0329 1300,0,M,O,122,"VEHICLE, PASSENGER/TRUCK",,,IC,Invest Cont,740,,,,1100 S  BROADWAY,,34.0396,-118.259
241705404,02/04/2024 12:00:00 AM,01/24/2024 12:00:00 AM,2333,17,Devonshire,1781,1,341,"THEFT-GRAND ($950.01 & OVER)EXCPT,GUNS,FOWL,LIVESTK,PROD",0344 0345,0,X,X,717,HEALTH SPA/GYM,,,IC,Invest Cont,341,,,,20900    OSBORNE                      ST,,34.2331,-118.5886
241900690,05/07/2024 12:00:00 AM,01/01/2024 12:00:00 AM,0001,19,Mission,1954,1,761,BRANDISH WEAPON,0334 2000 0913 1813 0400 1402,43,M,H,501,SINGLE FAMILY DWELLING,400,"STRONG-ARM (HANDS, FIST, FEET OR BODILY FORCE)",AO,Adult Other,626,761,998,,10100    BURNET                       AV,,34.2536,-118.463
242106502,03/03/2024 12:00:00 AM,03/03/2024 12:00:00 AM,1330,21,Topanga,2144,2,740,"VANDALISM - FELONY ($400 & OVER, ALL CHURCH VANDALISMS)",0329,30,M,X,109,PARK/PLAYGROUND,,,IC,Invest Cont,740,,,,22600    VANOWEN                      ST,,34.1937,-118.6193
240600649,02/15/2024 12:00:00 AM,02/13/2024 12:00:00 AM,1300,06,Hollywood,0647,2,745,VANDALISM - MISDEAMEANOR ($399 OR UNDER),1300 0329 0913 1402 2000 1813,31,M,O,502,"MULTI-UNIT DWELLING (APARTMENT, DUPLEX, ETC)",,,IC,Invest Cont,745,999,,,1500 N  BRONSON                      AV,,34.098,-118.318
241516045,12/15/2024 12:00:00 AM,11/16/2024 12:00:00 AM,1040,15,N Hollywood,1591,1,341,"THEFT-GRAND ($950.01 & OVER)EXCPT,GUNS,FOWL,LIVESTK,PROD",0344,0,M,W,405,CLOTHING STORE,,,IC,Invest Cont,341,,,,12300    VENTURA                      BL,,34.1431,-118.4009
240405642,02/16/2024 12:00:00 AM,01/28/2024 12:00:00 AM,2100,04,Hollenbeck,0457,1,341,"THEFT-GRAND ($950.01 & OVER)EXCPT,GUNS,FOWL,LIVESTK,PROD",0344,0,X,X,102,SIDEWALK,,,IC,Invest Cont,341,,,,2400 E  CESAR E CHAVEZ               AV,,34.0469,-118.2032
241205628,01/27/2024 12:00:00 AM,01/26/2024 12:00:00 AM,2200,12,77th Street,1215,1,510,VEHICLE - STOLEN,,0,,,101,STREET,,,IC,Invest Cont,510,,,,1500 W  53RD                         ST,,33.9941,-118.3024
241008598,05/03/2024 12:00:00 AM,05/02/2024 12:00:00 AM,2330,10,West Valley,1063,2,740,"VANDALISM - FELONY ($400 & OVER, ALL CHURCH VANDALISMS)",1822 0329 1300,22,M,H,108,PARKING LOT,,,IC,Invest Cont,740,,,,18400    VENTURA                      BL,,34.1681,-118.5343
240108296,03/02/2024 12:00:00 AM,02/28/2024 12:00:00 AM,1300,01,Central,0171,1,510,VEHICLE - STOLEN,,0,,,101,STREET,,,IC,Invest Cont,510,,,,CHICK HEARN                  CT,FIGUEROA                     ST,34.044,-118.2676
240210379,05/31/2024 12:00:00 AM,05/13/2024 12:00:00 AM,0005,02,Rampart,0201,1,510,VEHICLE - STOLEN,,0,,,101,STREET,,,IC,Invest Cont,510,,,,NORMANDIE,SANTA MONICA,34.0908,-118.3005
240810851,09/18/2024 12:00:00 AM,09/16/2024 12:00:00 AM,0800,08,West LA,0842,1,420,THEFT FROM MOTOR VEHICLE - PETTY ($950 & UNDER),,0,,,101,STREET,,,IC,Invest Cont,420,,,,11500    ROCHESTER                    AV,,34.0484,-118.4544
242006667,03/02/2024 12:00:00 AM,02/29/2024 12:00:00 AM,1430,20,Olympic,2027,2,624,BATTERY - SIMPLE ASSAULT,0913 0601 0400 0447,64,F,K,108,PARKING LOT,400,"STRONG-ARM (HANDS, FIST, FEET OR BODILY FORCE)",IC,Invest Cont,624,,,,WILSHIRE,BERENDO,34.0618,-118.2941
240609119,05/11/2024 12:00:00 AM,05/09/2024 12:00:00 AM,1955,06,Hollywood,0645,1,343,SHOPLIFTING-GRAND THEFT ($950.01 & OVER),1822 0325,0,X,X,203,OTHER BUSINESS,,,IC,Invest Cont,343,,,,6800    HOLLYWOOD                    BL,,34.1016,-118.3387
242104450,01/11/2024 12:00:00 AM,01/11/2024 12:00:00 AM,0845,21,Topanga,2173,1,310,BURGLARY,0344 0321 1202 1420 0352,68,F,W,501,SINGLE FAMILY DWELLING,,,IC,Invest Cont,310,,,,23100    CANZONET                     ST,,34.1665,-118.6299
240911800,09/25/2024 12:00:00 AM,09/17/2024 12:00:00 AM,1800,09,Van Nuys,0935,2,740,"VANDALISM - FELONY ($400 & OVER, ALL CHURCH VANDALISMS)",0329 1609,64,M,W,122,"VEHICLE, PASSENGER/TRUCK",,,IC,Invest Cont,740,,,,6300    VAN NUYS                     BL,,34.1837,-118.4443
242007242,03/15/2024 12:00:00 AM,03/15/2024 12:00:00 AM,1215,20,Olympic,2027,1,510,VEHICLE - STOLEN,,0,,,101,STREET,,,IC,Invest Cont,510,,,,6TH,CATALINA,34.0636,-118.2954
240107320,02/16/2024 12:00:00 AM,02/09/2024 12:00:00 AM,1700,01,Central,0162,1,330,BURGLARY FROM VEHICLE,0358 1302 1300 0344,28,F,C,707,GARAGE/CARPORT,,,IC,Invest Cont,330,,,,800 S  OLIVE                        ST,,34.0452,-118.2569
240504985,01/26/2024 12:00:00 AM,01/25/2024 12:00:00 AM,2000,05,Harbor,0585,1,341,"THEFT-GRAND ($950.01 & OVER)EXCPT,GUNS,FOWL,LIVESTK,PROD",,0,,,101,STREET,,,IC,Invest Cont,341,,,,2200 S  GRAND                        AV,,33.7243,-118.2902
240912927,11/09/2024 12:00:00 AM,11/09/2024 12:00:00 AM,1015,09,Van Nuys,0923,1,510,VEHICLE - STOLEN,,0,,,101,STREET,,,IC,Invest Cont,510,,,,6500    CEDROS                       AV,,34.1887,-118.4531
241212775,06/22/2024 12:00:00 AM,06/21/2024 12:00:00 AM,0600,12,77th Street,1208,1,420,THEFT FROM MOTOR VEHICLE - PETTY ($950 & UNDER),,0,,,101,STREET,,,IC,Invest Cont,420,,,,700 W  51ST                         ST,,33.9964,-118.286
241105002,01/29/2024 12:00:00 AM,01/28/2024 12:00:00 AM,1600,11,Northeast,1112,1,420,THEFT FROM MOTOR VEHICLE - PETTY ($950 & UNDER),,0,,,122,"VEHICLE, PASSENGER/TRUCK",,,IC,Invest Cont,420,,,,4100    WAWONA                       ST,,34.1274,-118.2305
240120400,10/25/2024 12:00:00 AM,10/24/2024 12:00:00 AM,2200,01,Central,0192,1,510,VEHICLE - STOLEN,,0,,,101,STREET,,,IC,Invest Cont,510,,,,18TH                         ST,OLIVE,34.0337,-118.2665
240111032,05/04/2024 12:00:00 AM,05/03/2024 12:00:00 AM,1415,01,Central,0162,1,210,ROBBERY,2004 0344 0910 2001,0,M,O,203,OTHER BUSINESS,400,"STRONG-ARM (HANDS, FIST, FEET OR BODILY FORCE)",AO,Adult Other,210,,,,7TH                          ST,FLOWER,34.0487,-118.2588
241813218,09/18/2024 12:00:00 AM,09/13/2024 12:00:00 AM,2032,18,Southeast,1822,2,740,"VANDALISM - FELONY ($400 & OVER, ALL CHURCH VANDALISMS)",0329 1822,0,X,X,122,"VEHICLE, PASSENGER/TRUCK",,,IC,Invest Cont,740,,,,100 W  CENTURY                      BL,,33.9456,-118.2739
240118172,09/08/2024 12:00:00 AM,09/08/2024 12:00:00 AM,0018,01,Central,0192,2,354,THEFT OF IDENTITY,0922,42,F,B,502,"MULTI-UNIT DWELLING (APARTMENT, DUPLEX, ETC)",,,IC,Invest Cont,354,,,,1600 S  GRAND                        AV,,34.0357,-118.2663
241714706,12/04/2024 12:00:00 AM,11/13/2024 12:00:00 AM,1545,17,Devonshire,1752,2,668,"EMBEZZLEMENT, GRAND THEFT ($950.01 & OVER)",,0,,,203,OTHER BUSINESS,,,IC,Invest Cont,668,,,,21300    DEVONSHIRE                   ST,,34.2572,-118.5951
240608937,05/04/2024 12:00:00 AM,05/03/2024 12:00:00 AM,2140,06,Hollywood,0647,1,210,ROBBERY,0910 0302 1822 0344 0400 0337 0316,29,M,W,910,MTA - RED LINE - HOLLYWOOD/VINE,102,HAND GUN,IC,Invest Cont,210,,,,6200    HOLLYWOOD                    BL,,34.1016,-118.3246
240300675,03/18/2024 12:00:00 AM,03/18/2024 12:00:00 AM,0340,03,Southwest,0362,2,623,BATTERY POLICE (SIMPLE),1822 1212 0356,23,X,X,101,STREET,500,UNKNOWN WEAPON/OTHER WEAPON,IC,Invest Cont,623,,,,4700    RODEO                        LN,,34.021,-118.3486
241206485,02/11/2024 12:00:00 AM,02/11/2024 12:00:00 AM,1150,12,77th Street,1273,2,625,OTHER ASSAULT,0913 0351 0342 0216 1309,30,M,B,108,PARKING LOT,400,"STRONG-ARM (HANDS, FIST, FEET OR BODILY FORCE)",AO,Adult Other,625,,,,1700 W  MANCHESTER                   AV,,33.96,-118.3068
242006497,02/28/2024 12:00:00 AM,02/28/2024 12:00:00 AM,0620,20,Olympic,2079,2,740,"VANDALISM - FELONY ($400 & OVER, ALL CHURCH VANDALISMS)",0361 1402 0603 0913 0416 0329 1307 0446 0429 0417,46,M,H,122,"VEHICLE, PASSENGER/TRUCK",,,AA,Adult Arrest,740,998,,,2200 W  14TH                         ST,,34.0463,-118.2864
240111452,05/14/2024 12:00:00 AM,05/12/2024 12:00:00 AM,1000,01,Central,0162,2,670,"EMBEZZLEMENT, PETTY THEFT ($950 & UNDER)",0324 1803,0,X,X,203,OTHER BUSINESS,,,IC,Invest Cont,670,,,,700 W  7TH                          ST,,34.048,-118.2577
241104830,01/24/2024 12:00:00 AM,01/19/2024 12:00:00 AM,1600,11,Northeast,1151,2,740,"VANDALISM - FELONY ($400 & OVER, ALL CHURCH VANDALISMS)",0329,0,X,X,101,STREET,,,IC,Invest Cont,740,,,,4900    HOLLYWOOD                    BL,,34.1018,-118.2961
241509187,04/17/2024 12:00:00 AM,04/17/2024 12:00:00 AM,1245,15,N Hollywood,1589,2,624,BATTERY - SIMPLE ASSAULT,0416 0913 0446 0360,44,M,O,203,OTHER BUSINESS,400,"STRONG-ARM (HANDS, FIST, FEET OR BODILY FORCE)",IC,Invest Cont,624,,,,3800    BARHAM                       BL,,34.1441,-118.3411
240710918,08/22/2024 12:00:00 AM,08/22/2024 12:00:00 AM,1037,07,Wilshire,0721,1,330,BURGLARY FROM VEHICLE,1300 0344,53,F,H,707,GARAGE/CARPORT,,,IC,Invest Cont,330,,,,8500    BEVERLY                      BL,,34.0761,-118.3766
241807590,03/16/2024 12:00:00 AM,03/15/2024 12:00:00 AM,2330,18,Southeast,1822,2,745,VANDALISM - MISDEAMEANOR ($399 OR UNDER),1822 1300 0329 1307,34,F,B,122,"VEHICLE, PASSENGER/TRUCK",,,IC,Invest Cont,745,,,,300 W  102ND                        ST,,33.9437,-118.2784
241211959,05/23/2024 12:00:00 AM,05/19/2024 12:00:00 AM,2359,12,77th Street,1215,1,341,"THEFT-GRAND ($950.01 & OVER)EXCPT,GUNS,FOWL,LIVESTK,PROD",0344 1822,22,M,H,404,DEPARTMENT STORE,,,IC,Invest Cont,341,,,,1000 W  53RD                         ST,,33.9941,-118.2915
240705764,02/10/2024 12:00:00 AM,02/10/2024 12:00:00 AM,1123,07,Wilshire,0723,1,442,SHOPLIFTING - PETTY THEFT ($950 & UNDER),0325,23,X,X,417,THE BEVERLY CONNECTION,,,IC,Invest Cont,442,,,,8000    BEVERLY                      BL,,34.0761,-118.3637
241009761,07/06/2024 12:00:00 AM,07/06/2024 12:00:00 AM,1530,10,West Valley,1018,1,510,VEHICLE - STOLEN,,0,,,103,ALLEY,,,IC,Invest Cont,510,,,,7200    WOODLEY                      AV,,34.2012,-118.4837
242109341,05/25/2024 12:00:00 AM,05/25/2024 12:00:00 AM,1955,21,Topanga,2156,1,442,SHOPLIFTING - PETTY THEFT ($950 & UNDER),0325,50,M,W,404,DEPARTMENT STORE,,,IC,Invest Cont,442,,,,21900    VANOWEN                      ST,,34.1938,-118.6044
240712272,10/25/2024 12:00:00 AM,10/25/2024 12:00:00 AM,1955,07,Wilshire,0722,1,442,SHOPLIFTING - PETTY THEFT ($950 & UNDER),0344 1822 0104 0325,0,X,X,415,THE GROVE,,,IC,Invest Cont,442,,,,8400    BEVERLY                      BL,,34.0761,-118.3732
240810568,09/03/2024 12:00:00 AM,09/02/2024 12:00:00 AM,1500,08,West LA,0814,1,510,VEHICLE - STOLEN,,0,,,108,PARKING LOT,,,IC,Invest Cont,510,,,,11600 W  SUNSET                       BL,,34.0678,-118.4702
240908448,04/25/2024 12:00:00 AM,04/25/2024 12:00:00 AM,0400,09,Van Nuys,0952,1,236,INTIMATE PARTNER - AGGRAVATED ASSAULT,1414 2000 0416 1813 0913 0334 0443 0419 0447,24,F,H,502,"MULTI-UNIT DWELLING (APARTMENT, DUPLEX, ETC)",400,"STRONG-ARM (HANDS, FIST, FEET OR BODILY FORCE)",AA,Adult Arrest,236,,,,15300    WEDDINGTON                   ST,,34.1667,-118.4662
240511693,10/03/2024 12:00:00 AM,10/02/2024 12:00:00 AM,1900,05,Harbor,0512,1,510,VEHICLE - STOLEN,,0,,,108,PARKING LOT,,,IC,Invest Cont,510,,,,26300    PINES ESTATES                DR,,33.7826,-118.3004
242012425,10/10/2024 12:00:00 AM,10/02/2024 12:00:00 AM,1201,20,Olympic,2023,1,440,THEFT PLAIN - PETTY ($950 & UNDER),0344 0394 1822,41,M,K,502,"MULTI-UNIT DWELLING (APARTMENT, DUPLEX, ETC)",,,IC,Invest Cont,440,,,,400 S  ARDMORE                      AV,,34.0672,-118.3016
240115694,07/30/2024 12:00:00 AM,07/30/2024 12:00:00 AM,0630,01,Central,0119,2,888,TRESPASSING,0910,0,M,O,834,LA UNION STATION (NOT LINE SPECIFIC),,,IC,Invest Cont,888,,,,800 N  ALAMEDA                      ST,,34.0561,-118.2375
241912852,11/04/2024 12:00:00 AM,11/02/2024 12:00:00 AM,1830,19,Mission,1959,1,510,VEHICLE - STOLEN,,0,,,101,STREET,,,IC,Invest Cont,510,,,,10000    LEV                          AV,,34.2523,-118.4354
240607255,03/11/2024 12:00:00 AM,03/08/2024 12:00:00 AM,2300,06,Hollywood,0628,2,740,"VANDALISM - FELONY ($400 & OVER, ALL CHURCH VANDALISMS)",1307,48,F,B,502,"MULTI-UNIT DWELLING (APARTMENT, DUPLEX, ETC)",,,IC,Invest Cont,740,,,,1900    TAMARIND                     AV,,34.1052,-118.3192
241807457,03/14/2024 12:00:00 AM,03/13/2024 12:00:00 AM,1800,18,Southeast,1821,1,510,VEHICLE - STOLEN,,0,,,101,STREET,,,IC,Invest Cont,510,,,,101ST                        ST,VERMONT                      AV,33.9446,-118.2916
242107146,03/21/2024 12:00:00 AM,03/21/2024 12:00:00 AM,2230,21,Topanga,2115,1,761,BRANDISH WEAPON,0445 0913 1402 0334 0344 0602,21,F,H,502,"MULTI-UNIT DWELLING (APARTMENT, DUPLEX, ETC)",205,KITCHEN KNIFE,IC,Invest Cont,761,998,,,21700    LANARK                       ST,,34.2176,-118.6016
240605183,01/19/2024 12:00:00 AM,01/19/2024 12:00:00 AM,0300,06,Hollywood,0644,2,740,"VANDALISM - FELONY ($400 & OVER, ALL CHURCH VANDALISMS)",0329 1300 1822,28,M,O,707,GARAGE/CARPORT,,,IC,Invest Cont,740,,,,1300 N  SIERRA BONITA                AV,,34.0944,-118.3539
241906323,03/02/2024 12:00:00 AM,03/01/2024 12:00:00 AM,2000,19,Mission,1995,1,236,INTIMATE PARTNER - AGGRAVATED ASSAULT,2000 0913 1814 0416 0411,30,F,H,122,"VEHICLE, PASSENGER/TRUCK",212,BOTTLE,IC,Invest Cont,236,,,,14700    STRATHERN                    ST,,34.2161,-118.4531
241611712,12/07/2024 12:00:00 AM,12/06/2024 12:00:00 AM,1700,16,Foothill,1645,1,510,VEHICLE - STOLEN,,0,,,101,STREET,,,IC,Invest Cont,510,,,,10500    ORBITAL                      WY,,34.2639,-118.4109
241512427,07/31/2024 12:00:00 AM,07/30/2024 12:00:00 AM,1230,15,N Hollywood,1525,1,330,BURGLARY FROM VEHICLE,0344 1822 1236 0325 0385 1609 1307,47,M,F,122,"VEHICLE, PASSENGER/TRUCK",,,IC,Invest Cont,330,,,,6200    CARPENTER                    AV,,34.183,-118.3911
240907255,03/14/2024 12:00:00 AM,03/10/2024 12:00:00 AM,1900,09,Van Nuys,0935,2,810,"SEX,UNLAWFUL(INC MUTUAL CONSENT, PENETRATION W/ FRGN OBJ",0533 1258,13,F,H,716,THEATRE/MOVIE,,,IC,Invest Cont,810,,,,VAN NUYS,CALIFORNIA,34.1837,-118.4443
241907360,04/01/2024 12:00:00 AM,04/01/2024 12:00:00 AM,0605,19,Mission,1984,2,354,THEFT OF IDENTITY,0922 0929 0930 0935,39,F,H,502,"MULTI-UNIT DWELLING (APARTMENT, DUPLEX, ETC)",,,IC,Invest Cont,354,,,,8600    WILLIS                       AV,,34.2266,-118.4553
240511489,09/22/2024 12:00:00 AM,09/11/2024 12:00:00 AM,2000,05,Harbor,0514,1,331,THEFT FROM MOTOR VEHICLE - GRAND ($950.01 AND OVER),0385 1300 0344,67,M,H,101,STREET,,,IC,Invest Cont,331,,,,1000 W  DOLORES                      ST,,33.7934,-118.2751
240213013,08/15/2024 12:00:00 AM,07/12/2024 12:00:00 AM,2215,02,Rampart,0205,1,341,"THEFT-GRAND ($950.01 & OVER)EXCPT,GUNS,FOWL,LIVESTK,PROD",1822 0344,35,F,H,140,BALCONY*,,,IC,Invest Cont,341,,,,3200    DESCANSO                     DR,,34.0853,-118.2753
240904514,01/16/2024 12:00:00 AM,01/15/2024 12:00:00 AM,0100,09,Van Nuys,0919,1,510,VEHICLE - STOLEN,,0,,,101,STREET,,,IC,Invest Cont,510,,,,WOODMAN                      AV,HART                         ST,34.1976,-118.4313
241300819,12/12/2024 12:00:00 AM,12/12/2024 12:00:00 AM,1530,13,Newton,1372,1,210,ROBBERY,0906 1259 1251 0344 0336,16,M,H,721,HIGH SCHOOL,400,"STRONG-ARM (HANDS, FIST, FEET OR BODILY FORCE)",IC,Invest Cont,210,,,,300 E  53RD                         ST,,33.9942,-118.2701
240210002,05/19/2024 12:00:00 AM,05/19/2024 12:00:00 AM,1830,02,Rampart,0256,1,510,VEHICLE - STOLEN,,0,,,108,PARKING LOT,,,IC,Invest Cont,510,,,,6TH                          ST,BONNIE BRAE,34.0585,-118.2724
241507247,03/07/2024 12:00:00 AM,03/07/2024 12:00:00 AM,0600,15,N Hollywood,1549,2,888,TRESPASSING,2004 0910,0,X,X,913,MTA - RED LINE - NORTH HOLLYWOOD,,,IC,Invest Cont,888,,,,5300    LANKERSHIM                   BL,,34.172,-118.3789
242007437,03/19/2024 12:00:00 AM,03/19/2024 12:00:00 AM,0600,20,Olympic,2042,1,510,VEHICLE - STOLEN,,0,,,101,STREET,,,IC,Invest Cont,510,,,,900 S  GRAMERCY                     PL,,34.0559,-118.3132
240410774,10/14/2024 12:00:00 AM,10/12/2024 12:00:00 AM,2000,04,Hollenbeck,0499,1,341,"THEFT-GRAND ($950.01 & OVER)EXCPT,GUNS,FOWL,LIVESTK,PROD",,0,,,101,STREET,,,IC,Invest Cont,341,,,,INDIANA,NOAKES,34.0138,-118.1922
241806388,02/22/2024 12:00:00 AM,02/22/2024 12:00:00 AM,0152,18,Southeast,1862,1,341,"THEFT-GRAND ($950.01 & OVER)EXCPT,GUNS,FOWL,LIVESTK,PROD",0910 1822 0344,0,X,X,957,MTA - GREEN LINE - HARBOR FWY,,,IC,Invest Cont,341,,,,11500 S  FIGUEROA                     ST,,33.928,-118.2826
240613782,12/05/2024 12:00:00 AM,12/05/2024 12:00:00 AM,1545,06,Hollywood,0642,1,420,THEFT FROM MOTOR VEHICLE - PETTY ($950 & UNDER),,0,,,101,STREET,,,IC,Invest Cont,420,,,,1500 N  OGDEN                        DR,,34.0981,-118.3594
241205294,01/21/2024 12:00:00 AM,01/21/2024 12:00:00 AM,1815,12,77th Street,1259,2,626,INTIMATE PARTNER - SIMPLE ASSAULT,2000 1813 0913 2002 2004 2038 1310 0416 0446 1309,34,F,H,108,PARKING LOT,400,"STRONG-ARM (HANDS, FIST, FEET OR BODILY FORCE)",IC,Invest Cont,626,,,,7800    TOWNE                        AV,,33.9688,-118.2674
241409561,05/14/2024 12:00:00 AM,05/13/2024 12:00:00 AM,1602,14,Pacific,1469,1,343,SHOPLIFTING-GRAND THEFT ($950.01 & OVER),0344,0,X,X,402,MARKET,,,IC,Invest Cont,343,,,,6800    LA CIENEGA                   BL,,33.9761,-118.3726
240110364,04/16/2024 12:00:00 AM,03/04/2024 12:00:00 AM,0900,01,Central,0111,1,420,THEFT FROM MOTOR VEHICLE - PETTY ($950 & UNDER),,0,,,101,STREET,,,IC,Invest Cont,420,,,,500 N  FIGUEROA                     ST,,34.0615,-118.247
242009169,05/25/2024 12:00:00 AM,05/25/2024 12:00:00 AM,0250,20,Olympic,2062,1,510,VEHICLE - STOLEN,,0,,,101,STREET,,,IC,Invest Cont,510,,,,900 S  GRAMERCY                     DR,,34.0502,-118.3122
241009195,06/02/2024 12:00:00 AM,05/31/2024 12:00:00 AM,1600,10,West Valley,1099,1,331,THEFT FROM MOTOR VEHICLE - GRAND ($950.01 AND OVER),0344 0385 1822,46,M,A,101,STREET,,,IC,Invest Cont,331,,,,15900    MEADOWCREST                  RD,,34.1362,-118.4843
241208922,03/22/2024 12:00:00 AM,03/22/2024 12:00:00 AM,0247,12,77th Street,1211,1,420,THEFT FROM MOTOR VEHICLE - PETTY ($950 & UNDER),1300 1302 1822 0344 0346,44,M,H,122,"VEHICLE, PASSENGER/TRUCK",,,IC,Invest Cont,420,,,,5700    3RD                          AV,,33.9909,-118.3204
240405496,02/16/2024 12:00:00 AM,02/15/2024 12:00:00 AM,2255,04,Hollenbeck,0445,2,740,"VANDALISM - FELONY ($400 & OVER, ALL CHURCH VANDALISMS)",0329,21,F,H,101,STREET,,,IC,Invest Cont,740,,,,1900    MARENGO                      ST,,34.0578,-118.2102
241700871,05/09/2024 12:00:00 AM,05/09/2024 12:00:00 AM,1645,17,Devonshire,1764,1,210,ROBBERY,1402 0322 0325 1609 0329 0352 1822 0416,0,X,X,201,JEWELRY STORE,207,OTHER KNIFE,IC,Invest Cont,210,998,,,9300    TAMPA                        AV,,34.244,-118.5583
240611372,08/25/2024 12:00:00 AM,08/24/2024 12:00:00 AM,1500,06,Hollywood,0643,1,510,VEHICLE - STOLEN,,0,,,101,STREET,,,IC,Invest Cont,510,,,,7300    HAWTHORN                     AV,,34.0998,-118.349
240122631,12/14/2024 12:00:00 AM,12/13/2024 12:00:00 AM,2100,01,Central,0164,1,510,VEHICLE - STOLEN,,0,,,101,STREET,,,IC,Invest Cont,510,,,,6TH,MAIN,34.0453,-118.2499
240213409,08/24/2024 12:00:00 AM,07/30/2024 12:00:00 AM,2345,02,Rampart,0238,1,440,THEFT PLAIN - PETTY ($950 & UNDER),0344 1822,0,X,X,135,MTA PROPERTY OR PARKING LOT,,,IC,Invest Cont,440,,,,1300 W  1ST                          ST,,34.0609,-118.2577
241414724,10/31/2024 12:00:00 AM,10/30/2024 12:00:00 AM,1600,14,Pacific,1494,1,440,THEFT PLAIN - PETTY ($950 & UNDER),1822 0344,51,M,O,212,TRANSPORTATION FACILITY (AIRPORT),500,UNKNOWN WEAPON/OTHER WEAPON,IC,Invest Cont,440,,,,300    WORLD                        WY,,33.9455,-118.4001
240212994,08/15/2024 12:00:00 AM,08/14/2024 12:00:00 AM,0950,02,Rampart,0281,1,343,SHOPLIFTING-GRAND THEFT ($950.01 & OVER),0325 0104 0344,0,X,X,404,DEPARTMENT STORE,,,IC,Invest Cont,343,,,,2000 W  PICO                         BL,,34.0491,-118.2823
240216091,10/18/2024 12:00:00 AM,03/06/2024 12:00:00 AM,0800,02,Rampart,0275,1,510,VEHICLE - STOLEN,,0,,,101,STREET,,,IC,Invest Cont,510,,,,BEACON                       AV,OLYMPIC                      BL,34.0497,-118.2754
240308296,03/20/2024 12:00:00 AM,03/20/2024 12:00:00 AM,0440,03,Southwest,0328,2,900,VIOLATION OF COURT ORDER,0913 1814 1906 2038 1251,21,F,W,501,SINGLE FAMILY DWELLING,,,AO,Adult Other,900,,,,2700    PORTLAND                     ST,,34.0295,-118.2829
241210616,04/23/2024 12:00:00 AM,04/23/2024 12:00:00 AM,2300,12,77th Street,1241,1,236,INTIMATE PARTNER - AGGRAVATED ASSAULT,0418 2000 0913 1814,24,F,H,501,SINGLE FAMILY DWELLING,400,"STRONG-ARM (HANDS, FIST, FEET OR BODILY FORCE)",IC,Invest Cont,236,910,,,6500    BRYNHURST                    AV,,33.9806,-118.3338
240710689,08/12/2024 12:00:00 AM,08/12/2024 12:00:00 AM,1420,07,Wilshire,0724,1,343,SHOPLIFTING-GRAND THEFT ($950.01 & OVER),0325 1822,29,X,X,415,THE GROVE,,,IC,Invest Cont,343,,,,100    THE GROVE                    DR,,34.0736,-118.3563
240408489,06/29/2024 12:00:00 AM,06/27/2024 12:00:00 AM,1000,04,Hollenbeck,0406,1,420,THEFT FROM MOTOR VEHICLE - PETTY ($950 & UNDER),,0,,,101,STREET,,,IC,Invest Cont,420,,,,5100    VIA MARISOL,,34.1039,-118.1822
241712608,09/06/2024 12:00:00 AM,09/02/2024 12:00:00 AM,2330,17,Devonshire,1716,1,331,THEFT FROM MOTOR VEHICLE - GRAND ($950.01 AND OVER),0344 0385 1602,77,M,W,101,STREET,,,IC,Invest Cont,331,,,,17200    FLANDERS                     ST,,34.2803,-118.5082
241206376,02/09/2024 12:00:00 AM,02/09/2024 12:00:00 AM,1430,12,77th Street,1239,1,442,SHOPLIFTING - PETTY THEFT ($950 & UNDER),0344,0,X,X,405,CLOTHING STORE,,,IC,Invest Cont,442,,,,5800 S  VERMONT                      AV,,33.9856,-118.2915
240408900,07/19/2024 12:00:00 AM,07/14/2024 12:00:00 AM,2211,04,Hollenbeck,0423,2,740,"VANDALISM - FELONY ($400 & OVER, ALL CHURCH VANDALISMS)",0329,0,X,X,502,"MULTI-UNIT DWELLING (APARTMENT, DUPLEX, ETC)",,,IC,Invest Cont,740,,,,1100 N  MISSION                      RD,,34.0651,-118.2116
240314280,09/14/2024 12:00:00 AM,09/13/2024 12:00:00 AM,2000,03,Southwest,0355,1,420,THEFT FROM MOTOR VEHICLE - PETTY ($950 & UNDER),,0,,,101,STREET,,,IC,Invest Cont,420,,,,1700 W  37TH                         PL,,34.0202,-118.3089
241714409,11/20/2024 12:00:00 AM,11/19/2024 12:00:00 AM,1650,17,Devonshire,1716,2,354,THEFT OF IDENTITY,0928,37,M,O,501,SINGLE FAMILY DWELLING,,,IC,Invest Cont,354,,,,17000    HALSEY                       ST,,34.281,-118.5021
240115561,07/28/2024 12:00:00 AM,07/28/2024 12:00:00 AM,1125,01,Central,0153,2,888,TRESPASSING,0910,0,X,X,902,MTA - RED LINE - PERSHING SQUARE,,,IC,Invest Cont,888,,,,500 S  HILL                         ST,,34.0488,-118.2518
241605563,02/21/2024 12:00:00 AM,02/21/2024 12:00:00 AM,0300,16,Foothill,1693,1,510,VEHICLE - STOLEN,,0,,,108,PARKING LOT,,,IC,Invest Cont,510,,,,7500    WHITSETT                     AV,,34.2121,-118.4021
241407118,03/09/2024 12:00:00 AM,03/09/2024 12:00:00 AM,0210,14,Pacific,1477,2,438,RECKLESS DRIVING,,35,M,H,101,STREET,,,IC,Invest Cont,438,997,,,LA TIJERA                    BL,MANCHESTER                   AV,33.9599,-118.3914
241106555,03/07/2024 12:00:00 AM,03/07/2024 12:00:00 AM,0530,11,Northeast,1135,2,900,VIOLATION OF COURT ORDER,2038,35,M,H,501,SINGLE FAMILY DWELLING,,,IC,Invest Cont,900,,,,3300    CAZADOR                      ST,,34.1059,-118.2319
241104826,01/23/2024 12:00:00 AM,01/22/2024 12:00:00 AM,1030,11,Northeast,1172,2,745,VANDALISM - MISDEAMEANOR ($399 OR UNDER),0329 1202,63,M,H,501,SINGLE FAMILY DWELLING,,,IC,Invest Cont,745,,,,1300 N  OCCIDENTAL                   BL,,34.0829,-118.2714
241406570,02/25/2024 12:00:00 AM,02/22/2024 12:00:00 AM,0630,14,Pacific,1494,1,440,THEFT PLAIN - PETTY ($950 & UNDER),1822 0344,67,M,O,212,TRANSPORTATION FACILITY (AIRPORT),500,UNKNOWN WEAPON/OTHER WEAPON,IC,Invest Cont,440,,,,700    WORLD                        WY,,33.9431,-118.401
241511050,06/05/2024 12:00:00 AM,06/04/2024 12:00:00 AM,0945,15,N Hollywood,1526,1,341,"THEFT-GRAND ($950.01 & OVER)EXCPT,GUNS,FOWL,LIVESTK,PROD",0910 1822 0344,34,M,A,124,BUS STOP,,,IC,Invest Cont,341,,,,TUJUNGA                      AV,VICTORY                      BL,34.1867,-118.3791
241412527,08/26/2024 12:00:00 AM,08/22/2024 12:00:00 AM,1930,14,Pacific,1441,1,510,VEHICLE - STOLEN,,0,,,101,STREET,,,IC,Invest Cont,510,,,,WASHINGTON                   WY,VIRGINIA                     CT,33.9843,-118.4643
242005978,02/06/2024 12:00:00 AM,02/06/2024 12:00:00 AM,1000,20,Olympic,2045,1,440,THEFT PLAIN - PETTY ($950 & UNDER),1822 0344 0354 0377,35,F,H,503,HOTEL,,,IC,Invest Cont,440,,,,3200 W  8TH                          ST,,34.0577,-118.2976
241309885,06/02/2024 12:00:00 AM,06/01/2024 12:00:00 AM,2330,13,Newton,1364,1,510,VEHICLE - STOLEN,,0,,,101,STREET,,,IC,Invest Cont,510,,,,1200 E  52ND                         ST,,33.996,-118.2541
241714456,11/24/2024 12:00:00 AM,11/23/2024 12:00:00 AM,2200,17,Devonshire,1723,1,510,VEHICLE - STOLEN,,0,,,101,STREET,,,IC,Invest Cont,510,,,,10700    FULLBRIGHT                   AV,,34.2645,-118.577
241708160,04/09/2024 12:00:00 AM,04/09/2024 12:00:00 AM,0600,17,Devonshire,1708,2,740,"VANDALISM - FELONY ($400 & OVER, ALL CHURCH VANDALISMS)",0329,60,M,H,101,STREET,,,IC,Invest Cont,740,,,,11800    WOODLEY                      AV,,34.2847,-118.4841
241305679,02/05/2024 12:00:00 AM,02/05/2024 12:00:00 AM,1010,13,Newton,1395,1,341,"THEFT-GRAND ($950.01 & OVER)EXCPT,GUNS,FOWL,LIVESTK,PROD",1309 0344 1822 0375,34,F,H,210,RESTAURANT/FAST FOOD,,,IC,Invest Cont,341,,,,500 E  FLORENCE                     AV,,33.9784,-118.263
240122012,12/02/2024 12:00:00 AM,12/02/2024 12:00:00 AM,2030,01,Central,0139,1,330,BURGLARY FROM VEHICLE,0344 1307,26,F,C,101,STREET,,,IC,Invest Cont,330,,,,200 S  HEWITT                       ST,,34.0472,-118.2362
240120741,11/03/2024 12:00:00 AM,11/03/2024 12:00:00 AM,2140,01,Central,0158,2,888,TRESPASSING,2004,47,M,B,503,HOTEL,,,IC,Invest Cont,888,,,,800 E  6TH                          ST,,34.0408,-118.2428
242106686,03/08/2024 12:00:00 AM,03/08/2024 12:00:00 AM,1527,21,Topanga,2111,1,310,BURGLARY,1420 1609 0344,43,F,O,501,SINGLE FAMILY DWELLING,,,IC,Invest Cont,310,,,,7800    SADRING                      AV,,34.2119,-118.6365
240121104,11/12/2024 12:00:00 AM,11/12/2024 12:00:00 AM,1700,01,Central,0162,2,888,TRESPASSING,2004 1501,0,X,X,116,OTHER/OUTSIDE,,,IC,Invest Cont,888,,,,700 S  FLOWER                       ST,,34.0487,-118.2588
240706588,03/02/2024 12:00:00 AM,02/29/2024 12:00:00 AM,0855,07,Wilshire,0736,1,442,SHOPLIFTING - PETTY THEFT ($950 & UNDER),0325 2028,0,X,X,404,DEPARTMENT STORE,,,IC,Invest Cont,442,,,,400 S  LA BREA                      AV,,34.0669,-118.3456
241700599,02/09/2024 12:00:00 AM,02/09/2024 12:00:00 AM,1600,17,Devonshire,1755,1,230,"ASSAULT WITH DEADLY WEAPON, AGGRAVATED ASSAULT",1402 0416 0919 1822 0429 1300 1202,60,F,W,101,STREET,400,"STRONG-ARM (HANDS, FIST, FEET OR BODILY FORCE)",AA,Adult Arrest,230,998,,,LASSEN,RESEDA,34.25,-118.5361
241207424,02/28/2024 12:00:00 AM,02/28/2024 12:00:00 AM,0730,12,77th Street,1211,1,310,BURGLARY,0358 1607 1814 0344 2038 2000,55,F,B,501,SINGLE FAMILY DWELLING,,,IC,Invest Cont,310,,,,5400    6TH                          AV,,33.9932,-118.3236
241609094,06/30/2024 12:00:00 AM,06/29/2024 12:00:00 AM,0800,16,Foothill,1642,1,510,VEHICLE - STOLEN,,0,,,101,STREET,,,IC,Invest Cont,510,,,,13200    GARBER                       ST,,34.2555,-118.4203
240112556,06/09/2024 12:00:00 AM,06/08/2024 12:00:00 AM,1930,01,Central,0162,1,330,BURGLARY FROM VEHICLE,1300 0344 0329 1307,23,F,W,108,PARKING LOT,,,IC,Invest Cont,330,,,,700 S  FLOWER                       ST,,34.0487,-118.2588
241207355,02/26/2024 12:00:00 AM,02/24/2024 12:00:00 AM,0249,12,77th Street,1257,2,903,CONTEMPT OF COURT,0913 2038 1813,37,F,H,501,SINGLE FAMILY DWELLING,,,AO,Adult Other,903,,,,900 W  78TH                         ST,,33.9688,-118.2894
240610855,07/18/2024 12:00:00 AM,07/16/2024 12:00:00 AM,1413,06,Hollywood,0678,1,420,THEFT FROM MOTOR VEHICLE - PETTY ($950 & UNDER),1822 0344 1308 1501,0,X,X,102,SIDEWALK,,,IC,Invest Cont,420,,,,700 N  KINGSLEY                     DR,,34.0835,-118.3028
241707056,03/13/2024 12:00:00 AM,03/13/2024 12:00:00 AM,1910,17,Devonshire,1798,1,310,BURGLARY,1202 1606 1608 0314,66,M,W,501,SINGLE FAMILY DWELLING,,,IC,Invest Cont,310,,,,8900    DENSMORE                     AV,,34.232,-118.4785
240908009,04/15/2024 12:00:00 AM,04/14/2024 12:00:00 AM,2000,09,Van Nuys,0952,1,331,THEFT FROM MOTOR VEHICLE - GRAND ($950.01 AND OVER),0344 0385 1300,26,F,H,101,STREET,,,IC,Invest Cont,331,,,,15200    CLARK                        ST,,34.1685,-118.464
240315393,10/08/2024 12:00:00 AM,10/07/2024 12:00:00 AM,2045,03,Southwest,0391,1,330,BURGLARY FROM VEHICLE,1822 0344 1601 1609 1307,40,M,B,101,STREET,,,IC,Invest Cont,330,,,,4700    DON ZAREMBO                  DR,,34.0035,-118.3566
242004694,01/11/2024 12:00:00 AM,01/11/2024 12:00:00 AM,1528,20,Olympic,2013,2,354,THEFT OF IDENTITY,0100 0929 0930 1822,42,F,H,210,RESTAURANT/FAST FOOD,,,IC,Invest Cont,354,,,,100 S  OXFORD                       AV,,34.0737,-118.3079
240912320,10/13/2024 12:00:00 AM,10/13/2024 12:00:00 AM,1118,09,Van Nuys,0926,1,442,SHOPLIFTING - PETTY THEFT ($950 & UNDER),0344 0325,20,M,H,405,CLOTHING STORE,,,IC,Invest Cont,442,,,,6500    VAN NUYS                     BL,,34.1903,-118.4399
241507109,03/01/2024 12:00:00 AM,03/01/2024 12:00:00 AM,0330,15,N Hollywood,1549,1,330,BURGLARY FROM VEHICLE,0329 1822 1307 1606 0344,34,M,O,101,STREET,,,IC,Invest Cont,330,,,,5500    CASE                         AV,,34.17,-118.3719
240104258,01/04/2024 12:00:00 AM,01/04/2024 12:00:00 AM,1545,01,Central,0162,1,210,ROBBERY,2004 0329 0378 0344 0400 1822 0945 0325,0,X,X,404,DEPARTMENT STORE,400,"STRONG-ARM (HANDS, FIST, FEET OR BODILY FORCE)",AA,Adult Arrest,210,,,,700 W  7TH                          ST,,34.048,-118.2577
241804363,01/07/2024 12:00:00 AM,01/07/2024 12:00:00 AM,2230,18,Southeast,1841,1,510,VEHICLE - STOLEN,,0,,,101,STREET,,,IC,Invest Cont,510,,,,11300 S  FIGUEROA                     ST,,33.9367,-118.2871
240408242,06/16/2024 12:00:00 AM,06/15/2024 12:00:00 AM,2300,04,Hollenbeck,0473,1,510,VEHICLE - STOLEN,,0,,,101,STREET,,,IC,Invest Cont,510,,,,4TH                          ST,BREED                        ST,34.0412,-118.213
241708939,04/29/2024 12:00:00 AM,04/22/2024 12:00:00 AM,2105,17,Devonshire,1799,2,354,THEFT OF IDENTITY,1202 1822 0928,63,M,W,501,SINGLE FAMILY DWELLING,,,IC,Invest Cont,354,,,,16000    MALDEN                       ST,,34.2257,-118.4809
241310477,06/18/2024 12:00:00 AM,06/18/2024 12:00:00 AM,1120,13,Newton,1346,1,350,"THEFT, PERSON",0344 1822,15,F,H,101,STREET,,,IC,Invest Cont,350,,,,43RD                         ST,CENTRAL                      AV,34.0058,-118.2565
240213762,09/01/2024 12:00:00 AM,08/28/2024 12:00:00 AM,1500,02,Rampart,0249,1,510,VEHICLE - STOLEN,,0,,,108,PARKING LOT,,,IC,Invest Cont,510,,,,1000    WILSHIRE                     BL,,34.0514,-118.2613
241215609,09/25/2024 12:00:00 AM,09/22/2024 12:00:00 AM,2132,12,77th Street,1218,1,331,THEFT FROM MOTOR VEHICLE - GRAND ($950.01 AND OVER),0344 1822 0385,35,F,H,501,SINGLE FAMILY DWELLING,,,IC,Invest Cont,331,,,,800 W  55TH                         ST,,33.9923,-118.2871
241109362,07/18/2024 12:00:00 AM,07/06/2024 12:00:00 AM,1840,11,Northeast,1137,1,440,THEFT PLAIN - PETTY ($950 & UNDER),0344 0394,47,F,B,502,"MULTI-UNIT DWELLING (APARTMENT, DUPLEX, ETC)",,,IC,Invest Cont,440,,,,300 N  AVENUE 52,,34.1085,-118.2011
241408074,04/02/2024 12:00:00 AM,04/01/2024 12:00:00 AM,1415,14,Pacific,1477,1,310,BURGLARY,0344 1609,23,M,H,501,SINGLE FAMILY DWELLING,500,UNKNOWN WEAPON/OTHER WEAPON,IC,Invest Cont,310,,,,8100    BLERIOT                      AV,,33.9649,-118.3915
241805965,02/10/2024 12:00:00 AM,02/10/2024 12:00:00 AM,1500,18,Southeast,1861,1,310,BURGLARY,1822 0329 0321 1601 0358,38,F,B,501,SINGLE FAMILY DWELLING,,,IC,Invest Cont,310,,,,700 W  120TH                        ST,,33.9274,-118.2871
240606097,02/13/2024 12:00:00 AM,02/12/2024 12:00:00 AM,2200,06,Hollywood,0646,1,330,BURGLARY FROM VEHICLE,1822 1300 0344,30,M,O,101,STREET,,,IC,Invest Cont,330,,,,WILCOX,HOLLYWOOD,34.1016,-118.331
240105731,01/25/2024 12:00:00 AM,01/24/2024 12:00:00 AM,1641,01,Central,0147,1,761,BRANDISH WEAPON,1822 2004 0334,37,F,H,101,STREET,102,HAND GUN,IC,Invest Cont,761,,,,5TH                          ST,SAN PEDRO,34.0442,-118.2439
241205520,01/24/2024 12:00:00 AM,01/21/2024 12:00:00 AM,0457,12,77th Street,1265,1,330,BURGLARY FROM VEHICLE,1300 1609 0329 1822 0344,42,F,B,101,STREET,,,IC,Invest Cont,330,,,,1300 W  83RD                         PL,,33.9633,-118.299
241515986,12/13/2024 12:00:00 AM,12/13/2024 12:00:00 AM,2230,15,N Hollywood,1549,2,888,TRESPASSING,2004,35,M,X,913,MTA - RED LINE - NORTH HOLLYWOOD,,,AA,Adult Arrest,888,,,,5300    LANKERSHIM                   BL,,34.172,-118.3789
240905041,01/30/2024 12:00:00 AM,01/30/2024 12:00:00 AM,1950,09,Van Nuys,0974,1,510,VEHICLE - STOLEN,,0,,,101,STREET,,,IC,Invest Cont,510,,,,VENTURA                      BL,CEDROS,34.1514,-118.4515
240214702,09/13/2024 12:00:00 AM,09/13/2024 12:00:00 AM,0900,02,Rampart,0246,2,888,TRESPASSING,1501 2004 0910 1822 2021,0,X,X,904,MTA - RED LINE - WESTLAKE/MACARTHUR PARK,,,IC,Invest Cont,888,,,,600 S  ALVARADO                     ST,,34.0595,-118.2749
240109937,04/05/2024 12:00:00 AM,04/05/2024 12:00:00 AM,0153,01,Central,0185,1,510,VEHICLE - STOLEN,,0,,,101,STREET,,,IC,Invest Cont,510,,,,900 S  BROADWAY,,34.0423,-118.2561
240113387,06/24/2024 12:00:00 AM,06/22/2024 12:00:00 AM,1547,01,Central,0162,2,740,"VANDALISM - FELONY ($400 & OVER, ALL CHURCH VANDALISMS)",0329,0,X,X,707,GARAGE/CARPORT,,,IC,Invest Cont,740,,,,700 S  OLIVE                        ST,,34.0466,-118.2555
240908131,04/17/2024 12:00:00 AM,04/17/2024 12:00:00 AM,2101,09,Van Nuys,0943,1,310,BURGLARY,0358 1420 1414 0326 0344 0352 0206 1609 0321,50,F,W,501,SINGLE FAMILY DWELLING,,,IC,Invest Cont,310,,,,5700    TYRONE                       AV,,34.1739,-118.4443
241510625,05/21/2024 12:00:00 AM,05/20/2024 12:00:00 AM,1930,15,N Hollywood,1562,2,745,VANDALISM - MISDEAMEANOR ($399 OR UNDER),1822 0329,37,M,H,101,STREET,,,IC,Invest Cont,745,,,,12800    MOORPARK                     ST,,34.1533,-118.4058
242109282,05/22/2024 12:00:00 AM,05/22/2024 12:00:00 AM,1250,21,Topanga,2156,1,442,SHOPLIFTING - PETTY THEFT ($950 & UNDER),0325 2028 0381,0,M,W,406,OTHER STORE,,,IC,Invest Cont,442,,,,6200    TOPANGA CANYON               BL,,34.1865,-118.6017
241806274,02/18/2024 12:00:00 AM,02/18/2024 12:00:00 AM,2150,18,Southeast,1821,1,230,"ASSAULT WITH DEADLY WEAPON, AGGRAVATED ASSAULT",1822 1100 1402 1259 0302 0334 0450 0312,15,M,H,102,SIDEWALK,102,HAND GUN,IC,Invest Cont,230,998,,,500 W  97TH                         ST,,33.9483,-118.2827
241104724,01/20/2024 12:00:00 AM,01/19/2024 12:00:00 AM,1730,11,Northeast,1138,1,510,VEHICLE - STOLEN,,0,,,101,STREET,,,IC,Invest Cont,510,,,,400 N  AVENUE 57,,34.1152,-118.1898
240109638,03/28/2024 12:00:00 AM,03/27/2024 12:00:00 AM,1415,01,Central,0165,2,946,OTHER MISCELLANEOUS CRIME,4024,39,M,H,101,STREET,,,IC,Invest Cont,946,,,,LOS ANGELES,6TH,34.0439,-118.2497
242004644,01/17/2024 12:00:00 AM,01/13/2024 12:00:00 AM,1730,20,Olympic,2031,1,420,THEFT FROM MOTOR VEHICLE - PETTY ($950 & UNDER),1822 0321 0344 0377,37,F,H,122,"VEHICLE, PASSENGER/TRUCK",,,IC,Invest Cont,420,,,,4000 W  7TH                          ST,,34.0599,-118.3143
241307624,03/21/2024 12:00:00 AM,03/20/2024 12:00:00 AM,2218,13,Newton,1353,1,510,VEHICLE - STOLEN,,0,,,101,STREET,,,IC,Invest Cont,510,,,,900 E  42ND                         PL,,34.0066,-118.26
240807975,04/23/2024 12:00:00 AM,04/23/2024 12:00:00 AM,0947,08,West LA,0852,1,442,SHOPLIFTING - PETTY THEFT ($950 & UNDER),0325 1822,0,X,X,203,OTHER BUSINESS,,,IC,Invest Cont,442,,,,11800    SANTA MONICA                 BL,,34.0428,-118.4582
241605354,02/14/2024 12:00:00 AM,02/14/2024 12:00:00 AM,0250,16,Foothill,1602,2,930,CRIMINAL THREATS - NO WEAPON DISPLAYED,0913 0416,37,F,H,501,SINGLE FAMILY DWELLING,511,VERBAL THREAT,AO,Adult Other,930,,,,12900    DAVENTRY                     ST,,34.2819,-118.4132
241208085,03/10/2024 12:00:00 AM,03/10/2024 12:00:00 AM,0200,12,77th Street,1263,1,510,VEHICLE - STOLEN,,0,,,101,STREET,,,IC,Invest Cont,510,,,,1600 W  85TH                         ST,,33.9609,-118.3047
240607169,03/08/2024 12:00:00 AM,03/08/2024 12:00:00 AM,2230,06,Hollywood,0648,2,888,TRESPASSING,1501 0910 2004,0,X,X,909,MTA - RED LINE - HOLLYWOOD/WESTERN,,,IC,Invest Cont,888,,,,5400    HOLLYWOOD                    BL,,34.1017,-118.3072
240606459,02/22/2024 12:00:00 AM,02/21/2024 12:00:00 AM,2215,06,Hollywood,0663,2,354,THEFT OF IDENTITY,1822 0929 0924 0930 0935 0926,38,M,W,502,"MULTI-UNIT DWELLING (APARTMENT, DUPLEX, ETC)",,,IC,Invest Cont,354,,,,1200 N  SYCAMORE                     AV,,34.0926,-118.3428
240213131,08/19/2024 12:00:00 AM,08/19/2024 12:00:00 AM,1200,02,Rampart,0201,1,510,VEHICLE - STOLEN,,0,,,101,STREET,,,IC,Invest Cont,510,,,,1000 N  VERMONT                      AV,,34.0873,-118.296
240608611,04/20/2024 12:00:00 AM,04/19/2024 12:00:00 AM,2245,06,Hollywood,0649,1,330,BURGLARY FROM VEHICLE,1822 1300 0344,33,M,H,101,STREET,,,IC,Invest Cont,330,,,,1500 N  SERRANO                      AV,,34.0981,-118.3071
242007573,03/22/2024 12:00:00 AM,03/22/2024 12:00:00 AM,2000,20,Olympic,2014,1,310,BURGLARY,0344 1822 0358 1609 0339 0352 1221,44,M,A,501,SINGLE FAMILY DWELLING,,,IC,Invest Cont,310,,,,200 S  KINGSLEY                     DR,,34.0712,-118.3029
240113539,06/27/2024 12:00:00 AM,06/27/2024 12:00:00 AM,0700,01,Central,0119,2,888,TRESPASSING,0910 2004,0,X,X,900,MTA - RED LINE - UNION STATION,,,IC,Invest Cont,888,,,,800 N  ALAMEDA                      ST,,34.0561,-118.2375
241104356,01/11/2024 12:00:00 AM,01/10/2024 12:00:00 AM,1430,11,Northeast,1127,1,510,VEHICLE - STOLEN,,0,,,101,STREET,,,IC,Invest Cont,510,,,,500    MERIDIAN                     TR,,34.1202,-118.1879
240810542,09/01/2024 12:00:00 AM,08/31/2024 12:00:00 AM,1432,08,West LA,0852,1,442,SHOPLIFTING - PETTY THEFT ($950 & UNDER),0325 1822 2028,0,X,X,404,DEPARTMENT STORE,,,IC,Invest Cont,442,,,,11800    SANTA MONICA                 BL,,34.0428,-118.4582
241608607,05/30/2024 12:00:00 AM,05/29/2024 12:00:00 AM,2355,16,Foothill,1681,1,420,THEFT FROM MOTOR VEHICLE - PETTY ($950 & UNDER),0344 1300 1307,41,M,W,101,STREET,,,IC,Invest Cont,420,,,,8200    ST CLAIR                     AV,,34.22,-118.3998
240908436,04/25/2024 12:00:00 AM,04/25/2024 12:00:00 AM,1715,09,Van Nuys,0904,1,210,ROBBERY,1420 1822 0344 0352 0945,0,X,X,404,DEPARTMENT STORE,400,"STRONG-ARM (HANDS, FIST, FEET OR BODILY FORCE)",AA,Adult Arrest,210,,,,14900    RAYMER                       ST,,34.2131,-118.4584
240906222,03/02/2024 12:00:00 AM,03/01/2024 12:00:00 AM,2130,09,Van Nuys,0904,2,626,INTIMATE PARTNER - SIMPLE ASSAULT,0400 1243 2000,46,M,H,203,OTHER BUSINESS,400,"STRONG-ARM (HANDS, FIST, FEET OR BODILY FORCE)",IC,Invest Cont,626,,,,7600 N  SEPULVEDA                    BL,,34.2085,-118.4662
242005792,02/07/2024 12:00:00 AM,02/06/2024 12:00:00 AM,1235,20,Olympic,2076,1,331,THEFT FROM MOTOR VEHICLE - GRAND ($950.01 AND OVER),0800 1202 0380 0344 0342 1822 0701,75,F,K,101,STREET,,,IC,Invest Cont,331,,,,S  VERMONT                      AV,W  PICO                         BL,34.0473,-118.2916
240216340,10/25/2024 12:00:00 AM,10/23/2024 12:00:00 AM,1930,02,Rampart,0291,1,420,THEFT FROM MOTOR VEHICLE - PETTY ($950 & UNDER),,0,,,101,STREET,,,IC,Invest Cont,420,,,,1700 S  BONNIE BRAE                  ST,,34.0444,-118.2827
241314118,10/21/2024 12:00:00 AM,10/20/2024 12:00:00 AM,2100,13,Newton,1317,1,510,VEHICLE - STOLEN,,0,,,101,STREET,,,IC,Invest Cont,510,,,,15TH                         ST,CENTRAL                      AV,34.0269,-118.2475
240710049,07/12/2024 12:00:00 AM,07/12/2024 12:00:00 AM,1000,07,Wilshire,0743,1,341,"THEFT-GRAND ($950.01 & OVER)EXCPT,GUNS,FOWL,LIVESTK,PROD",0344 1822,22,M,C,210,RESTAURANT/FAST FOOD,,,IC,Invest Cont,341,,,,5900 W  OLYMPIC                      BL,,34.0575,-118.3599
240310472,05/13/2024 12:00:00 AM,05/12/2024 12:00:00 AM,0730,03,Southwest,0353,1,331,THEFT FROM MOTOR VEHICLE - GRAND ($950.01 AND OVER),1202 1822 0344 0385 1606,67,F,J,101,STREET,,,IC,Invest Cont,331,,,,HILLCREST                    BL,OBAMA                        BL,34.0215,-118.3432
240314100,09/09/2024 12:00:00 AM,08/16/2024 12:00:00 AM,1200,03,Southwest,0358,2,666,"BUNCO, ATTEMPT",1251 0344 0701 0800 1822,26,F,H,502,"MULTI-UNIT DWELLING (APARTMENT, DUPLEX, ETC)",,,IC,Invest Cont,666,,,,3600    MCCLINTOCK                   AV,,34.0212,-118.2895
240105246,01/18/2024 12:00:00 AM,01/18/2024 12:00:00 AM,0001,01,Central,0162,1,442,SHOPLIFTING - PETTY THEFT ($950 & UNDER),0325 2004,30,F,H,405,CLOTHING STORE,,,IC,Invest Cont,442,,,,700 S  FLOWER                       ST,,34.0487,-118.2588
241109649,07/30/2024 12:00:00 AM,06/13/2024 12:00:00 AM,1230,11,Northeast,1143,2,740,"VANDALISM - FELONY ($400 & OVER, ALL CHURCH VANDALISMS)",0329,39,M,W,502,"MULTI-UNIT DWELLING (APARTMENT, DUPLEX, ETC)",,,IC,Invest Cont,740,,,,2000    AMES                         ST,,34.1083,-118.2791
240215621,10/06/2024 12:00:00 AM,10/06/2024 12:00:00 AM,1430,02,Rampart,0246,2,888,TRESPASSING,1822 0910 2052 1501,0,X,X,904,MTA - RED LINE - WESTLAKE/MACARTHUR PARK,,,IC,Invest Cont,888,,,,600 S  ALVARADO                     ST,,34.0595,-118.2749
240216108,10/18/2024 12:00:00 AM,10/16/2024 12:00:00 AM,2000,02,Rampart,0204,1,331,THEFT FROM MOTOR VEHICLE - GRAND ($950.01 AND OVER),1822 0385 0344,25,F,W,101,STREET,,,IC,Invest Cont,331,,,,SANBORN,HOOVER,34.0885,-118.2845
241411244,07/09/2024 12:00:00 AM,07/05/2024 12:00:00 AM,2150,14,Pacific,1494,1,440,THEFT PLAIN - PETTY ($950 & UNDER),0344,24,M,A,116,OTHER/OUTSIDE,,,IC,Invest Cont,440,,,,00    WORLD                        WY,,33.9455,-118.4006
240113693,06/29/2024 12:00:00 AM,06/28/2024 12:00:00 AM,2200,01,Central,0181,1,440,THEFT PLAIN - PETTY ($950 & UNDER),0344 1822,29,F,B,741,STAPLES CENTER *,,,IC,Invest Cont,440,,,,1100 S  FIGUEROA                     ST,,34.0431,-118.2692
241012373,11/20/2024 12:00:00 AM,11/19/2024 12:00:00 AM,1800,10,West Valley,1045,1,420,THEFT FROM MOTOR VEHICLE - PETTY ($950 & UNDER),,0,,,101,STREET,,,IC,Invest Cont,420,,,,5800    ETIWANDA                     AV,,34.1762,-118.5308
240114903,07/18/2024 12:00:00 AM,07/17/2024 12:00:00 AM,0640,01,Central,0161,2,745,VANDALISM - MISDEAMEANOR ($399 OR UNDER),0329 1609 1822,67,F,W,122,"VEHICLE, PASSENGER/TRUCK",,,IC,Invest Cont,745,,,,900 W  8TH                          ST,,34.0479,-118.2612
240214985,09/20/2024 12:00:00 AM,08/28/2024 12:00:00 AM,0800,02,Rampart,0212,2,668,"EMBEZZLEMENT, GRAND THEFT ($950.01 & OVER)",,0,,,203,OTHER BUSINESS,,,IC,Invest Cont,668,,,,3700    BEVERLY                      BL,,34.0763,-118.2894
240408534,06/30/2024 12:00:00 AM,06/27/2024 12:00:00 AM,2330,04,Hollenbeck,0437,1,330,BURGLARY FROM VEHICLE,1300 1302 0344,27,F,W,122,"VEHICLE, PASSENGER/TRUCK",,,IC,Invest Cont,330,,,,1800    BOCA                         AV,,34.0689,-118.1878
240121262,11/17/2024 12:00:00 AM,11/16/2024 12:00:00 AM,1706,01,Central,0161,1,442,SHOPLIFTING - PETTY THEFT ($950 & UNDER),0325,29,M,B,404,DEPARTMENT STORE,,,IC,Invest Cont,442,,,,700 S  FIGUEROA                     ST,,34.0483,-118.2631
240105248,01/19/2024 12:00:00 AM,01/17/2024 12:00:00 AM,0500,01,Central,0124,2,740,"VANDALISM - FELONY ($400 & OVER, ALL CHURCH VANDALISMS)",0329,0,M,W,726,POLICE FACILITY,,,IC,Invest Cont,740,,,,100 W  1ST                          ST,,34.0522,-118.2434
241314876,11/19/2024 12:00:00 AM,11/18/2024 12:00:00 AM,1700,13,Newton,1363,1,420,THEFT FROM MOTOR VEHICLE - PETTY ($950 & UNDER),,0,,,101,STREET,,,IC,Invest Cont,420,,,,4900    MCKINLEY                     AV,,33.9987,-118.2609
242005714,02/10/2024 12:00:00 AM,02/10/2024 12:00:00 AM,0525,20,Olympic,2014,1,310,BURGLARY,1607 1822,0,X,X,210,RESTAURANT/FAST FOOD,,,IC,Invest Cont,310,,,,4200    BEVERLY                      BL,,34.0763,-118.3004
241405561,02/01/2024 12:00:00 AM,01/31/2024 12:00:00 AM,2030,14,Pacific,1494,1,341,"THEFT-GRAND ($950.01 & OVER)EXCPT,GUNS,FOWL,LIVESTK,PROD",1822 0344,35,M,B,212,TRANSPORTATION FACILITY (AIRPORT),500,UNKNOWN WEAPON/OTHER WEAPON,IC,Invest Cont,341,,,,400    WORLD                        WY,,33.9455,-118.4
240113305,06/24/2024 12:00:00 AM,06/23/2024 12:00:00 AM,1800,01,Central,0119,1,330,BURGLARY FROM VEHICLE,0334 0329 1609 1307,55,F,J,707,GARAGE/CARPORT,,,IC,Invest Cont,330,,,,800 N  ALAMEDA                      ST,,34.0561,-118.2375
241809502,04/29/2024 12:00:00 AM,04/29/2024 12:00:00 AM,2100,18,Southeast,1849,1,210,ROBBERY,1822 0344 0400 0340 0432 0305 0370,25,M,H,101,STREET,400,"STRONG-ARM (HANDS, FIST, FEET OR BODILY FORCE)",IC,Invest Cont,210,,,,2000 E  110TH                        ST,,33.9351,-118.237
241910115,07/14/2024 12:00:00 AM,07/11/2024 12:00:00 AM,1600,19,Mission,1916,1,510,VEHICLE - STOLEN,,0,,,101,STREET,,,IC,Invest Cont,510,,,,RAVEN,DRONFIELD,34.3081,-118.4376
242104707,01/18/2024 12:00:00 AM,01/18/2024 12:00:00 AM,0200,21,Topanga,2144,1,510,VEHICLE - STOLEN,,0,,,101,STREET,,,IC,Invest Cont,510,,,,22500    WELBY                        WY,,34.1928,-118.6174
240405249,02/09/2024 12:00:00 AM,02/09/2024 12:00:00 AM,1630,04,Hollenbeck,0469,1,440,THEFT PLAIN - PETTY ($950 & UNDER),0325 0216,0,M,X,203,OTHER BUSINESS,,,IC,Invest Cont,440,,,,3400 E  4TH                          ST,,34.034,-118.1969
241104617,01/17/2024 12:00:00 AM,01/11/2024 12:00:00 AM,1317,11,Northeast,1177,1,442,SHOPLIFTING - PETTY THEFT ($950 & UNDER),0325,0,X,X,243,"DIY CENTER (LOWE'S,HOME DEPOT,OSH,CONTRACTORS WAREHOUSE)",,,IC,Invest Cont,442,,,,2000 N  FIGUEROA                     ST,,34.0884,-118.2258
240611590,09/02/2024 12:00:00 AM,08/17/2024 12:00:00 AM,0030,06,Hollywood,0648,1,330,BURGLARY FROM VEHICLE,1822 0344 1300,33,M,W,108,PARKING LOT,,,IC,Invest Cont,330,,,,5600    HAROLD                       WY,,34.0993,-118.3115
240612718,10/19/2024 12:00:00 AM,09/20/2024 12:00:00 AM,2040,06,Hollywood,0676,2,740,"VANDALISM - FELONY ($400 & OVER, ALL CHURCH VANDALISMS)",1822 0329 1300,52,F,B,502,"MULTI-UNIT DWELLING (APARTMENT, DUPLEX, ETC)",,,IC,Invest Cont,740,,,,VINE,GREGORY,34.0862,-118.3266
241706094,02/20/2024 12:00:00 AM,02/20/2024 12:00:00 AM,0040,17,Devonshire,1738,2,745,VANDALISM - MISDEAMEANOR ($399 OR UNDER),0913 0361 0329,42,M,H,101,STREET,,,AA,Adult Arrest,745,,,,11000    HASKELL                      AV,,34.2703,-118.476
241507780,03/18/2024 12:00:00 AM,03/18/2024 12:00:00 AM,1750,15,N Hollywood,1526,2,901,VIOLATION OF RESTRAINING ORDER,0387 0334 0913 2038,32,F,H,501,SINGLE FAMILY DWELLING,,,AO,Adult Other,901,,,,11600    KITTRIDGE                    ST,,34.1903,-118.3845
240611809,09/11/2024 12:00:00 AM,08/29/2024 12:00:00 AM,1130,06,Hollywood,0644,1,352,PICKPOCKET,1822 0344,54,F,O,733,BAR/SPORTS BAR (OPEN DAY & NIGHT),,,IC,Invest Cont,352,,,,1400 N  GARDNER                      ST,,34.0962,-118.3529
240613914,12/11/2024 12:00:00 AM,12/11/2024 12:00:00 AM,1200,06,Hollywood,0638,1,331,THEFT FROM MOTOR VEHICLE - GRAND ($950.01 AND OVER),1822 1300 0344,32,M,O,101,STREET,,,IC,Invest Cont,331,,,,1800 N  VAN NESS                     AV,,34.1038,-118.3158
240804884,01/25/2024 12:00:00 AM,01/23/2024 12:00:00 AM,2200,08,West LA,0833,1,420,THEFT FROM MOTOR VEHICLE - PETTY ($950 & UNDER),1822 0344,34,M,H,123,PARKING UNDERGROUND/BUILDING,,,IC,Invest Cont,420,,,,10900    WELLWORTH                    AV,,34.057,-118.4428
240308511,03/19/2024 12:00:00 AM,03/19/2024 12:00:00 AM,0340,03,Southwest,0308,2,740,"VANDALISM - FELONY ($400 & OVER, ALL CHURCH VANDALISMS)",2034 0329 0603 0913,37,M,W,501,SINGLE FAMILY DWELLING,,,AO,Adult Other,740,,,,900 W  23RD                         ST,,34.0334,-118.2799
240706513,02/27/2024 12:00:00 AM,02/26/2024 12:00:00 AM,1757,07,Wilshire,0736,1,442,SHOPLIFTING - PETTY THEFT ($950 & UNDER),0325,23,X,X,203,OTHER BUSINESS,,,IC,Invest Cont,442,,,,400 S  LA BREA                      AV,,34.0669,-118.3456
241507548,03/13/2024 12:00:00 AM,03/13/2024 12:00:00 AM,1650,15,N Hollywood,1526,1,310,BURGLARY,1607 1822 0344,53,M,W,501,SINGLE FAMILY DWELLING,,,IC,Invest Cont,310,,,,6500    KRAFT                        AV,,34.1885,-118.3801
241812600,08/28/2024 12:00:00 AM,08/25/2024 12:00:00 AM,1700,18,Southeast,1829,1,343,SHOPLIFTING-GRAND THEFT ($950.01 & OVER),0325 0342,0,X,X,405,CLOTHING STORE,,,IC,Invest Cont,343,,,,9800 S  ALAMEDA                      ST,,33.9478,-118.2289
241900633,04/05/2024 12:00:00 AM,04/05/2024 12:00:00 AM,2140,19,Mission,1963,2,354,THEFT OF IDENTITY,1402 1822 1309 0930,34,F,H,502,"MULTI-UNIT DWELLING (APARTMENT, DUPLEX, ETC)",,,IC,Invest Cont,354,998,,,9600    VAN NUYS                     BL,,34.2449,-118.4502
240606531,02/25/2024 12:00:00 AM,02/25/2024 12:00:00 AM,1005,06,Hollywood,0648,1,440,THEFT PLAIN - PETTY ($950 & UNDER),1822 0344 0325,0,X,X,203,OTHER BUSINESS,400,"STRONG-ARM (HANDS, FIST, FEET OR BODILY FORCE)",IC,Invest Cont,440,,,,5500 W  SUNSET                       BL,,34.1,-118.3113
240506305,03/01/2024 12:00:00 AM,02/29/2024 12:00:00 AM,1900,05,Harbor,0513,1,310,BURGLARY,0352 0344 0358 1607,48,M,O,502,"MULTI-UNIT DWELLING (APARTMENT, DUPLEX, ETC)",,,IC,Invest Cont,310,,,,1500 W  PACIFIC COAST                HY,,33.7908,-118.2845
241910043,07/10/2024 12:00:00 AM,07/10/2024 12:00:00 AM,0655,19,Mission,1913,2,354,THEFT OF IDENTITY,,58,M,H,501,SINGLE FAMILY DWELLING,,,IC,Invest Cont,354,,,,15400    COBALT                       ST,,34.3095,-118.4671
241405675,02/08/2024 12:00:00 AM,02/08/2024 12:00:00 AM,1440,14,Pacific,1454,2,624,BATTERY - SIMPLE ASSAULT,0344,43,M,B,102,SIDEWALK,400,"STRONG-ARM (HANDS, FIST, FEET OR BODILY FORCE)",IC,Invest Cont,624,,,,13200    MINDANAO                     WY,,33.983,-118.4381
240118049,09/05/2024 12:00:00 AM,09/04/2024 12:00:00 AM,1930,01,Central,0182,1,330,BURGLARY FROM VEHICLE,0344,36,F,K,104,DRIVEWAY,,,IC,Invest Cont,330,,,,1100 S  GRAND                        AV,,34.0415,-118.262
241610776,10/09/2024 12:00:00 AM,10/04/2024 12:00:00 AM,2100,16,Foothill,1643,1,510,VEHICLE - STOLEN,,0,,,101,STREET,,,IC,Invest Cont,510,,,,10600    ILEX                         AV,,34.2625,-118.4198
241310552,06/20/2024 12:00:00 AM,06/19/2024 12:00:00 AM,1700,13,Newton,1321,1,510,VEHICLE - STOLEN,,0,,,101,STREET,,,IC,Invest Cont,510,,,,2500 S  GRAND                        AV,,34.0274,-118.2717
242105441,02/03/2024 12:00:00 AM,02/03/2024 12:00:00 AM,1215,21,Topanga,2156,1,330,BURGLARY FROM VEHICLE,0344 1609,36,F,A,717,HEALTH SPA/GYM,,,IC,Invest Cont,330,,,,6400    CANOGA                       AV,,34.1865,-118.5975
240613690,12/01/2024 12:00:00 AM,08/15/2024 12:00:00 AM,1901,06,Hollywood,0663,1,440,THEFT PLAIN - PETTY ($950 & UNDER),1822 0344 1501,28,F,W,502,"MULTI-UNIT DWELLING (APARTMENT, DUPLEX, ETC)",,,IC,Invest Cont,440,,,,1200    CHEROKEE                     AV,,34.0926,-118.3352
240114111,07/05/2024 12:00:00 AM,07/05/2024 12:00:00 AM,2125,01,Central,0153,1,510,VEHICLE - STOLEN,,0,,,101,STREET,,,IC,Invest Cont,510,,,,SPRING                       ST,6TH                          ST,34.046,-118.251
240120938,11/09/2024 12:00:00 AM,11/07/2024 12:00:00 AM,1100,01,Central,0142,1,510,VEHICLE - STOLEN,,0,,,101,STREET,,,IC,Invest Cont,510,,,,500 W  5TH                          ST,,34.0519,-118.2531
241709101,05/03/2024 12:00:00 AM,05/03/2024 12:00:00 AM,1405,17,Devonshire,1752,2,740,"VANDALISM - FELONY ($400 & OVER, ALL CHURCH VANDALISMS)",1609 0329 2024,55,F,A,501,SINGLE FAMILY DWELLING,,,IC,Invest Cont,740,,,,21300    ROMAR                        ST,,34.2545,-118.596
241910626,08/01/2024 12:00:00 AM,08/01/2024 12:00:00 AM,2100,19,Mission,1962,1,330,BURGLARY FROM VEHICLE,0344 2004,47,M,H,108,PARKING LOT,,,AA,Adult Arrest,330,,,,9100 N  SEPULVEDA                    BL,,34.2355,-118.4675
241604865,01/29/2024 12:00:00 AM,01/29/2024 12:00:00 AM,0040,16,Foothill,1684,1,330,BURGLARY FROM VEHICLE,1402 1307 1302 0344,25,F,W,101,STREET,,,IC,Invest Cont,330,998,,,11900    ELKWOOD                      ST,,34.213,-118.3922
241405528,02/05/2024 12:00:00 AM,02/05/2024 12:00:00 AM,1845,14,Pacific,1475,1,310,BURGLARY,1609 1205,31,M,W,501,SINGLE FAMILY DWELLING,500,UNKNOWN WEAPON/OTHER WEAPON,IC,Invest Cont,310,,,,7500    MCCONNELL                    AV,,33.973,-118.4131
242113290,11/21/2024 12:00:00 AM,10/26/2024 12:00:00 AM,0001,21,Topanga,2189,1,440,THEFT PLAIN - PETTY ($950 & UNDER),0344 0397,41,F,B,123,PARKING UNDERGROUND/BUILDING,,,IC,Invest Cont,440,480,,,20600    VENTURA                      BL,,34.1674,-118.5821
241807532,03/15/2024 12:00:00 AM,03/08/2024 12:00:00 AM,1800,18,Southeast,1846,1,210,ROBBERY,0377 0913 0352 0346 0416 0417 0340,38,F,B,102,SIDEWALK,400,"STRONG-ARM (HANDS, FIST, FEET OR BODILY FORCE)",IC,Invest Cont,210,,,,115TH                        ST,PARMELEE,33.9323,-118.2502
240308986,04/07/2024 12:00:00 AM,04/07/2024 12:00:00 AM,0800,03,Southwest,0397,2,624,BATTERY - SIMPLE ASSAULT,1202 0913 0400,75,F,H,501,SINGLE FAMILY DWELLING,400,"STRONG-ARM (HANDS, FIST, FEET OR BODILY FORCE)",IC,Invest Cont,624,,,,1000 W  VERNON                       AV,,34.0073,-118.298
241809934,05/07/2024 12:00:00 AM,05/05/2024 12:00:00 AM,2230,18,Southeast,1824,2,740,"VANDALISM - FELONY ($400 & OVER, ALL CHURCH VANDALISMS)",1822 0329,24,F,H,122,"VEHICLE, PASSENGER/TRUCK",,,IC,Invest Cont,740,,,,800 E  CENTURY                      BL,,33.9455,-118.2609
240504591,01/16/2024 12:00:00 AM,01/16/2024 12:00:00 AM,1317,05,Harbor,0569,2,740,"VANDALISM - FELONY ($400 & OVER, ALL CHURCH VANDALISMS)",0329,0,X,X,710,OTHER PREMISE,,,IC,Invest Cont,740,,,,BERTH,73A,33.7257,-118.2766
240606289,02/18/2024 12:00:00 AM,02/18/2024 12:00:00 AM,0900,06,Hollywood,0645,2,740,"VANDALISM - FELONY ($400 & OVER, ALL CHURCH VANDALISMS)",1300 1609 0329 1822,61,M,O,101,STREET,,,IC,Invest Cont,740,,,,HAWTHORN,HIGHLAND,34.1004,-118.3387
240311624,06/24/2024 12:00:00 AM,06/23/2024 12:00:00 AM,0730,03,Southwest,0362,1,510,VEHICLE - STOLEN,,0,,,101,STREET,,,IC,Invest Cont,510,,,,4500    SANTO TOMAS                  DR,,34.017,-118.3477
241413049,09/11/2024 12:00:00 AM,07/23/2024 12:00:00 AM,1300,14,Pacific,1454,1,510,VEHICLE - STOLEN,,0,,,707,GARAGE/CARPORT,,,IC,Invest Cont,510,,,,13400    MAXELLA                      AV,,33.9867,-118.4413
241315334,12/06/2024 12:00:00 AM,12/01/2024 12:00:00 AM,1450,13,Newton,1364,1,341,"THEFT-GRAND ($950.01 & OVER)EXCPT,GUNS,FOWL,LIVESTK,PROD",0344,0,X,X,103,ALLEY,,,IC,Invest Cont,341,,,,1100 E  53RD                         ST,,33.9994,-118.2543
240114274,07/08/2024 12:00:00 AM,07/04/2024 12:00:00 AM,1800,01,Central,0153,1,440,THEFT PLAIN - PETTY ($950 & UNDER),0344 1822,37,X,O,101,STREET,,,IC,Invest Cont,440,,,,600 S  HILL                         ST,,34.0473,-118.2531
241706594,02/29/2024 12:00:00 AM,02/16/2024 12:00:00 AM,1900,17,Devonshire,1753,1,341,"THEFT-GRAND ($950.01 & OVER)EXCPT,GUNS,FOWL,LIVESTK,PROD",0344,0,X,X,108,PARKING LOT,,,IC,Invest Cont,341,,,,20500    DEVONSHIRE                   ST,,34.2573,-118.5798
240512129,10/21/2024 12:00:00 AM,09/20/2024 12:00:00 AM,2330,05,Harbor,0589,1,341,"THEFT-GRAND ($950.01 & OVER)EXCPT,GUNS,FOWL,LIVESTK,PROD",0913 0344,61,F,B,503,HOTEL,,,IC,Invest Cont,341,,,,2800    VIA CABRILLO MARINA,,33.7175,-118.2826
240807203,03/19/2024 12:00:00 AM,03/19/2024 12:00:00 AM,0940,08,West LA,0884,1,442,SHOPLIFTING - PETTY THEFT ($950 & UNDER),0325 2028 1420,0,X,X,203,OTHER BUSINESS,,,IC,Invest Cont,442,,,,11000 W  PICO                         BL,,34.0383,-118.4323
240214907,09/19/2024 12:00:00 AM,09/06/2024 12:00:00 AM,1900,02,Rampart,0233,1,510,VEHICLE - STOLEN,,0,,,101,STREET,,,IC,Invest Cont,510,,,,S  RAMPART                      BL,W  2ND                          ST,34.0685,-118.2775
241807436,03/13/2024 12:00:00 AM,03/11/2024 12:00:00 AM,0409,18,Southeast,1822,2,745,VANDALISM - MISDEAMEANOR ($399 OR UNDER),0329 1822,55,M,H,122,"VEHICLE, PASSENGER/TRUCK",,,IC,Invest Cont,745,,,,10000 S  FIGUEROA                     ST,,33.9455,-118.2826
240314128,09/10/2024 12:00:00 AM,09/07/2024 12:00:00 AM,2015,03,Southwest,0358,1,341,"THEFT-GRAND ($950.01 & OVER)EXCPT,GUNS,FOWL,LIVESTK,PROD",0344 1822,23,X,X,722,COLLEGE/JUNIOR COLLEGE/UNIVERSITY,,,IC,Invest Cont,341,,,,3600    TROUSDALE PKWY,,34.0203,-118.2852
240608145,04/01/2024 12:00:00 AM,03/15/2024 12:00:00 AM,0715,06,Hollywood,0648,1,440,THEFT PLAIN - PETTY ($950 & UNDER),1822 0344 0377,25,F,K,101,STREET,,,IC,Invest Cont,440,,,,HOLLYWOOD,N  WESTERN,34.1018,-118.3093
241305566,02/03/2024 12:00:00 AM,02/03/2024 12:00:00 AM,1530,13,Newton,1347,1,510,VEHICLE - STOLEN,,0,,,101,STREET,,,IC,Invest Cont,510,,,,1500 E  41ST                         PL,,34.0077,-118.2474
240118471,09/14/2024 12:00:00 AM,09/14/2024 12:00:00 AM,0350,01,Central,0182,1,331,THEFT FROM MOTOR VEHICLE - GRAND ($950.01 AND OVER),0385 1300,40,M,H,707,GARAGE/CARPORT,,,IC,Invest Cont,331,,,,1200 S  FIGUEROA                     ST,,34.0419,-118.2669
240313530,08/26/2024 12:00:00 AM,08/25/2024 12:00:00 AM,2300,03,Southwest,0378,1,510,VEHICLE - STOLEN,,0,,,101,STREET,,,IC,Invest Cont,510,,,,VERMONT                      AV,LAYTON                       AV,34.0146,-118.2872
240606176,02/15/2024 12:00:00 AM,02/15/2024 12:00:00 AM,2215,06,Hollywood,0656,1,341,"THEFT-GRAND ($950.01 & OVER)EXCPT,GUNS,FOWL,LIVESTK,PROD",1822 0344,32,M,W,717,HEALTH SPA/GYM,,,IC,Invest Cont,341,,,,1000    COLE                         AV,,34.0889,-118.3299
240900532,01/15/2024 12:00:00 AM,01/15/2024 12:00:00 AM,1045,09,Van Nuys,0991,1,235,CHILD ABUSE (PHYSICAL) - AGGRAVATED ASSAULT,1258 0416 0602 0445 0913 1414 0552,8,M,A,501,SINGLE FAMILY DWELLING,500,UNKNOWN WEAPON/OTHER WEAPON,AA,Adult Arrest,235,,,,3500    LOADSTONE                    DR,,34.1343,-118.461
240114325,07/09/2024 12:00:00 AM,07/09/2024 12:00:00 AM,1030,01,Central,0153,2,888,TRESPASSING,0910,0,M,O,902,MTA - RED LINE - PERSHING SQUARE,,,IC,Invest Cont,888,,,,500 S  HILL                         ST,,34.0488,-118.2518
240507054,03/22/2024 12:00:00 AM,03/20/2024 12:00:00 AM,0001,05,Harbor,0526,1,210,ROBBERY,2060 0352 0334 1822 0342 1218 0337 0416 0432 0344,53,M,B,102,SIDEWALK,102,HAND GUN,IC,Invest Cont,210,,,,ANAHEIM                      ST,MARINE                       AV,33.7799,-118.2638
241213393,07/11/2024 12:00:00 AM,07/09/2024 12:00:00 AM,2200,12,77th Street,1251,2,745,VANDALISM - MISDEAMEANOR ($399 OR UNDER),1300 1307 1822 0329 1202,64,M,B,122,"VEHICLE, PASSENGER/TRUCK",,,IC,Invest Cont,745,,,,3400 W  73RD                         ST,,33.9736,-118.3309
241508217,03/27/2024 12:00:00 AM,03/27/2024 12:00:00 AM,1140,15,N Hollywood,1519,2,624,BATTERY - SIMPLE ASSAULT,0416,39,F,W,101,STREET,500,UNKNOWN WEAPON/OTHER WEAPON,IC,Invest Cont,624,,,,10900    VICTORY                      BL,,34.1909,-118.3654
240118766,09/20/2024 12:00:00 AM,09/19/2024 12:00:00 AM,0025,01,Central,0162,1,341,"THEFT-GRAND ($950.01 & OVER)EXCPT,GUNS,FOWL,LIVESTK,PROD",0344 1822,32,M,K,232,"DELIVERY SERVICE (FED EX, UPS, COURIERS,COURIER SERVICE)*",,,IC,Invest Cont,341,,,,800 S  HOPE                         ST,,34.0466,-118.259
240606797,03/01/2024 12:00:00 AM,02/29/2024 12:00:00 AM,1820,06,Hollywood,0646,1,230,"ASSAULT WITH DEADLY WEAPON, AGGRAVATED ASSAULT",1218 1822 0431 0400,47,M,B,101,STREET,512,MACE/PEPPER SPRAY,IC,Invest Cont,230,,,,1500 N  LAS PALMAS                   AV,,34.098,-118.3363
241215815,10/01/2024 12:00:00 AM,09/30/2024 12:00:00 AM,1756,12,77th Street,1248,2,740,"VANDALISM - FELONY ($400 & OVER, ALL CHURCH VANDALISMS)",1300 0329 1822,69,M,H,122,"VEHICLE, PASSENGER/TRUCK",,,IC,Invest Cont,740,,,,800 W  62ND                         PL,,33.9828,-118.2871
241715010,12/16/2024 12:00:00 AM,12/16/2024 12:00:00 AM,0945,17,Devonshire,1783,2,740,"VANDALISM - FELONY ($400 & OVER, ALL CHURCH VANDALISMS)",0329,23,F,W,103,ALLEY,,,IC,Invest Cont,740,,,,9100    TAMPA                        AV,,34.2355,-118.5536
241204721,01/12/2024 12:00:00 AM,01/12/2024 12:00:00 AM,1345,12,77th Street,1273,1,230,"ASSAULT WITH DEADLY WEAPON, AGGRAVATED ASSAULT",1100 1402 1407 0216 1822 0450 1309 0326 0906 1270,29,M,B,103,ALLEY,102,HAND GUN,IC,Invest Cont,230,998,,,89TH                         ST,WESTERN                      AV,33.9563,-118.309
240809992,08/04/2024 12:00:00 AM,06/22/2024 12:00:00 AM,0830,08,West LA,0811,1,330,BURGLARY FROM VEHICLE,0344 1300 1822,37,M,W,108,PARKING LOT,,,IC,Invest Cont,330,,,,15600 W  SUNSET                       BL,,34.0561,-118.5512
240404399,01/14/2024 12:00:00 AM,01/09/2024 12:00:00 AM,2200,04,Hollenbeck,0426,2,740,"VANDALISM - FELONY ($400 & OVER, ALL CHURCH VANDALISMS)",0329 1300,58,F,W,502,"MULTI-UNIT DWELLING (APARTMENT, DUPLEX, ETC)",,,IC,Invest Cont,740,,,,3200    PORTOLA                      AV,,34.0827,-118.1731
240207462,03/08/2024 12:00:00 AM,03/08/2024 12:00:00 AM,1240,02,Rampart,0201,2,888,TRESPASSING,0910 1822,0,X,X,907,MTA - RED LINE - VERMONT/SANTA MONICA,,,IC,Invest Cont,888,,,,SANTA MONICA                 BL,VERMONT                      BL,34.0909,-118.2917
240611205,08/16/2024 12:00:00 AM,08/15/2024 12:00:00 AM,2200,06,Hollywood,0647,1,352,PICKPOCKET,1822 0344,21,M,C,116,OTHER/OUTSIDE,,,IC,Invest Cont,352,,,,6200 W  SUNSET                       BL,,34.0998,-118.3211
240216184,10/21/2024 12:00:00 AM,10/20/2024 12:00:00 AM,1900,02,Rampart,0269,1,510,VEHICLE - STOLEN,,0,,,101,STREET,,,IC,Invest Cont,510,,,,700 S  BIXEL                        ST,,34.0509,-118.2642
241812752,09/03/2024 12:00:00 AM,09/03/2024 12:00:00 AM,1640,18,Southeast,1862,2,888,TRESPASSING,1822 0910 1501,0,X,X,957,MTA - GREEN LINE - HARBOR FWY,,,IC,Invest Cont,888,,,,11500 S  FIGUEROA                     ST,,33.928,-118.2826
241808682,04/10/2024 12:00:00 AM,04/10/2024 12:00:00 AM,2130,18,Southeast,1821,2,626,INTIMATE PARTNER - SIMPLE ASSAULT,2000 0913 1814 0416 0432,25,M,B,501,SINGLE FAMILY DWELLING,400,"STRONG-ARM (HANDS, FIST, FEET OR BODILY FORCE)",IC,Invest Cont,626,,,,800 W  98TH                         ST,,33.947,-118.2894
241205434,01/24/2024 12:00:00 AM,01/24/2024 12:00:00 AM,0300,12,77th Street,1249,1,310,BURGLARY,0601 1822 0329,0,X,X,708,CHURCH/CHAPEL (CHANGED 03-03 FROM CHURCH/TEMPLE),,,IC,Invest Cont,310,,,,6600 S  FIGUEROA                     ST,,33.9795,-118.2827
240311089,06/05/2024 12:00:00 AM,06/04/2024 12:00:00 AM,2110,03,Southwest,0328,2,740,"VANDALISM - FELONY ($400 & OVER, ALL CHURCH VANDALISMS)",1822 0329 0216,48,M,W,508,FRAT HOUSE/SORORITY/DORMITORY,,,IC,Invest Cont,740,,,,2700 S  SEVERANCE                    ST,,34.0293,-118.2816
241105713,02/14/2024 12:00:00 AM,02/12/2024 12:00:00 AM,1845,11,Northeast,1186,2,762,LEWD CONDUCT,0528,0,X,X,109,PARK/PLAYGROUND,,,IC,Invest Cont,762,,,,600    PARK ROW                     DR,,34.0768,-118.2314
240610239,06/30/2024 12:00:00 AM,06/28/2024 12:00:00 AM,0700,06,Hollywood,0666,1,331,THEFT FROM MOTOR VEHICLE - GRAND ($950.01 AND OVER),1822 1300 0385 1501,28,M,H,502,"MULTI-UNIT DWELLING (APARTMENT, DUPLEX, ETC)",,,IC,Invest Cont,331,,,,6200    BANNER                       AV,,34.0917,-118.3244
242110907,08/10/2024 12:00:00 AM,05/03/2024 12:00:00 AM,1120,21,Topanga,2157,2,354,THEFT OF IDENTITY,0377 0930,27,F,W,502,"MULTI-UNIT DWELLING (APARTMENT, DUPLEX, ETC)",,,IC,Invest Cont,354,,,,21000    KITTRIDGE                    ST,,34.1911,-118.5906
241804995,01/22/2024 12:00:00 AM,01/22/2024 12:00:00 AM,0815,18,Southeast,1862,1,341,"THEFT-GRAND ($950.01 & OVER)EXCPT,GUNS,FOWL,LIVESTK,PROD",1822 0344,0,X,X,102,SIDEWALK,,,IC,Invest Cont,341,,,,SAN PEDRO,116TH                        ST,33.9283,-118.2695
241413653,09/07/2024 12:00:00 AM,09/07/2024 12:00:00 AM,0525,14,Pacific,1409,1,331,THEFT FROM MOTOR VEHICLE - GRAND ($950.01 AND OVER),0344 1300,29,F,H,502,"MULTI-UNIT DWELLING (APARTMENT, DUPLEX, ETC)",,,IC,Invest Cont,331,,,,9800    REGENT                       ST,,34.0261,-118.3996
240113521,06/27/2024 12:00:00 AM,06/27/2024 12:00:00 AM,1700,01,Central,0161,1,442,SHOPLIFTING - PETTY THEFT ($950 & UNDER),0344 0325,0,X,X,404,DEPARTMENT STORE,,,IC,Invest Cont,442,,,,700 S  FIGUEROA                     ST,,34.0483,-118.2631
240905379,02/07/2024 12:00:00 AM,02/07/2024 12:00:00 AM,1245,09,Van Nuys,0964,1,442,SHOPLIFTING - PETTY THEFT ($950 & UNDER),0325 0913,0,X,X,405,CLOTHING STORE,,,AO,Adult Other,442,,,,14000    RIVERSIDE                    DR,,34.1576,-118.4387
241405456,02/03/2024 12:00:00 AM,02/03/2024 12:00:00 AM,0115,14,Pacific,1469,1,510,VEHICLE - STOLEN,,0,,,101,STREET,,,IC,Invest Cont,510,,,,7100 S  LA CIENEGA                   BL,,33.9761,-118.3726
240411822,12/01/2024 12:00:00 AM,12/01/2024 12:00:00 AM,0756,04,Hollenbeck,0442,1,442,SHOPLIFTING - PETTY THEFT ($950 & UNDER),0325,0,X,X,301,GAS STATION,,,IC,Invest Cont,442,,,,1800    MARENGO                      ST,,34.0586,-118.2119
241410893,06/30/2024 12:00:00 AM,06/19/2024 12:00:00 AM,0800,14,Pacific,1437,1,440,THEFT PLAIN - PETTY ($950 & UNDER),1822 0344,0,X,X,101,STREET,,,IC,Invest Cont,440,,,,3700 S  SEPULVEDA                    BL,,34.015,-118.4188
240710402,07/30/2024 12:00:00 AM,07/28/2024 12:00:00 AM,2300,07,Wilshire,0775,1,510,VEHICLE - STOLEN,,0,,,104,DRIVEWAY,,,IC,Invest Cont,510,,,,1800 S  HIGHLAND                     AV,,34.0421,-118.3457
242107346,03/27/2024 12:00:00 AM,03/27/2024 12:00:00 AM,1220,21,Topanga,2156,1,442,SHOPLIFTING - PETTY THEFT ($950 & UNDER),0325,35,M,X,404,DEPARTMENT STORE,,,IC,Invest Cont,442,,,,21400    VICTORY                      BL,,34.1884,-118.5975
240410910,10/19/2024 12:00:00 AM,10/17/2024 12:00:00 AM,1539,04,Hollenbeck,0462,1,442,SHOPLIFTING - PETTY THEFT ($950 & UNDER),0325,0,X,X,301,GAS STATION,,,IC,Invest Cont,442,,,,1800 E  4TH                          ST,,34.0431,-118.2196
240308977,04/08/2024 12:00:00 AM,04/08/2024 12:00:00 AM,0200,03,Southwest,0331,1,341,"THEFT-GRAND ($950.01 & OVER)EXCPT,GUNS,FOWL,LIVESTK,PROD",0602 1402 0344 0360 0377 0561 0913 1242,56,M,H,203,OTHER BUSINESS,,,AA,Adult Arrest,341,998,,,4900    EXPOSITION                   BL,,34.0245,-118.3508
240207562,03/12/2024 12:00:00 AM,03/11/2024 12:00:00 AM,1500,02,Rampart,0235,1,510,VEHICLE - STOLEN,,0,,,101,STREET,,,IC,Invest Cont,510,,,,ROSELAKE,BEVERLY,34.0701,-118.2706
241812859,09/06/2024 12:00:00 AM,09/06/2024 12:00:00 AM,1500,18,Southeast,1841,1,510,VEHICLE - STOLEN,,0,,,101,STREET,,,IC,Invest Cont,510,,,,11000 S  VERMONT                      AV,,33.9358,-118.2916
241909845,07/01/2024 12:00:00 AM,06/29/2024 12:00:00 AM,0900,19,Mission,1969,1,341,"THEFT-GRAND ($950.01 & OVER)EXCPT,GUNS,FOWL,LIVESTK,PROD",0344 1822,49,M,W,102,SIDEWALK,,,IC,Invest Cont,341,,,,9300    STANWIN                      AV,,34.2384,-118.4239
242112946,11/07/2024 12:00:00 AM,11/06/2024 12:00:00 AM,2045,21,Topanga,2156,1,522,"VEHICLE, STOLEN - OTHER (MOTORIZED SCOOTERS, BIKES, ETC)",,0,,,108,PARKING LOT,,,IC,Invest Cont,522,,,,6700    TOPANGA CANYON               BL,,34.1923,-118.6059
240507896,04/13/2024 12:00:00 AM,04/13/2024 12:00:00 AM,0230,05,Harbor,0526,2,626,INTIMATE PARTNER - SIMPLE ASSAULT,0216 0432 0913 1814 2000,20,F,H,501,SINGLE FAMILY DWELLING,400,"STRONG-ARM (HANDS, FIST, FEET OR BODILY FORCE)",AO,Adult Other,626,,,,800    ISLAND                       AV,,33.7798,-118.2666
240504416,01/12/2024 12:00:00 AM,01/12/2024 12:00:00 AM,0111,05,Harbor,0529,1,310,BURGLARY,1822 0344,0,X,X,203,OTHER BUSINESS,,,IC,Invest Cont,310,,,,800    WATSON                       AV,,33.7808,-118.2475
240121181,11/14/2024 12:00:00 AM,11/13/2024 12:00:00 AM,2035,01,Central,0182,1,330,BURGLARY FROM VEHICLE,0344 0329 1609 1307,38,F,C,707,GARAGE/CARPORT,,,IC,Invest Cont,330,,,,1100 S  GRAND                        AV,,34.0415,-118.262
240805606,02/12/2024 12:00:00 AM,02/10/2024 12:00:00 AM,1330,08,West LA,0898,2,354,THEFT OF IDENTITY,0917,42,M,B,502,"MULTI-UNIT DWELLING (APARTMENT, DUPLEX, ETC)",,,IC,Invest Cont,354,,,,2300 S  CORNING                      ST,,34.0391,-118.3803
241515918,12/10/2024 12:00:00 AM,12/10/2024 12:00:00 AM,1855,15,N Hollywood,1549,2,740,"VANDALISM - FELONY ($400 & OVER, ALL CHURCH VANDALISMS)",0329 1300,32,M,B,502,"MULTI-UNIT DWELLING (APARTMENT, DUPLEX, ETC)",,,IC,Invest Cont,740,,,,11100    CUMPSTON                     ST,,34.17,-118.3727
240211901,07/13/2024 12:00:00 AM,07/12/2024 12:00:00 AM,0200,02,Rampart,0233,1,420,THEFT FROM MOTOR VEHICLE - PETTY ($950 & UNDER),,0,,,101,STREET,,,IC,Invest Cont,420,,,,RAMPART,TEMPLE,34.0725,-118.2749
241213967,07/31/2024 12:00:00 AM,07/30/2024 12:00:00 AM,2200,12,77th Street,1243,1,420,THEFT FROM MOTOR VEHICLE - PETTY ($950 & UNDER),,0,,,101,STREET,,,IC,Invest Cont,420,,,,1900 W  71ST                         ST,,33.9754,-118.3112
241608350,05/19/2024 12:00:00 AM,05/18/2024 12:00:00 AM,2138,16,Foothill,1677,1,510,VEHICLE - STOLEN,,0,,,101,STREET,,,IC,Invest Cont,510,,,,8300    OUTLAND VIEW                 DR,,34.221,-118.3554
240311486,06/18/2024 12:00:00 AM,05/20/2024 12:00:00 AM,1500,03,Southwest,0316,1,440,THEFT PLAIN - PETTY ($950 & UNDER),0344 0352 1202 1822,67,F,B,502,"MULTI-UNIT DWELLING (APARTMENT, DUPLEX, ETC)",,,IC,Invest Cont,440,,,,2400 S  WESTERN                      AV,,34.0342,-118.309
242110721,08/02/2024 12:00:00 AM,08/02/2024 12:00:00 AM,1530,21,Topanga,2156,1,442,SHOPLIFTING - PETTY THEFT ($950 & UNDER),0325,50,M,W,404,DEPARTMENT STORE,,,IC,Invest Cont,442,,,,21900    VANOWEN                      ST,,34.1938,-118.6044
240310673,05/22/2024 12:00:00 AM,05/20/2024 12:00:00 AM,0700,03,Southwest,0353,2,888,TRESPASSING,0910,23,X,X,101,STREET,,,IC,Invest Cont,888,,,,4400    EXPOSITION                   BL,,34.0237,-118.3442
240608582,04/18/2024 12:00:00 AM,04/18/2024 12:00:00 AM,1200,06,Hollywood,0637,2,740,"VANDALISM - FELONY ($400 & OVER, ALL CHURCH VANDALISMS)",1822 0329 1501,0,X,X,203,OTHER BUSINESS,306,ROCK/THROWN OBJECT,IC,Invest Cont,740,,,,5900    HOLLYWOOD                    BL,,34.103,-118.3225
240606327,02/19/2024 12:00:00 AM,02/19/2024 12:00:00 AM,2125,06,Hollywood,0647,1,210,ROBBERY,1822 1300 0916 1310 1501 0216 0209 1205,46,M,A,101,STREET,400,"STRONG-ARM (HANDS, FIST, FEET OR BODILY FORCE)",IC,Invest Cont,210,,,,5800    HOLLYWOOD                    BL,,34.1017,-118.3171
241208558,03/18/2024 12:00:00 AM,03/18/2024 12:00:00 AM,0530,12,77th Street,1269,2,740,"VANDALISM - FELONY ($400 & OVER, ALL CHURCH VANDALISMS)",0329,54,F,B,501,SINGLE FAMILY DWELLING,,,IC,Invest Cont,740,,,,700 E  85TH                         ST,,33.961,-118.263
241106765,03/16/2024 12:00:00 AM,03/10/2024 12:00:00 AM,0020,11,Northeast,1143,1,352,PICKPOCKET,,26,F,H,207,BAR/COCKTAIL/NIGHTCLUB,,,IC,Invest Cont,352,,,,2600    HYPERION                     AV,,34.1053,-118.2785
241010679,08/24/2024 12:00:00 AM,08/24/2024 12:00:00 AM,1000,10,West Valley,1024,1,341,"THEFT-GRAND ($950.01 & OVER)EXCPT,GUNS,FOWL,LIVESTK,PROD",0344 1822,70,F,H,217,AUTO REPAIR SHOP,,,IC,Invest Cont,341,,,,6900    RESEDA                       BL,,34.1958,-118.5399
241112629,12/06/2024 12:00:00 AM,09/01/2024 12:00:00 AM,1030,11,Northeast,1102,2,740,"VANDALISM - FELONY ($400 & OVER, ALL CHURCH VANDALISMS)",0329 1300,0,X,X,707,GARAGE/CARPORT,,,IC,Invest Cont,740,,,,4600    BRAZIL                       ST,,34.1468,-118.2758
240406648,03/28/2024 12:00:00 AM,03/24/2024 12:00:00 AM,0600,04,Hollenbeck,0427,1,510,VEHICLE - STOLEN,,0,,,101,STREET,,,IC,Invest Cont,510,,,,4800    GAMBIER                      ST,,34.081,-118.1795
241406617,02/11/2024 12:00:00 AM,02/11/2024 12:00:00 AM,1745,14,Pacific,1406,2,956,"LETTERS, LEWD  -  TELEPHONE CALLS, LEWD",,48,F,W,710,OTHER PREMISE,,,IC,Invest Cont,956,,,,3600    KEYSTONE                     AV,,34.0238,-118.4095
241216377,10/19/2024 12:00:00 AM,10/18/2024 12:00:00 AM,2014,12,77th Street,1239,2,740,"VANDALISM - FELONY ($400 & OVER, ALL CHURCH VANDALISMS)",0329,58,X,B,101,STREET,,,IC,Invest Cont,740,,,,600 W  59TH                         ST,,33.9876,-118.2838
240505229,02/01/2024 12:00:00 AM,02/01/2024 12:00:00 AM,0830,05,Harbor,0526,2,740,"VANDALISM - FELONY ($400 & OVER, ALL CHURCH VANDALISMS)",0329,45,M,O,122,"VEHICLE, PASSENGER/TRUCK",,,AA,Adult Arrest,740,,,,100 W  ANAHEIM                      ST,,33.78,-118.2624
241607359,04/18/2024 12:00:00 AM,04/16/2024 12:00:00 AM,1600,16,Foothill,1641,1,420,THEFT FROM MOTOR VEHICLE - PETTY ($950 & UNDER),,0,,,101,STREET,,,IC,Invest Cont,420,,,,13400    PIERCE                       ST,,34.2549,-118.4303
240208375,03/31/2024 12:00:00 AM,03/31/2024 12:00:00 AM,1203,02,Rampart,0218,1,352,PICKPOCKET,1822 0344,32,F,W,207,BAR/COCKTAIL/NIGHTCLUB,,,IC,Invest Cont,352,,,,1100    GLENDALE                     BL,,34.0763,-118.2613
242106218,02/24/2024 12:00:00 AM,02/20/2024 12:00:00 AM,1340,21,Topanga,2143,1,442,SHOPLIFTING - PETTY THEFT ($950 & UNDER),0325,0,M,W,404,DEPARTMENT STORE,,,AA,Adult Arrest,442,,,,6600    FALLBROOK                    AV,,34.1883,-118.6274
240212271,07/24/2024 12:00:00 AM,07/21/2024 12:00:00 AM,2100,02,Rampart,0257,1,330,BURGLARY FROM VEHICLE,1822 1300 0344,65,F,H,108,PARKING LOT,,,IC,Invest Cont,330,,,,1200    INGRAHAM                     ST,,34.0523,-118.2653
241106427,03/04/2024 12:00:00 AM,03/03/2024 12:00:00 AM,1414,11,Northeast,1145,1,442,SHOPLIFTING - PETTY THEFT ($950 & UNDER),0325,0,X,X,403,DRUG STORE,,,IC,Invest Cont,442,,,,2500    GLENDALE                     BL,,34.1025,-118.2592
241207273,02/25/2024 12:00:00 AM,02/25/2024 12:00:00 AM,1150,12,77th Street,1283,1,210,ROBBERY,0906 1816 1278 1822 0342 0344 1310 2024 1501,42,F,H,122,"VEHICLE, PASSENGER/TRUCK",113,SIMULATED GUN,JA,Juv Arrest,210,,,,1800 W  96TH                         ST,,33.9491,-118.3101
240411862,12/02/2024 12:00:00 AM,12/02/2024 12:00:00 AM,1725,04,Hollenbeck,0442,1,442,SHOPLIFTING - PETTY THEFT ($950 & UNDER),0344,27,F,H,301,GAS STATION,,,IC,Invest Cont,442,,,,1800    MARENGO                      ST,,34.0586,-118.2119
241611460,11/20/2024 12:00:00 AM,11/15/2024 12:00:00 AM,1800,16,Foothill,1654,1,510,VEHICLE - STOLEN,,0,,,101,STREET,,,IC,Invest Cont,510,,,,GLENOAKS                     BL,OSBORNE                      PL,34.2619,-118.3989
241205707,01/29/2024 12:00:00 AM,01/29/2024 12:00:00 AM,0020,12,77th Street,1205,1,210,ROBBERY,0344 0446 0417 0371 0906,52,M,H,502,"MULTI-UNIT DWELLING (APARTMENT, DUPLEX, ETC)",400,"STRONG-ARM (HANDS, FIST, FEET OR BODILY FORCE)",IC,Invest Cont,210,,,,5100 S  VERMONT                      AV,,33.9974,-118.2982
241011254,09/25/2024 12:00:00 AM,09/10/2024 12:00:00 AM,1100,10,West Valley,1007,1,510,VEHICLE - STOLEN,,0,,,104,DRIVEWAY,,,IC,Invest Cont,510,,,,7800    AMESTOY                      AV,,34.2121,-118.5055
242005017,01/24/2024 12:00:00 AM,01/24/2024 12:00:00 AM,0730,20,Olympic,2002,2,627,CHILD ABUSE (PHYSICAL) - SIMPLE ASSAULT,0553 0446 0381,9,M,H,502,"MULTI-UNIT DWELLING (APARTMENT, DUPLEX, ETC)",400,"STRONG-ARM (HANDS, FIST, FEET OR BODILY FORCE)",IC,Invest Cont,627,,,,4800    ROSEWOOD                     AV,,34.0793,-118.3091
240120018,10/15/2024 12:00:00 AM,08/25/2024 12:00:00 AM,1526,01,Central,0162,1,440,THEFT PLAIN - PETTY ($950 & UNDER),0344 1822,33,M,Z,203,OTHER BUSINESS,,,IC,Invest Cont,440,,,,700 S  GRAND                        AV,,34.0473,-118.2566
240409330,08/08/2024 12:00:00 AM,08/08/2024 12:00:00 AM,0720,04,Hollenbeck,0464,2,888,TRESPASSING,0910 2004,0,X,X,962,MTA - GOLD LINE - SOTO,,,IC,Invest Cont,888,,,,2300 E  1ST                          ST,,34.0442,-118.2109
240512020,10/10/2024 12:00:00 AM,10/09/2024 12:00:00 AM,2045,05,Harbor,0504,2,745,VANDALISM - MISDEAMEANOR ($399 OR UNDER),1300 0329,66,F,W,122,"VEHICLE, PASSENGER/TRUCK",,,IC,Invest Cont,745,,,,20900    DALTON                       AV,,33.84,-118.3028
240805116,01/20/2024 12:00:00 AM,01/19/2024 12:00:00 AM,2110,08,West LA,0849,1,331,THEFT FROM MOTOR VEHICLE - GRAND ($950.01 AND OVER),1822 0385 1300,49,M,H,101,STREET,,,IC,Invest Cont,331,,,,800 S  SHERBOURNE                   DR,,34.0629,-118.3793
240609211,05/14/2024 12:00:00 AM,05/11/2024 12:00:00 AM,1809,06,Hollywood,0663,1,440,THEFT PLAIN - PETTY ($950 & UNDER),1822 0394 0344 1501,24,M,A,145,MAIL BOX,,,IC,Invest Cont,440,,,,1200    CHEROKEE                     AV,,34.0926,-118.3352
242110411,07/17/2024 12:00:00 AM,06/24/2024 12:00:00 AM,2100,21,Topanga,2173,1,440,THEFT PLAIN - PETTY ($950 & UNDER),0344 0930,23,F,H,246,METHADONE CLINIC,,,IC,Invest Cont,440,,,,23100    GONZALES                     DR,,34.1665,-118.6306
241907596,04/05/2024 12:00:00 AM,04/04/2024 12:00:00 AM,1430,19,Mission,1981,1,331,THEFT FROM MOTOR VEHICLE - GRAND ($950.01 AND OVER),0385,22,M,H,101,STREET,,,IC,Invest Cont,331,,,,8500    LANGDON                      AV,,34.2247,-118.4699
240407674,05/20/2024 12:00:00 AM,05/18/2024 12:00:00 AM,0409,04,Hollenbeck,0437,2,354,THEFT OF IDENTITY,,43,F,H,501,SINGLE FAMILY DWELLING,,,IC,Invest Cont,354,,,,2100    BOCA                         AV,,34.067,-118.1859
241310615,06/23/2024 12:00:00 AM,06/23/2024 12:00:00 AM,1000,13,Newton,1307,1,510,VEHICLE - STOLEN,,0,,,101,STREET,,,IC,Invest Cont,510,,,,OLYMPIC                      BL,CERES                        ST,34.0341,-118.2466
241406865,02/27/2024 12:00:00 AM,02/27/2024 12:00:00 AM,0555,14,Pacific,1494,1,341,"THEFT-GRAND ($950.01 & OVER)EXCPT,GUNS,FOWL,LIVESTK,PROD",1822 0344,62,M,W,212,TRANSPORTATION FACILITY (AIRPORT),500,UNKNOWN WEAPON/OTHER WEAPON,IC,Invest Cont,341,,,,500    WORLD                        WY,,33.9427,-118.4049
241607451,04/20/2024 12:00:00 AM,04/19/2024 12:00:00 AM,1600,16,Foothill,1687,1,420,THEFT FROM MOTOR VEHICLE - PETTY ($950 & UNDER),,0,,,101,STREET,,,IC,Invest Cont,420,,,,11300    STRATHERN                    ST,,34.2157,-118.377
240613604,11/25/2024 12:00:00 AM,11/24/2024 12:00:00 AM,2300,06,Hollywood,0659,1,331,THEFT FROM MOTOR VEHICLE - GRAND ($950.01 AND OVER),1822 1300 0385 1501,32,F,H,101,STREET,,,IC,Invest Cont,331,,,,1300 N  HARVARD                      BL,,34.0951,-118.3043
240606877,03/03/2024 12:00:00 AM,03/01/2024 12:00:00 AM,0530,06,Hollywood,0644,1,330,BURGLARY FROM VEHICLE,1822 1609 1300 0377 0344 1307,32,F,W,502,"MULTI-UNIT DWELLING (APARTMENT, DUPLEX, ETC)",500,UNKNOWN WEAPON/OTHER WEAPON,IC,Invest Cont,330,,,,1400 N  SIERRA BONITA                AV,,34.0962,-118.354
241511464,06/21/2024 12:00:00 AM,06/17/2024 12:00:00 AM,0200,15,N Hollywood,1589,1,341,"THEFT-GRAND ($950.01 & OVER)EXCPT,GUNS,FOWL,LIVESTK,PROD",0344 1822 0325 1237,55,M,W,114,TAXI,,,IC,Invest Cont,341,,,,3600    BARHAM                       BL,,34.1362,-118.342
242105091,01/27/2024 12:00:00 AM,01/25/2024 12:00:00 AM,1700,21,Topanga,2175,2,664,"BUNCO, PETTY THEFT",1822 0800 0344,60,F,O,501,SINGLE FAMILY DWELLING,,,IC,Invest Cont,664,,,,5300    FALLBROOK                    AV,,34.166,-118.6233
240812207,11/27/2024 12:00:00 AM,11/27/2024 12:00:00 AM,0850,08,West LA,0853,1,480,BIKE - STOLEN,0344,25,F,C,701,HOSPITAL,,,IC,Invest Cont,480,,,,SAWTELLE                     BL,OHIO                         AV,34.0484,-118.4501
240122260,12/08/2024 12:00:00 AM,12/06/2024 12:00:00 AM,1730,01,Central,0111,1,510,VEHICLE - STOLEN,,0,,,101,STREET,,,IC,Invest Cont,510,,,,500 N  FIGUEROA                     ST,,34.0615,-118.247
241404280,01/07/2024 12:00:00 AM,01/06/2024 12:00:00 AM,1500,14,Pacific,1436,1,510,VEHICLE - STOLEN,,0,,,101,STREET,,,IC,Invest Cont,510,,,,3700    SAWTELLE                     BL,,34.0132,-118.4212
242113159,11/15/2024 12:00:00 AM,11/15/2024 12:00:00 AM,1500,21,Topanga,2183,1,341,"THEFT-GRAND ($950.01 & OVER)EXCPT,GUNS,FOWL,LIVESTK,PROD",0930 0344 0377 2032,31,F,C,102,SIDEWALK,,,IC,Invest Cont,341,,,,EL CANON,CALABASAS,34.1577,-118.6384
240509912,07/02/2024 12:00:00 AM,07/02/2024 12:00:00 AM,1935,05,Harbor,0565,2,354,THEFT OF IDENTITY,0928,31,M,O,501,SINGLE FAMILY DWELLING,,,IC,Invest Cont,354,,,,500 W  8TH                          ST,,33.737,-118.2879
241105094,01/31/2024 12:00:00 AM,01/30/2024 12:00:00 AM,2230,11,Northeast,1171,2,624,BATTERY - SIMPLE ASSAULT,0400 0416 1822,21,F,O,101,STREET,400,"STRONG-ARM (HANDS, FIST, FEET OR BODILY FORCE)",IC,Invest Cont,624,,,,GRIFFITH PARK                BL,EDGECLIFFE                   DR,34.091,-118.2775
241511609,06/27/2024 12:00:00 AM,06/06/2024 12:00:00 AM,1200,15,N Hollywood,1588,2,354,THEFT OF IDENTITY,0377,33,M,B,502,"MULTI-UNIT DWELLING (APARTMENT, DUPLEX, ETC)",,,IC,Invest Cont,354,,,,3300    BARHAM                       BL,,34.134,-118.345
241805380,01/29/2024 12:00:00 AM,01/29/2024 12:00:00 AM,1800,18,Southeast,1832,2,626,INTIMATE PARTNER - SIMPLE ASSAULT,2000 0913 1814 0416 0444 1261,38,F,B,501,SINGLE FAMILY DWELLING,400,"STRONG-ARM (HANDS, FIST, FEET OR BODILY FORCE)",IC,Invest Cont,626,,,,10500 S  FIGUEROA                     ST,,33.941,-118.2826
241907966,04/17/2024 12:00:00 AM,04/17/2024 12:00:00 AM,1745,19,Mission,1985,1,350,"THEFT, PERSON",1402 0344 0342 1202 0352,67,M,A,108,PARKING LOT,,,IC,Invest Cont,350,998,,,ROSCOE,VAN NUYS                     BL,34.2215,-118.4488
240118982,09/25/2024 12:00:00 AM,09/25/2024 12:00:00 AM,0804,01,Central,0132,2,888,TRESPASSING,0910,0,X,X,135,MTA PROPERTY OR PARKING LOT,,,IC,Invest Cont,888,,,,200 S  HOPE                         ST,,34.0549,-118.2511
241513340,09/01/2024 12:00:00 AM,08/31/2024 12:00:00 AM,0100,15,N Hollywood,1555,1,510,VEHICLE - STOLEN,,0,,,101,STREET,,,IC,Invest Cont,510,,,,5000    BAKMAN                       AV,,34.1608,-118.3774
241215657,09/27/2024 12:00:00 AM,09/26/2024 12:00:00 AM,2300,12,77th Street,1259,1,510,VEHICLE - STOLEN,,0,,,101,STREET,,,IC,Invest Cont,510,,,,300 E  73RD                         ST,,33.9739,-118.2696
241414047,10/12/2024 12:00:00 AM,10/11/2024 12:00:00 AM,0431,14,Pacific,1409,1,440,THEFT PLAIN - PETTY ($950 & UNDER),0344 1822,31,M,W,707,GARAGE/CARPORT,,,IC,Invest Cont,440,,,,3500    HUGHES                       AV,,34.029,-118.4031
242109910,06/20/2024 12:00:00 AM,06/15/2024 12:00:00 AM,1900,21,Topanga,2156,1,330,BURGLARY FROM VEHICLE,0352 1307 0344,21,F,W,108,PARKING LOT,,,IC,Invest Cont,330,,,,21900    ERWIN                        ST,,34.1828,-118.6044
241514141,09/26/2024 12:00:00 AM,09/22/2024 12:00:00 AM,0400,15,N Hollywood,1566,2,740,"VANDALISM - FELONY ($400 & OVER, ALL CHURCH VANDALISMS)",0329 0358 0397 1803 1602 1612,0,M,O,710,OTHER PREMISE,,,IC,Invest Cont,740,,,,10800    MOORPARK                     ST,,34.1504,-118.3659
240106805,02/08/2024 12:00:00 AM,02/08/2024 12:00:00 AM,0100,01,Central,0138,1,330,BURGLARY FROM VEHICLE,1300 1307 0344,48,M,W,101,STREET,,,IC,Invest Cont,330,,,,200 E  3RD                          ST,,34.0485,-118.2448
241314815,11/15/2024 12:00:00 AM,11/15/2024 12:00:00 AM,1522,13,Newton,1333,1,442,SHOPLIFTING - PETTY THEFT ($950 & UNDER),0325,0,M,W,405,CLOTHING STORE,,,IC,Invest Cont,442,,,,3200 S  CENTRAL                      AV,,34.0174,-118.2621
240111096,05/06/2024 12:00:00 AM,05/05/2024 12:00:00 AM,1952,01,Central,0162,1,330,BURGLARY FROM VEHICLE,0344 1307,33,F,O,108,PARKING LOT,,,IC,Invest Cont,330,,,,800 S  HILL                         ST,,34.0462,-118.2585
240104663,01/10/2024 12:00:00 AM,01/08/2024 12:00:00 AM,1500,01,Central,0162,1,330,BURGLARY FROM VEHICLE,1300 0344 1822 1609 1307 0329,26,F,O,123,PARKING UNDERGROUND/BUILDING,,,IC,Invest Cont,330,,,,700 S  GRAND                        AV,,34.0473,-118.2566
240807379,03/27/2024 12:00:00 AM,03/27/2024 12:00:00 AM,1210,08,West LA,0859,2,624,BATTERY - SIMPLE ASSAULT,0400 0416,67,M,W,101,STREET,400,"STRONG-ARM (HANDS, FIST, FEET OR BODILY FORCE)",AO,Adult Other,624,,,,8600 W  PICO                         BL,,34.0538,-118.3785
241511881,07/08/2024 12:00:00 AM,07/04/2024 12:00:00 AM,0005,15,N Hollywood,1562,1,510,VEHICLE - STOLEN,,0,,,101,STREET,,,IC,Invest Cont,510,,,,4400    COLDWATER CANYON             AV,,34.1504,-118.4138
241505183,01/24/2024 12:00:00 AM,01/22/2024 12:00:00 AM,0830,15,N Hollywood,1525,1,330,BURGLARY FROM VEHICLE,0344,32,F,B,504,OTHER RESIDENCE,,,IC,Invest Cont,330,,,,11900    ERWIN                        ST,,34.183,-118.3921
240210129,05/23/2024 12:00:00 AM,04/12/2024 12:00:00 AM,0801,02,Rampart,0249,2,354,THEFT OF IDENTITY,0100 1822 0929 0930 0344,0,X,X,502,"MULTI-UNIT DWELLING (APARTMENT, DUPLEX, ETC)",,,IC,Invest Cont,354,,,,1100    WILSHIRE                     BL,,34.0523,-118.2633
240409496,08/15/2024 12:00:00 AM,08/15/2024 12:00:00 AM,0100,04,Hollenbeck,0437,1,510,VEHICLE - STOLEN,,0,,,101,STREET,,,IC,Invest Cont,510,,,,N  ROWAN                        AV,VALLEY                       BL,34.0635,-118.1881
240811533,10/21/2024 12:00:00 AM,10/19/2024 12:00:00 AM,2316,08,West LA,0842,2,956,"LETTERS, LEWD  -  TELEPHONE CALLS, LEWD",1906 1822,38,F,W,502,"MULTI-UNIT DWELLING (APARTMENT, DUPLEX, ETC)",,,IC,Invest Cont,956,,,,1300    ARMACOST                     AV,,34.0449,-118.4629
240800779,10/01/2024 12:00:00 AM,09/30/2024 12:00:00 AM,1015,08,West LA,0824,1,230,"ASSAULT WITH DEADLY WEAPON, AGGRAVATED ASSAULT",2024 0334 1258 0913 1824 0411 0443,11,M,O,720,JUNIOR HIGH SCHOOL,216,SCISSORS,IC,Invest Cont,230,,,,1400    ALLENFORD                    AV,,34.0534,-118.494
241009032,05/24/2024 12:00:00 AM,05/24/2024 12:00:00 AM,0001,10,West Valley,1091,1,510,VEHICLE - STOLEN,,0,,,101,STREET,,,IC,Invest Cont,510,,,,18800    CARMEL CREST                 DR,,34.142,-118.5453
241210889,04/28/2024 12:00:00 AM,04/28/2024 12:00:00 AM,1230,12,77th Street,1259,2,624,BATTERY - SIMPLE ASSAULT,1309 0416 0448 0419 0913,40,F,B,108,PARKING LOT,400,"STRONG-ARM (HANDS, FIST, FEET OR BODILY FORCE)",IC,Invest Cont,624,,,,300 E  FLORENCE                     AV,,33.9747,-118.2696
240705368,02/02/2024 12:00:00 AM,01/17/2024 12:00:00 AM,1200,07,Wilshire,0762,1,510,VEHICLE - STOLEN,,0,,,101,STREET,,,IC,Invest Cont,510,,,,1600    ALVIRA                       ST,,34.0488,-118.3749
240912356,10/16/2024 12:00:00 AM,10/15/2024 12:00:00 AM,2200,09,Van Nuys,0916,1,510,VEHICLE - STOLEN,,0,,,101,STREET,,,IC,Invest Cont,510,,,,13700    SHERMAN                      WY,,34.2012,-118.4312
241010048,07/19/2024 12:00:00 AM,07/19/2024 12:00:00 AM,0100,10,West Valley,1005,1,330,BURGLARY FROM VEHICLE,0344 1822 1609 0377 0352,24,M,J,101,STREET,,,IC,Invest Cont,330,,,,17800    HEMMINGWAY                   ST,,34.2134,-118.5206
240107039,02/12/2024 12:00:00 AM,02/12/2024 12:00:00 AM,0810,01,Central,0119,2,623,BATTERY POLICE (SIMPLE),1212 0917 1822 0417 1402,32,M,H,511,PROJECT/TENEMENT/PUBLIC HOUSING,400,"STRONG-ARM (HANDS, FIST, FEET OR BODILY FORCE)",IC,Invest Cont,623,998,,,1000 N  ALAMEDA                      ST,,34.0594,-118.2368
242113599,12/04/2024 12:00:00 AM,11/30/2024 12:00:00 AM,2015,21,Topanga,2156,1,343,SHOPLIFTING-GRAND THEFT ($950.01 & OVER),0352 1420 1602 0325,0,M,W,404,DEPARTMENT STORE,,,IC,Invest Cont,343,,,,21700    VICTORY                      BL,,34.1877,-118.6015
240114403,07/10/2024 12:00:00 AM,07/07/2024 12:00:00 AM,2300,01,Central,0159,1,341,"THEFT-GRAND ($950.01 & OVER)EXCPT,GUNS,FOWL,LIVESTK,PROD",0344,0,X,X,207,BAR/COCKTAIL/NIGHTCLUB,,,IC,Invest Cont,341,,,,1300    PALMETTO                     ST,,34.0401,-118.2329
240705123,01/25/2024 12:00:00 AM,01/25/2024 12:00:00 AM,1730,07,Wilshire,0769,2,745,VANDALISM - MISDEAMEANOR ($399 OR UNDER),0329 1822,52,F,B,502,"MULTI-UNIT DWELLING (APARTMENT, DUPLEX, ETC)",,,IC,Invest Cont,745,,,,1500    ARLINGTON                    AV,,34.0454,-118.3207
241500558,02/09/2024 12:00:00 AM,02/09/2024 12:00:00 AM,1935,15,N Hollywood,1516,1,230,"ASSAULT WITH DEADLY WEAPON, AGGRAVATED ASSAULT",1402 1813 0416,39,M,H,101,STREET,304,CLUB/BAT,AA,Adult Arrest,230,236,998,,6700    LEMP                         AV,,34.1922,-118.3845
240805205,02/02/2024 12:00:00 AM,01/26/2024 12:00:00 AM,1330,08,West LA,0858,1,331,THEFT FROM MOTOR VEHICLE - GRAND ($950.01 AND OVER),1822 0344 0385,56,M,W,101,STREET,,,IC,Invest Cont,331,,,,1700    LIVONIA                      AV,,34.049,-118.3865
241909209,05/30/2024 12:00:00 AM,05/29/2024 12:00:00 AM,0115,19,Mission,1918,1,331,THEFT FROM MOTOR VEHICLE - GRAND ($950.01 AND OVER),0385,61,F,H,101,STREET,,,IC,Invest Cont,331,,,,13400    GRIDLEY                      ST,,34.304,-118.4263
240312765,07/31/2024 12:00:00 AM,07/30/2024 12:00:00 AM,1500,03,Southwest,0377,1,510,VEHICLE - STOLEN,,0,,,101,STREET,,,IC,Invest Cont,510,,,,1200    EXPOSITION                   BL,,34.0182,-118.2974
240609091,05/09/2024 12:00:00 AM,05/09/2024 12:00:00 AM,1945,06,Hollywood,0648,2,888,TRESPASSING,1501 1822 0910,0,X,X,909,MTA - RED LINE - HOLLYWOOD/WESTERN,,,IC,Invest Cont,888,,,,5400    HOLLYWOOD                    BL,,34.1017,-118.3072
241705239,01/27/2024 12:00:00 AM,01/25/2024 12:00:00 AM,1720,17,Devonshire,1708,2,354,THEFT OF IDENTITY,1822 1501 1202,67,F,B,501,SINGLE FAMILY DWELLING,,,IC,Invest Cont,354,,,,11500    SWINTON                      AV,,34.2792,-118.4858
240609502,05/29/2024 12:00:00 AM,05/01/2024 12:00:00 AM,0830,06,Hollywood,0639,1,420,THEFT FROM MOTOR VEHICLE - PETTY ($950 & UNDER),,0,,,101,STREET,,,IC,Invest Cont,420,,,,5300    RUSSELL                      AV,,34.1042,-118.305
241216425,10/21/2024 12:00:00 AM,10/18/2024 12:00:00 AM,1200,12,77th Street,1293,1,510,VEHICLE - STOLEN,,0,,,101,STREET,,,IC,Invest Cont,510,,,,ST ANDREWS                   ST,GAGE                         BL,33.9417,-118.3113
241811931,08/04/2024 12:00:00 AM,08/03/2024 12:00:00 AM,2100,18,Southeast,1849,1,510,VEHICLE - STOLEN,,0,,,101,STREET,,,IC,Invest Cont,510,,,,IMPERIAL                     HY,WILMINGTON                   AV,33.9327,-118.2351
240204269,01/03/2024 12:00:00 AM,01/03/2024 12:00:00 AM,1736,02,Rampart,0251,2,354,THEFT OF IDENTITY,0100 1822 0922,33,F,B,501,SINGLE FAMILY DWELLING,,,IC,Invest Cont,354,,,,2600    WILSHIRE                     BL,,34.0605,-118.2814
241310653,06/24/2024 12:00:00 AM,06/22/2024 12:00:00 AM,2200,13,Newton,1383,1,510,VEHICLE - STOLEN,,0,,,101,STREET,,,IC,Invest Cont,510,,,,200 W  61ST                         ST,,33.9842,-118.2765
241006517,03/08/2024 12:00:00 AM,01/23/2024 12:00:00 AM,1200,10,West Valley,1025,2,354,THEFT OF IDENTITY,1822,52,F,A,502,"MULTI-UNIT DWELLING (APARTMENT, DUPLEX, ETC)",,,IC,Invest Cont,354,,,,17900    SHERMAN                      WY,,34.2009,-118.5229
240806880,03/12/2024 12:00:00 AM,03/12/2024 12:00:00 AM,1735,08,West LA,0839,1,442,SHOPLIFTING - PETTY THEFT ($950 & UNDER),0325,0,X,X,203,OTHER BUSINESS,,,AA,Adult Arrest,442,,,,10200    SANTA MONICA                 BL,,34.0611,-118.4184
241210923,04/29/2024 12:00:00 AM,04/29/2024 12:00:00 AM,0128,12,77th Street,1269,2,740,"VANDALISM - FELONY ($400 & OVER, ALL CHURCH VANDALISMS)",1822 0400 0334 0329,0,X,X,505,MOTEL,304,CLUB/BAT,IC,Invest Cont,740,,,,800 E  MANCHESTER                   AV,,33.9638,-118.2629
240704724,01/13/2024 12:00:00 AM,01/13/2024 12:00:00 AM,1625,07,Wilshire,0711,2,956,"LETTERS, LEWD  -  TELEPHONE CALLS, LEWD",1906,36,M,W,501,SINGLE FAMILY DWELLING,,,IC,Invest Cont,956,,,,400 N  HAYWORTH                     AV,,34.0782,-118.3627
240116613,08/12/2024 12:00:00 AM,08/12/2024 12:00:00 AM,0830,01,Central,0119,2,888,TRESPASSING,0910,0,X,X,834,LA UNION STATION (NOT LINE SPECIFIC),,,IC,Invest Cont,888,,,,800 N  ALAMEDA                      ST,,34.0561,-118.2375
240608679,04/23/2024 12:00:00 AM,03/30/2024 12:00:00 AM,0850,06,Hollywood,0663,1,442,SHOPLIFTING - PETTY THEFT ($950 & UNDER),1501,31,X,X,301,GAS STATION,,,IC,Invest Cont,442,,,,6600    SANTA MONICA                 BL,,34.0907,-118.3332
241610876,10/15/2024 12:00:00 AM,09/22/2024 12:00:00 AM,0001,16,Foothill,1608,1,510,VEHICLE - STOLEN,,0,,,101,STREET,,,IC,Invest Cont,510,,,,11200    WHEATLAND                    AV,,34.2733,-118.3528
240412104,12/13/2024 12:00:00 AM,12/11/2024 12:00:00 AM,1545,04,Hollenbeck,0453,1,510,VEHICLE - STOLEN,,0,,,101,STREET,,,IC,Invest Cont,510,,,,1800    PENNSYLVANIA                 AV,,34.048,-118.2181
241313472,09/28/2024 12:00:00 AM,09/27/2024 12:00:00 AM,0155,13,Newton,1321,1,330,BURGLARY FROM VEHICLE,0344 1307,33,M,H,101,STREET,,,IC,Invest Cont,330,,,,1900 S  OLIVE                        ST,,34.0323,-118.2676
240911293,09/03/2024 12:00:00 AM,06/18/2024 12:00:00 AM,0900,09,Van Nuys,0916,1,420,THEFT FROM MOTOR VEHICLE - PETTY ($950 & UNDER),,0,,,101,STREET,,,IC,Invest Cont,420,,,,7100    COLBATH                      AV,,34.1994,-118.4367
242106607,03/06/2024 12:00:00 AM,03/04/2024 12:00:00 AM,0700,21,Topanga,2104,1,420,THEFT FROM MOTOR VEHICLE - PETTY ($950 & UNDER),,0,,,707,GARAGE/CARPORT,,,IC,Invest Cont,420,,,,8800    CANOGA                       AV,,34.232,-118.6006
242010881,08/15/2024 12:00:00 AM,08/15/2024 12:00:00 AM,0700,20,Olympic,2011,1,330,BURGLARY FROM VEHICLE,0321 0344 0358 1307 1609 1822,25,M,W,501,SINGLE FAMILY DWELLING,,,IC,Invest Cont,330,,,,WILTON,3RD,34.069,-118.3141
241505040,01/21/2024 12:00:00 AM,01/21/2024 12:00:00 AM,0316,15,N Hollywood,1585,1,236,INTIMATE PARTNER - AGGRAVATED ASSAULT,2000 0444 1814 0400 0448,38,F,B,502,"MULTI-UNIT DWELLING (APARTMENT, DUPLEX, ETC)",400,"STRONG-ARM (HANDS, FIST, FEET OR BODILY FORCE)",AO,Adult Other,236,,,,10900    BLUFFSIDE                    DR,,34.1412,-118.3681
241812676,09/01/2024 12:00:00 AM,08/31/2024 12:00:00 AM,0325,18,Southeast,1864,1,510,VEHICLE - STOLEN,,0,,,101,STREET,,,IC,Invest Cont,510,,,,900 E  IMPERIAL                     HY,,33.9309,-118.2586
240711361,09/12/2024 12:00:00 AM,06/22/2024 12:00:00 AM,0355,07,Wilshire,0706,2,354,THEFT OF IDENTITY,1822,49,M,H,501,SINGLE FAMILY DWELLING,,,IC,Invest Cont,354,,,,700    CHEROKEE                     AV,,34.0835,-118.3352
240107272,02/15/2024 12:00:00 AM,02/14/2024 12:00:00 AM,2230,01,Central,0182,1,341,"THEFT-GRAND ($950.01 & OVER)EXCPT,GUNS,FOWL,LIVESTK,PROD",2032 0344,25,F,H,503,HOTEL,,,IC,Invest Cont,341,,,,1200 S  FIGUEROA                     ST,,34.0419,-118.2669
240105657,01/23/2024 12:00:00 AM,01/22/2024 12:00:00 AM,1529,01,Central,0161,1,442,SHOPLIFTING - PETTY THEFT ($950 & UNDER),0325,22,M,H,404,DEPARTMENT STORE,,,IC,Invest Cont,442,,,,700 S  FIGUEROA                     ST,,34.0483,-118.2631
241913583,12/07/2024 12:00:00 AM,12/04/2024 12:00:00 AM,1920,19,Mission,1998,1,442,SHOPLIFTING - PETTY THEFT ($950 & UNDER),0325 1822,0,M,O,405,CLOTHING STORE,,,IC,Invest Cont,442,,,,7800    VAN NUYS                     BL,,34.2153,-118.4409
240607118,03/09/2024 12:00:00 AM,03/05/2024 12:00:00 AM,2115,06,Hollywood,0628,2,740,"VANDALISM - FELONY ($400 & OVER, ALL CHURCH VANDALISMS)",0329 1822,0,X,X,102,SIDEWALK,,,IC,Invest Cont,740,,,,5900    FRANKLIN                     AV,,34.1084,-118.3213
241011910,10/25/2024 12:00:00 AM,10/24/2024 12:00:00 AM,1830,10,West Valley,1005,1,420,THEFT FROM MOTOR VEHICLE - PETTY ($950 & UNDER),,0,,,101,STREET,,,IC,Invest Cont,420,,,,8000    CHASTAIN                     AV,,34.2157,-118.5229
241706644,03/04/2024 12:00:00 AM,03/03/2024 12:00:00 AM,1500,17,Devonshire,1756,2,354,THEFT OF IDENTITY,0930 1822,33,M,W,501,SINGLE FAMILY DWELLING,,,IC,Invest Cont,354,,,,9900    AMESTOY                      AV,,34.2503,-118.5068
240613162,11/06/2024 12:00:00 AM,10/28/2024 12:00:00 AM,1000,06,Hollywood,0669,2,354,THEFT OF IDENTITY,1501,38,M,K,502,"MULTI-UNIT DWELLING (APARTMENT, DUPLEX, ETC)",,,IC,Invest Cont,354,,,,1100 N  KINGSLEY                     DR,,34.0908,-118.3025
241309201,05/09/2024 12:00:00 AM,05/07/2024 12:00:00 AM,0600,13,Newton,1385,2,740,"VANDALISM - FELONY ($400 & OVER, ALL CHURCH VANDALISMS)",0329,0,M,W,109,PARK/PLAYGROUND,,,IC,Invest Cont,740,,,,500 E  GAGE                         AV,,33.9823,-118.266
241006113,02/28/2024 12:00:00 AM,02/28/2024 12:00:00 AM,2230,10,West Valley,1017,2,624,BATTERY - SIMPLE ASSAULT,0913 2028 0400 0421 1420 0416 0446 0447 1266,71,M,B,203,OTHER BUSINESS,400,"STRONG-ARM (HANDS, FIST, FEET OR BODILY FORCE)",IC,Invest Cont,624,,,,17200    SATICOY                      ST,,34.2084,-118.5076
241404471,01/11/2024 12:00:00 AM,01/02/2024 12:00:00 AM,2000,14,Pacific,1469,1,330,BURGLARY FROM VEHICLE,0344 1300 1607,58,F,H,108,PARKING LOT,,,IC,Invest Cont,330,,,,5700 W  CENTINELA                    AV,,33.9764,-118.381
241812486,08/24/2024 12:00:00 AM,08/23/2024 12:00:00 AM,0001,18,Southeast,1806,1,510,VEHICLE - STOLEN,,0,,,101,STREET,,,IC,Invest Cont,510,,,,700 E  93RD                         ST,,33.9543,-118.2606
240805865,02/18/2024 12:00:00 AM,02/18/2024 12:00:00 AM,2010,08,West LA,0855,2,888,TRESPASSING,1501,59,F,W,502,"MULTI-UNIT DWELLING (APARTMENT, DUPLEX, ETC)",,,IC,Invest Cont,888,,,,1500    CAMDEN                       AV,,34.0514,-118.445
240805505,02/10/2024 12:00:00 AM,02/10/2024 12:00:00 AM,1145,08,West LA,0853,1,510,VEHICLE - STOLEN,,0,,,108,PARKING LOT,,,IC,Invest Cont,510,,,,SAWTELLE                     BL,SANTA MONICA,34.0465,-118.4484
240211303,06/25/2024 12:00:00 AM,06/23/2024 12:00:00 AM,1300,02,Rampart,0231,1,420,THEFT FROM MOTOR VEHICLE - PETTY ($950 & UNDER),,0,,,101,STREET,,,IC,Invest Cont,420,,,,2900    BEVERLY                      BL,,34.0709,-118.2801
241513047,08/22/2024 12:00:00 AM,08/21/2024 12:00:00 AM,1400,15,N Hollywood,1532,1,510,VEHICLE - STOLEN,,0,,,101,STREET,,,IC,Invest Cont,510,,,,6000    ST CLAIR                     AV,,34.1794,-118.3998
240307143,03/02/2024 12:00:00 AM,01/01/2024 12:00:00 AM,1200,03,Southwest,0363,1,510,VEHICLE - STOLEN,,0,,,707,GARAGE/CARPORT,,,IC,Invest Cont,510,,,,4000 S  MUIRFIELD                    RD,,34.0132,-118.3457
240704467,01/12/2024 12:00:00 AM,01/11/2024 12:00:00 AM,2030,07,Wilshire,0758,1,510,VEHICLE - STOLEN,,0,,,101,STREET,,,IC,Invest Cont,510,,,,1200 S  PLYMOUTH                     BL,,34.0504,-118.3296
241412183,08/14/2024 12:00:00 AM,08/13/2024 12:00:00 AM,2200,14,Pacific,1431,1,330,BURGLARY FROM VEHICLE,1609 1300,55,M,W,101,STREET,,,IC,Invest Cont,330,,,,500    RIALTO                       AV,,33.9891,-118.4674
240706350,02/26/2024 12:00:00 AM,02/23/2024 12:00:00 AM,0900,07,Wilshire,0763,1,310,BURGLARY,0344 0358 1822,35,M,W,501,SINGLE FAMILY DWELLING,,,IC,Invest Cont,310,,,,1600 S  STANLEY                      AV,,34.0466,-118.3626
240217328,11/21/2024 12:00:00 AM,10/24/2024 12:00:00 AM,1800,02,Rampart,0236,2,354,THEFT OF IDENTITY,1822 0928,51,M,F,502,"MULTI-UNIT DWELLING (APARTMENT, DUPLEX, ETC)",,,IC,Invest Cont,354,,,,100 S  BONNIE BRAE                  ST,,34.0656,-118.2679
240214279,09/09/2024 12:00:00 AM,09/06/2024 12:00:00 AM,1300,02,Rampart,0237,1,330,BURGLARY FROM VEHICLE,1822 0344 1300,39,M,F,123,PARKING UNDERGROUND/BUILDING,,,IC,Invest Cont,330,,,,300    BELMONT                      AV,,34.0669,-118.2632
241206570,02/13/2024 12:00:00 AM,02/12/2024 12:00:00 AM,2000,12,77th Street,1268,1,331,THEFT FROM MOTOR VEHICLE - GRAND ($950.01 AND OVER),0344 0385,25,M,H,101,STREET,,,IC,Invest Cont,331,,,,100 W  84TH                         ST,,33.9632,-118.2739
241512308,07/26/2024 12:00:00 AM,07/25/2024 12:00:00 AM,1830,15,N Hollywood,1548,2,740,"VANDALISM - FELONY ($400 & OVER, ALL CHURCH VANDALISMS)",1822 1236 1306 0329 1300,27,M,F,707,GARAGE/CARPORT,,,IC,Invest Cont,740,,,,11000    MCCORMICK                    ST,,34.166,-118.3705
240410045,09/12/2024 12:00:00 AM,09/12/2024 12:00:00 AM,1010,04,Hollenbeck,0497,1,510,VEHICLE - STOLEN,,0,,,101,STREET,,,IC,Invest Cont,510,,,,12TH,EVERGREEN,34.018,-118.2109
241605222,02/10/2024 12:00:00 AM,02/08/2024 12:00:00 AM,1500,16,Foothill,1613,2,624,BATTERY - SIMPLE ASSAULT,0913 0448,33,M,H,102,SIDEWALK,400,"STRONG-ARM (HANDS, FIST, FEET OR BODILY FORCE)",AO,Adult Other,624,,,,VAN NUYS                     BL,DRONFIELD,34.2785,-118.4051
241104888,01/27/2024 12:00:00 AM,01/22/2024 12:00:00 AM,1700,11,Northeast,1149,1,440,THEFT PLAIN - PETTY ($950 & UNDER),0344,45,F,B,210,RESTAURANT/FAST FOOD,,,IC,Invest Cont,440,,,,5500 N  FIGUEROA                     ST,,34.1081,-118.1958
241805695,02/05/2024 12:00:00 AM,02/05/2024 12:00:00 AM,1020,18,Southeast,1802,2,624,BATTERY - SIMPLE ASSAULT,1402 1251 1259 0361 0603 0400 0447,17,F,H,104,DRIVEWAY,400,"STRONG-ARM (HANDS, FIST, FEET OR BODILY FORCE)",IC,Invest Cont,624,998,,,100 E  87TH                         PL,,33.9581,-118.2739
240610963,08/05/2024 12:00:00 AM,08/04/2024 12:00:00 AM,2130,06,Hollywood,0645,1,510,VEHICLE - STOLEN,,0,,,101,STREET,,,IC,Invest Cont,510,,,,HILLCREST                    AV,FRANKLIN                     AV,34.1034,-118.3394
240612460,10/07/2024 12:00:00 AM,10/05/2024 12:00:00 AM,1700,06,Hollywood,0647,2,740,"VANDALISM - FELONY ($400 & OVER, ALL CHURCH VANDALISMS)",1822 0329 1300,28,F,W,108,PARKING LOT,,,IC,Invest Cont,740,,,,6200    HOLLYWOOD                    BL,,34.1016,-118.3246
240708358,04/23/2024 12:00:00 AM,04/23/2024 12:00:00 AM,1700,07,Wilshire,0722,1,442,SHOPLIFTING - PETTY THEFT ($950 & UNDER),0325 0344 1822 0104,0,X,X,203,OTHER BUSINESS,,,AA,Adult Arrest,442,,,,8400    BEVERLY                      BL,,34.0761,-118.3732
241409257,05/02/2024 12:00:00 AM,05/02/2024 12:00:00 AM,1435,14,Pacific,1494,1,341,"THEFT-GRAND ($950.01 & OVER)EXCPT,GUNS,FOWL,LIVESTK,PROD",1822 0344,62,M,H,212,TRANSPORTATION FACILITY (AIRPORT),500,UNKNOWN WEAPON/OTHER WEAPON,IC,Invest Cont,341,,,,6500 W  IMPERIAL                     HY,,33.9318,-118.4027
241409715,05/21/2024 12:00:00 AM,05/18/2024 12:00:00 AM,2340,14,Pacific,1431,1,440,THEFT PLAIN - PETTY ($950 & UNDER),0344,28,F,W,207,BAR/COCKTAIL/NIGHTCLUB,,,IC,Invest Cont,440,,,,00    WINDWARD                     AV,,33.9871,-118.4732
240111316,05/11/2024 12:00:00 AM,02/22/2024 12:00:00 AM,1510,01,Central,0161,2,354,THEFT OF IDENTITY,1501,28,M,W,502,"MULTI-UNIT DWELLING (APARTMENT, DUPLEX, ETC)",,,IC,Invest Cont,354,,,,1000 W  8TH                          ST,,34.0487,-118.2627
240408213,06/11/2024 12:00:00 AM,06/11/2024 12:00:00 AM,0245,04,Hollenbeck,0404,1,331,THEFT FROM MOTOR VEHICLE - GRAND ($950.01 AND OVER),1300 0344,36,M,W,101,STREET,,,IC,Invest Cont,331,,,,400    REDFIELD                     AV,,34.1026,-118.1877
242106451,02/29/2024 12:00:00 AM,01/18/2024 12:00:00 AM,1830,21,Topanga,2189,1,442,SHOPLIFTING - PETTY THEFT ($950 & UNDER),2028 0325,0,M,W,404,DEPARTMENT STORE,,,AA,Adult Arrest,442,,,,20800    VENTURA                      BL,,34.1665,-118.5859
241104651,01/17/2024 12:00:00 AM,01/15/2024 12:00:00 AM,2245,11,Northeast,1184,1,821,SODOMY/SEXUAL CONTACT B/W PENIS OF ONE PERS TO ANUS OTH,1913 0527 0913 0533 0519 1415 1409 1402 0940,30,F,A,502,"MULTI-UNIT DWELLING (APARTMENT, DUPLEX, ETC)",400,"STRONG-ARM (HANDS, FIST, FEET OR BODILY FORCE)",AO,Adult Other,821,998,,,1300    LAVETA                       TR,,34.0763,-118.2563
240810992,09/24/2024 12:00:00 AM,09/24/2024 12:00:00 AM,1200,08,West LA,0883,1,341,"THEFT-GRAND ($950.01 & OVER)EXCPT,GUNS,FOWL,LIVESTK,PROD",1822 0344,36,M,X,710,OTHER PREMISE,,,IC,Invest Cont,341,,,,2100    COTNER                       AV,,34.0407,-118.4406
240118007,09/05/2024 12:00:00 AM,09/05/2024 12:00:00 AM,1300,01,Central,0182,1,510,VEHICLE - STOLEN,,0,,,101,STREET,,,IC,Invest Cont,510,,,,200 W  12TH                         ST,,34.0387,-118.2612
242107765,04/07/2024 12:00:00 AM,03/25/2024 12:00:00 AM,1749,21,Topanga,2103,1,442,SHOPLIFTING - PETTY THEFT ($950 & UNDER),0325 2028,50,M,W,243,"DIY CENTER (LOWE'S,HOME DEPOT,OSH,CONTRACTORS WAREHOUSE)",,,IC,Invest Cont,442,,,,8300    TOPANGA CANYON               BL,,34.2259,-118.6126
242006125,02/19/2024 12:00:00 AM,02/19/2024 12:00:00 AM,1130,20,Olympic,2062,1,320,"BURGLARY, ATTEMPTED",1822 1606 1202 0342,60,M,K,501,SINGLE FAMILY DWELLING,,,IC,Invest Cont,320,,,,1100 S  ST ANDREWS                   PL,,34.0508,-118.3111
240405591,02/18/2024 12:00:00 AM,02/18/2024 12:00:00 AM,0430,04,Hollenbeck,0466,1,510,VEHICLE - STOLEN,,0,,,101,STREET,,,IC,Invest Cont,510,,,,300 N  SAVANNAH                     ST,,34.0425,-118.2026
241809712,05/04/2024 12:00:00 AM,05/03/2024 12:00:00 AM,1940,18,Southeast,1841,1,510,VEHICLE - STOLEN,,0,,,101,STREET,,,IC,Invest Cont,510,,,,113TH                        ST,SOUTHWEST                    BL,33.9322,-118.2886
241106791,03/17/2024 12:00:00 AM,03/16/2024 12:00:00 AM,2015,11,Northeast,1178,2,740,"VANDALISM - FELONY ($400 & OVER, ALL CHURCH VANDALISMS)",0329,36,F,W,122,"VEHICLE, PASSENGER/TRUCK",,,IC,Invest Cont,740,,,,400    ISABEL                       ST,,34.0962,-118.2234
240705770,02/11/2024 12:00:00 AM,02/09/2024 12:00:00 AM,0800,07,Wilshire,0738,1,510,VEHICLE - STOLEN,,0,,,101,STREET,,,IC,Invest Cont,510,,,,5300 W  4TH                          ST,,34.0669,-118.3371
241307633,03/16/2024 12:00:00 AM,03/15/2024 12:00:00 AM,2200,13,Newton,1303,1,330,BURGLARY FROM VEHICLE,1307 1609 1300,18,M,W,101,STREET,,,IC,Invest Cont,330,,,,1000    SAN JULIAN                   ST,,34.0369,-118.2522
241006015,02/26/2024 12:00:00 AM,02/24/2024 12:00:00 AM,1830,10,West Valley,1015,1,310,BURGLARY,1822 1602,0,M,O,203,OTHER BUSINESS,,,IC,Invest Cont,310,,,,17700    SHERMAN                      WY,,34.2012,-118.5261
240711750,10/01/2024 12:00:00 AM,10/01/2024 12:00:00 AM,1120,07,Wilshire,0735,1,440,THEFT PLAIN - PETTY ($950 & UNDER),0344 1822,25,M,O,203,OTHER BUSINESS,,,IC,Invest Cont,440,,,,5400    WILSHIRE                     BL,,34.0633,-118.3473
240306589,02/19/2024 12:00:00 AM,02/19/2024 12:00:00 AM,2030,03,Southwest,0335,1,230,"ASSAULT WITH DEADLY WEAPON, AGGRAVATED ASSAULT",0913 1300 0416 0445,35,M,B,108,PARKING LOT,212,BOTTLE,IC,Invest Cont,230,,,,ARLINGTON                    AV,JEFFERSON                    BL,34.0255,-118.3177
241405033,01/25/2024 12:00:00 AM,01/25/2024 12:00:00 AM,0300,14,Pacific,1456,1,510,VEHICLE - STOLEN,,0,,,101,STREET,,,IC,Invest Cont,510,,,,11900    AVON                         WY,,33.9969,-118.4179
240510901,08/25/2024 12:00:00 AM,08/25/2024 12:00:00 AM,1415,05,Harbor,0589,1,761,BRANDISH WEAPON,0602 0913 0432 0443 1309 1402,30,F,H,101,STREET,305,FIXED OBJECT,AA,Adult Arrest,761,,,,PASEO DEL MAR,ROXBURY                      AV,33.7167,-118.2842
241605319,02/13/2024 12:00:00 AM,02/13/2024 12:00:00 AM,1000,16,Foothill,1643,2,740,"VANDALISM - FELONY ($400 & OVER, ALL CHURCH VANDALISMS)",0329 1300,40,M,H,122,"VEHICLE, PASSENGER/TRUCK",,,IC,Invest Cont,740,,,,10600    ILEX                         AV,,34.2625,-118.4198
241912881,11/05/2024 12:00:00 AM,11/04/2024 12:00:00 AM,2200,19,Mission,1991,1,420,THEFT FROM MOTOR VEHICLE - PETTY ($950 & UNDER),,0,,,101,STREET,,,IC,Invest Cont,420,,,,8100    LANGDON                      AV,,34.2176,-118.4688
240306728,02/22/2024 12:00:00 AM,02/22/2024 12:00:00 AM,1610,03,Southwest,0357,2,740,"VANDALISM - FELONY ($400 & OVER, ALL CHURCH VANDALISMS)",0329 1822 0216 0202 1307,49,M,H,122,"VEHICLE, PASSENGER/TRUCK",,,IC,Invest Cont,740,,,,1300 W  36TH                         PL,,34.0219,-118.2974
242006910,03/07/2024 12:00:00 AM,03/06/2024 12:00:00 AM,1716,20,Olympic,2029,1,440,THEFT PLAIN - PETTY ($950 & UNDER),0344 0394 1822 0352 1221,25,F,B,502,"MULTI-UNIT DWELLING (APARTMENT, DUPLEX, ETC)",,,IC,Invest Cont,440,,,,400 S  HOOVER                       ST,,34.0652,-118.2878
240206745,02/23/2024 12:00:00 AM,02/18/2024 12:00:00 AM,1800,02,Rampart,0246,1,331,THEFT FROM MOTOR VEHICLE - GRAND ($950.01 AND OVER),1822 0385 1300,67,M,H,101,STREET,,,IC,Invest Cont,331,,,,400 S  BONNIE BRAE                  ST,,34.0598,-118.2734
242107866,04/10/2024 12:00:00 AM,04/09/2024 12:00:00 AM,1500,21,Topanga,2187,1,522,"VEHICLE, STOLEN - OTHER (MOTORIZED SCOOTERS, BIKES, ETC)",,0,,,101,STREET,,,IC,Invest Cont,522,,,,5100    ALHAMA                       DR,,34.1618,-118.5932
240208333,03/31/2024 12:00:00 AM,03/30/2024 12:00:00 AM,1800,02,Rampart,0205,1,510,VEHICLE - STOLEN,,0,,,101,STREET,,,IC,Invest Cont,510,,,,700 N  CORONADO                     ST,,34.0804,-118.275
241708078,04/04/2024 12:00:00 AM,04/04/2024 12:00:00 AM,1500,17,Devonshire,1708,2,624,BATTERY - SIMPLE ASSAULT,0417,31,F,W,501,SINGLE FAMILY DWELLING,400,"STRONG-ARM (HANDS, FIST, FEET OR BODILY FORCE)",IC,Invest Cont,624,,,,16500    BIRCHER                      ST,,34.2816,-118.4908
241105806,02/17/2024 12:00:00 AM,02/16/2024 12:00:00 AM,1340,11,Northeast,1151,2,624,BATTERY - SIMPLE ASSAULT,0444,65,M,B,701,HOSPITAL,400,"STRONG-ARM (HANDS, FIST, FEET OR BODILY FORCE)",IC,Invest Cont,624,,,,4800 W  SUNSET                       BL,,34.0982,-118.294
240117804,09/01/2024 12:00:00 AM,09/01/2024 12:00:00 AM,0055,01,Central,0101,1,510,VEHICLE - STOLEN,,0,,,101,STREET,,,IC,Invest Cont,510,,,,1200    VIN SCULLY                   AV,,34.0725,-118.2489
241306762,02/27/2024 12:00:00 AM,02/27/2024 12:00:00 AM,1945,13,Newton,1393,1,110,CRIMINAL HOMICIDE,1822 1270 1402 0430 1309 1100 0906,41,M,B,101,STREET,102,HAND GUN,IC,Invest Cont,110,998,,,100 W  70TH                         ST,,33.9765,-118.2739
240512604,11/08/2024 12:00:00 AM,11/07/2024 12:00:00 AM,2230,05,Harbor,0528,1,310,BURGLARY,0344,0,X,X,704,ELEMENTARY SCHOOL,,,IC,Invest Cont,310,,,,1100    MAHAR                        AV,,33.7853,-118.2464
241217397,11/23/2024 12:00:00 AM,11/23/2024 12:00:00 AM,0200,12,77th Street,1265,1,510,VEHICLE - STOLEN,,0,,,101,STREET,,,IC,Invest Cont,510,,,,1400 W  81ST                         ST,,33.9655,-118.3003
240214098,09/06/2024 12:00:00 AM,09/06/2024 12:00:00 AM,1405,02,Rampart,0246,2,888,TRESPASSING,1822 0910 2052 1501,0,X,X,904,MTA - RED LINE - WESTLAKE/MACARTHUR PARK,,,IC,Invest Cont,888,,,,600 S  ALVARADO                     ST,,34.0595,-118.2749
241314675,11/10/2024 12:00:00 AM,11/09/2024 12:00:00 AM,1700,13,Newton,1347,1,510,VEHICLE - STOLEN,,0,,,101,STREET,,,IC,Invest Cont,510,,,,43RD                         ST,HONDURAS                     ST,34.0055,-118.244
240315672,10/25/2024 12:00:00 AM,10/24/2024 12:00:00 AM,2300,03,Southwest,0392,1,510,VEHICLE - STOLEN,,0,,,101,STREET,,,IC,Invest Cont,510,,,,2800 W  48TH                         ST,,34,-118.3236
241314674,11/10/2024 12:00:00 AM,11/10/2024 12:00:00 AM,1300,13,Newton,1345,1,510,VEHICLE - STOLEN,,0,,,101,STREET,,,IC,Invest Cont,510,,,,4200    NAOMI                        AV,,34.0078,-118.2538
241911024,08/19/2024 12:00:00 AM,08/18/2024 12:00:00 AM,1540,19,Mission,1955,2,354,THEFT OF IDENTITY,0930,51,M,H,501,SINGLE FAMILY DWELLING,,,IC,Invest Cont,354,,,,14600    HIAWATHA                     ST,,34.2603,-118.4505
241207854,03/06/2024 12:00:00 AM,03/06/2024 12:00:00 AM,1410,12,77th Street,1268,1,210,ROBBERY,0342 1309 1822 0305 0448 0344 0429,41,F,H,108,PARKING LOT,400,"STRONG-ARM (HANDS, FIST, FEET OR BODILY FORCE)",AA,Adult Arrest,210,,,,8500 S  BROADWAY,,33.9615,-118.2783
241505226,01/24/2024 12:00:00 AM,01/24/2024 12:00:00 AM,2355,15,N Hollywood,1512,1,210,ROBBERY,0302 0355 0344 0216,47,M,H,102,SIDEWALK,109,SEMI-AUTOMATIC PISTOL,IC,Invest Cont,210,,,,12800    VANOWEN                      ST,,34.1939,-118.4119
241106390,03/03/2024 12:00:00 AM,03/01/2024 12:00:00 AM,2200,11,Northeast,1179,2,745,VANDALISM - MISDEAMEANOR ($399 OR UNDER),0329 1300,36,F,H,504,OTHER RESIDENCE,,,IC,Invest Cont,745,,,,3900    MIDLAND                      ST,,34.0905,-118.2098
242106633,03/06/2024 12:00:00 AM,03/06/2024 12:00:00 AM,0605,21,Topanga,2139,1,310,BURGLARY,0344 0352 1609,61,F,W,501,SINGLE FAMILY DWELLING,,,IC,Invest Cont,310,,,,7300    JUMILLA                      AV,,34.2034,-118.5634
241305110,01/24/2024 12:00:00 AM,01/24/2024 12:00:00 AM,1140,13,Newton,1325,1,210,ROBBERY,0945 1822 0344 0346 0400,32,F,H,210,RESTAURANT/FAST FOOD,400,"STRONG-ARM (HANDS, FIST, FEET OR BODILY FORCE)",AA,Adult Arrest,210,,,,CENTRAL                      AV,33RD                         ST,34.0136,-118.2565
241907658,04/09/2024 12:00:00 AM,04/09/2024 12:00:00 AM,1230,19,Mission,1982,1,330,BURGLARY FROM VEHICLE,1607 1822 2004 0344 1402 0329,72,M,B,108,PARKING LOT,,,AA,Adult Arrest,330,998,,,PARTHENIA,SEPULVEDA,34.2283,-118.4677
240215656,10/07/2024 12:00:00 AM,10/06/2024 12:00:00 AM,2050,02,Rampart,0202,1,341,"THEFT-GRAND ($950.01 & OVER)EXCPT,GUNS,FOWL,LIVESTK,PROD",0352 1822,34,F,H,203,OTHER BUSINESS,,,IC,Invest Cont,341,,,,1000 N  VERMONT                      AV,,34.0897,-118.2917
240310292,05/01/2024 12:00:00 AM,05/01/2024 12:00:00 AM,0200,03,Southwest,0363,2,930,CRIMINAL THREATS - NO WEAPON DISPLAYED,0329 1307,23,X,X,101,STREET,400,"STRONG-ARM (HANDS, FIST, FEET OR BODILY FORCE)",AA,Adult Arrest,930,,,,4100    BUCKINGHAM                   RD,,34.0121,-118.3423
241104553,01/15/2024 12:00:00 AM,01/12/2024 12:00:00 AM,1430,11,Northeast,1141,1,510,VEHICLE - STOLEN,,0,,,101,STREET,,,IC,Invest Cont,510,,,,1700 N  BERENDO                      ST,,34.1018,-118.2945
240108354,03/02/2024 12:00:00 AM,03/02/2024 12:00:00 AM,2115,01,Central,0192,2,624,BATTERY - SIMPLE ASSAULT,0448,42,M,W,101,STREET,400,"STRONG-ARM (HANDS, FIST, FEET OR BODILY FORCE)",IC,Invest Cont,624,,,,1400 S  FIGUEROA                     ST,,34.0391,-118.269
240113094,06/19/2024 12:00:00 AM,06/17/2024 12:00:00 AM,1500,01,Central,0139,1,330,BURGLARY FROM VEHICLE,0344 1307,36,M,W,101,STREET,,,IC,Invest Cont,330,,,,300 S  SANTA FE                     AV,,34.0439,-118.2326
240604069,01/02/2024 12:00:00 AM,01/02/2024 12:00:00 AM,1617,06,Hollywood,0656,1,761,BRANDISH WEAPON,0361 0603 0334 0913,43,M,H,102,SIDEWALK,204,FOLDING KNIFE,AA,Adult Arrest,761,,,,5900    BARTON                       AV,,34.088,-118.3223
241004491,01/13/2024 12:00:00 AM,01/13/2024 12:00:00 AM,1330,10,West Valley,1049,2,624,BATTERY - SIMPLE ASSAULT,0400 0416 0913 1817 0446 0448,38,F,H,109,PARK/PLAYGROUND,400,"STRONG-ARM (HANDS, FIST, FEET OR BODILY FORCE)",AO,Adult Other,624,,,,6300    BALBOA                       BL,,34.1841,-118.5011
240110029,04/07/2024 12:00:00 AM,04/06/2024 12:00:00 AM,1150,01,Central,0163,1,343,SHOPLIFTING-GRAND THEFT ($950.01 & OVER),0344 0325,0,X,X,405,CLOTHING STORE,,,IC,Invest Cont,343,,,,800 S  BROADWAY,,34.0437,-118.2547
240512418,11/05/2024 12:00:00 AM,11/04/2024 12:00:00 AM,1600,05,Harbor,0587,2,740,"VANDALISM - FELONY ($400 & OVER, ALL CHURCH VANDALISMS)",,33,M,W,502,"MULTI-UNIT DWELLING (APARTMENT, DUPLEX, ETC)",,,IC,Invest Cont,740,,,,700 W  37TH                         ST,,33.7106,-118.2917
240307525,03/07/2024 12:00:00 AM,03/07/2024 12:00:00 AM,2020,03,Southwest,0362,2,624,BATTERY - SIMPLE ASSAULT,0360 0416 0446 0562 0913 1241 2004,56,F,H,502,"MULTI-UNIT DWELLING (APARTMENT, DUPLEX, ETC)",400,"STRONG-ARM (HANDS, FIST, FEET OR BODILY FORCE)",IC,Invest Cont,624,,,,4600    OBAMA                        BL,,34.0215,-118.346
241308470,04/18/2024 12:00:00 AM,04/17/2024 12:00:00 AM,1717,13,Newton,1311,1,341,"THEFT-GRAND ($950.01 & OVER)EXCPT,GUNS,FOWL,LIVESTK,PROD",0344,19,F,H,124,BUS STOP,,,IC,Invest Cont,341,,,,W  WASHINGTON                   BL,S  FIGUEROA                     ST,34.035,-118.2734
241704566,01/14/2024 12:00:00 AM,01/14/2024 12:00:00 AM,1225,17,Devonshire,1768,2,626,INTIMATE PARTNER - SIMPLE ASSAULT,2000 1813 0416 0913 0429,43,F,A,102,SIDEWALK,400,"STRONG-ARM (HANDS, FIST, FEET OR BODILY FORCE)",AA,Adult Arrest,626,,,,9500    BALBOA                       BL,,34.243,-118.5025
241414640,10/31/2024 12:00:00 AM,10/29/2024 12:00:00 AM,0100,14,Pacific,1474,2,740,"VANDALISM - FELONY ($400 & OVER, ALL CHURCH VANDALISMS)",1822 1300 1307 0329,19,M,W,101,STREET,500,UNKNOWN WEAPON/OTHER WEAPON,IC,Invest Cont,740,,,,8000    GEORGETOWN                   AV,,33.9667,-118.4181
240612920,10/27/2024 12:00:00 AM,10/27/2024 12:00:00 AM,0915,06,Hollywood,0648,2,888,TRESPASSING,1501 1822,0,X,X,909,MTA - RED LINE - HOLLYWOOD/WESTERN,,,IC,Invest Cont,888,,,,5400    HOLLYWOOD                    BL,,34.1017,-118.3072
241910666,08/04/2024 12:00:00 AM,07/28/2024 12:00:00 AM,2230,19,Mission,1921,1,331,THEFT FROM MOTOR VEHICLE - GRAND ($950.01 AND OVER),0385,26,M,H,101,STREET,,,IC,Invest Cont,331,,,,12200    CANYON HILL                  AV,,34.2927,-118.4668
241513447,09/05/2024 12:00:00 AM,08/30/2024 12:00:00 AM,1855,15,N Hollywood,1527,1,442,SHOPLIFTING - PETTY THEFT ($950 & UNDER),0344 1822,0,M,O,203,OTHER BUSINESS,,,IC,Invest Cont,442,,,,11000    VICTORY                      BL,,34.1867,-118.3703
240304723,01/13/2024 12:00:00 AM,01/13/2024 12:00:00 AM,1629,03,Southwest,0329,2,354,THEFT OF IDENTITY,0100 1822 0930,54,M,K,502,"MULTI-UNIT DWELLING (APARTMENT, DUPLEX, ETC)",,,IC,Invest Cont,354,,,,500 W  31ST                         ST,,34.0236,-118.2773
241209362,04/02/2024 12:00:00 AM,04/01/2024 12:00:00 AM,1800,12,77th Street,1266,1,420,THEFT FROM MOTOR VEHICLE - PETTY ($950 & UNDER),,0,,,101,STREET,,,IC,Invest Cont,420,,,,8100 S  BROADWAY,,33.9661,-118.2849
241609474,07/25/2024 12:00:00 AM,07/19/2024 12:00:00 AM,1804,16,Foothill,1611,1,442,SHOPLIFTING - PETTY THEFT ($950 & UNDER),0325,0,M,W,243,"DIY CENTER (LOWE'S,HOME DEPOT,OSH,CONTRACTORS WAREHOUSE)",,,IC,Invest Cont,442,,,,13500    VAUGHN                       ST,,34.2786,-118.4265
240104530,01/08/2024 12:00:00 AM,01/08/2024 12:00:00 AM,0135,01,Central,0145,1,330,BURGLARY FROM VEHICLE,1300 1609 0358 1302 1307 0344 0329,53,M,W,101,STREET,,,IC,Invest Cont,330,,,,400 S  LOS ANGELES                  ST,,34.0471,-118.2474
241104461,01/13/2024 12:00:00 AM,01/12/2024 12:00:00 AM,1550,11,Northeast,1183,1,230,"ASSAULT WITH DEADLY WEAPON, AGGRAVATED ASSAULT",1822 0334 0302 1309,0,M,X,101,STREET,102,HAND GUN,IC,Invest Cont,230,,,,1500    GLENDALE                     BL,,34.0819,-118.26
241906309,02/29/2024 12:00:00 AM,02/28/2024 12:00:00 AM,2200,19,Mission,1913,1,330,BURGLARY FROM VEHICLE,0344 1605,45,M,H,501,SINGLE FAMILY DWELLING,,,IC,Invest Cont,330,,,,13200    WOODCOCK                     AV,,34.3104,-118.4614
240512792,11/21/2024 12:00:00 AM,11/14/2024 12:00:00 AM,2110,05,Harbor,0523,1,341,"THEFT-GRAND ($950.01 & OVER)EXCPT,GUNS,FOWL,LIVESTK,PROD",,0,,,101,STREET,,,IC,Invest Cont,341,,,,2000    JOHN S GIBSON                BL,,33.7566,-118.2896
241412833,09/06/2024 12:00:00 AM,08/30/2024 12:00:00 AM,0803,14,Pacific,1469,1,442,SHOPLIFTING - PETTY THEFT ($950 & UNDER),0325 1822 0104,0,X,X,402,MARKET,,,IC,Invest Cont,442,,,,6800    LA CIENEGA                   BL,,33.9761,-118.3726
241507461,03/12/2024 12:00:00 AM,03/09/2024 12:00:00 AM,1125,15,N Hollywood,1562,2,956,"LETTERS, LEWD  -  TELEPHONE CALLS, LEWD",1906,29,F,W,502,"MULTI-UNIT DWELLING (APARTMENT, DUPLEX, ETC)",,,AO,Adult Other,956,,,,4400    VANTAGE                      AV,,34.1504,-118.3976
241607730,04/29/2024 12:00:00 AM,04/28/2024 12:00:00 AM,2224,16,Foothill,1695,1,442,SHOPLIFTING - PETTY THEFT ($950 & UNDER),0325,0,M,W,401,MINI-MART,,,IC,Invest Cont,442,,,,7600    VINELAND                     AV,,34.2084,-118.3703
241611598,11/29/2024 12:00:00 AM,11/17/2024 12:00:00 AM,1046,16,Foothill,1613,2,740,"VANDALISM - FELONY ($400 & OVER, ALL CHURCH VANDALISMS)",0329 1300,42,F,H,122,"VEHICLE, PASSENGER/TRUCK",,,IC,Invest Cont,740,,,,12600    PIERCE                       ST,,34.2758,-118.4052
240705776,02/11/2024 12:00:00 AM,02/11/2024 12:00:00 AM,0220,07,Wilshire,0762,1,230,"ASSAULT WITH DEADLY WEAPON, AGGRAVATED ASSAULT",0302 0913 0312 0361 1419 1407 1402 0906,21,M,H,102,SIDEWALK,102,HAND GUN,AA,Adult Arrest,230,998,,,1400 S  POINT VIEW                   ST,,34.0522,-118.37
240604980,01/20/2024 12:00:00 AM,01/12/2024 12:00:00 AM,0828,06,Hollywood,0636,2,354,THEFT OF IDENTITY,1822 1501,29,M,W,502,"MULTI-UNIT DWELLING (APARTMENT, DUPLEX, ETC)",,,IC,Invest Cont,354,,,,6600    YUCCA                        ST,,34.1032,-118.3334
241509124,04/16/2024 12:00:00 AM,04/15/2024 12:00:00 AM,2030,15,N Hollywood,1523,1,310,BURGLARY,1822 0344 1609 1606 0358 2034,36,M,O,501,SINGLE FAMILY DWELLING,400,"STRONG-ARM (HANDS, FIST, FEET OR BODILY FORCE)",AO,Adult Other,310,,,,6100    BELLAIRE                     AV,,34.1815,-118.4094
240104312,01/04/2024 12:00:00 AM,01/04/2024 12:00:00 AM,1400,01,Central,0161,1,442,SHOPLIFTING - PETTY THEFT ($950 & UNDER),0344,0,X,X,404,DEPARTMENT STORE,,,IC,Invest Cont,442,,,,700 S  FIGUEROA                     ST,,34.0483,-118.2631
240810483,08/28/2024 12:00:00 AM,08/28/2024 12:00:00 AM,1833,08,West LA,0806,2,354,THEFT OF IDENTITY,0930,24,F,H,501,SINGLE FAMILY DWELLING,,,IC,Invest Cont,354,,,,1500 N  BEVERLY GLEN                 BL,,34.0956,-118.451
240406274,03/10/2024 12:00:00 AM,03/10/2024 12:00:00 AM,2013,04,Hollenbeck,0471,2,890,FAILURE TO YIELD,1501,0,X,X,101,STREET,,,IC,Invest Cont,890,,,,4TH                          ST,ANDERSON,34.0422,-118.2252
241708505,04/18/2024 12:00:00 AM,04/18/2024 12:00:00 AM,1615,17,Devonshire,1745,2,626,INTIMATE PARTNER - SIMPLE ASSAULT,0416 0913 2000 1813,46,F,W,501,SINGLE FAMILY DWELLING,400,"STRONG-ARM (HANDS, FIST, FEET OR BODILY FORCE)",AO,Adult Other,626,,,,17200    GERMAIN                      ST,,34.2624,-118.5089
241106718,03/15/2024 12:00:00 AM,03/11/2024 12:00:00 AM,0848,11,Northeast,1183,1,442,SHOPLIFTING - PETTY THEFT ($950 & UNDER),0325,0,X,X,403,DRUG STORE,,,IC,Invest Cont,442,,,,1600 W  SUNSET                       BL,,34.0832,-118.2572
241507110,02/22/2024 12:00:00 AM,02/22/2024 12:00:00 AM,2000,15,N Hollywood,1548,1,420,THEFT FROM MOTOR VEHICLE - PETTY ($950 & UNDER),0344 0352 1822,28,M,W,707,GARAGE/CARPORT,,,IC,Invest Cont,420,,,,11000    CHANDLER                     BL,,34.1681,-118.3704
241604319,01/10/2024 12:00:00 AM,01/10/2024 12:00:00 AM,1120,16,Foothill,1698,1,330,BURGLARY FROM VEHICLE,1609 0344,41,M,O,108,PARKING LOT,,,IC,Invest Cont,330,,,,8000    WHEATLAND                    AV,,34.2165,-118.3618
240105369,01/19/2024 12:00:00 AM,01/19/2024 12:00:00 AM,1230,01,Central,0152,2,888,TRESPASSING,1501 0910,0,X,X,903,MTA - RED LINE - 7TH AND METRO CENTER,,,IC,Invest Cont,888,,,,600 S  FIGUEROA                     ST,,34.0508,-118.2586
240311146,05/29/2024 12:00:00 AM,05/28/2024 12:00:00 AM,2030,03,Southwest,0356,2,740,"VANDALISM - FELONY ($400 & OVER, ALL CHURCH VANDALISMS)",0329,44,F,H,122,"VEHICLE, PASSENGER/TRUCK",,,IC,Invest Cont,740,,,,1600 W  36TH                         PL,,34.0219,-118.3061
241216542,10/25/2024 12:00:00 AM,10/25/2024 12:00:00 AM,1520,12,77th Street,1218,1,330,BURGLARY FROM VEHICLE,1609 0329 0344 0321,27,M,H,101,STREET,,,IC,Invest Cont,330,,,,800 W  57TH                         ST,,33.9905,-118.2871
241010453,08/12/2024 12:00:00 AM,08/12/2024 12:00:00 AM,0355,10,West Valley,1005,1,440,THEFT PLAIN - PETTY ($950 & UNDER),1822 0344,44,M,H,707,GARAGE/CARPORT,,,IC,Invest Cont,440,,,,7700    YARMOUTH                     AV,,34.2108,-118.5197
241805123,01/24/2024 12:00:00 AM,01/21/2024 12:00:00 AM,1400,18,Southeast,1842,2,626,INTIMATE PARTNER - SIMPLE ASSAULT,2000 1813 0416 0444 0408 0913,31,F,B,501,SINGLE FAMILY DWELLING,400,"STRONG-ARM (HANDS, FIST, FEET OR BODILY FORCE)",AO,Adult Other,626,,,,10800 S  MAIN                         ST,,33.9383,-118.2739
241904407,01/12/2024 12:00:00 AM,01/12/2024 12:00:00 AM,0158,19,Mission,1924,1,510,VEHICLE - STOLEN,,0,,,101,STREET,,,IC,Invest Cont,510,,,,14900    HUBBARD                      ST,,34.2856,-118.4561
241514285,10/02/2024 12:00:00 AM,10/01/2024 12:00:00 AM,1800,15,N Hollywood,1581,1,510,VEHICLE - STOLEN,,0,,,101,STREET,,,IC,Invest Cont,510,,,,12800    MOORPARK                     ST,,34.1504,-118.4117
240300678,03/18/2024 12:00:00 AM,03/18/2024 12:00:00 AM,1830,03,Southwest,0358,1,440,THEFT PLAIN - PETTY ($950 & UNDER),0344 1251 1822 0216,19,F,A,722,COLLEGE/JUNIOR COLLEGE/UNIVERSITY,,,IC,Invest Cont,440,,,,800    CHILDS                       WY,,34.0203,-118.2852
240710510,08/03/2024 12:00:00 AM,08/03/2024 12:00:00 AM,1548,07,Wilshire,0737,1,442,SHOPLIFTING - PETTY THEFT ($950 & UNDER),0104 0344 0325 1822,0,X,X,203,OTHER BUSINESS,,,IC,Invest Cont,442,,,,5200    WILSHIRE                     BL,,34.0622,-118.3429
242111125,08/20/2024 12:00:00 AM,04/01/2024 12:00:00 AM,1610,21,Topanga,2155,2,354,THEFT OF IDENTITY,0377 0928,30,F,W,502,"MULTI-UNIT DWELLING (APARTMENT, DUPLEX, ETC)",,,IC,Invest Cont,354,,,,22300    VICTORY                      BL,,34.1865,-118.6129
242109107,05/14/2024 12:00:00 AM,05/14/2024 12:00:00 AM,1030,21,Topanga,2185,1,510,VEHICLE - STOLEN,,0,,,104,DRIVEWAY,,,IC,Invest Cont,510,,,,5100    TOPANGA CANYON               BL,,34.1592,-118.6108
241212217,06/02/2024 12:00:00 AM,06/01/2024 12:00:00 AM,1900,12,77th Street,1231,1,510,VEHICLE - STOLEN,,0,,,104,DRIVEWAY,,,IC,Invest Cont,510,,,,4500 W  63RD                         ST,,33.9826,-118.3529
241305429,01/31/2024 12:00:00 AM,01/31/2024 12:00:00 AM,0230,13,Newton,1307,1,236,INTIMATE PARTNER - AGGRAVATED ASSAULT,0913 1202 2024 1813 0446 2000 0416 0429 0421 0448,71,F,B,501,SINGLE FAMILY DWELLING,400,"STRONG-ARM (HANDS, FIST, FEET OR BODILY FORCE)",IC,Invest Cont,236,,,,700 E  7TH                          ST,,34.04,-118.2458
241106008,02/23/2024 12:00:00 AM,02/22/2024 12:00:00 AM,1010,11,Northeast,1177,1,231,ASSAULT WITH DEADLY WEAPON ON POLICE OFFICER,1822 0446 0416 1212,0,F,H,502,"MULTI-UNIT DWELLING (APARTMENT, DUPLEX, ETC)",400,"STRONG-ARM (HANDS, FIST, FEET OR BODILY FORCE)",AA,Adult Arrest,231,,,,2600    IDELL                        ST,,34.0866,-118.2242
240706412,02/27/2024 12:00:00 AM,02/25/2024 12:00:00 AM,2100,07,Wilshire,0777,1,510,VEHICLE - STOLEN,,0,,,101,STREET,,,IC,Invest Cont,510,,,,1700    WEST                         BL,,34.0425,-118.3362
242105643,02/10/2024 12:00:00 AM,02/05/2024 12:00:00 AM,0756,21,Topanga,2172,2,662,"BUNCO, GRAND THEFT",1822 1202 0800,69,M,W,501,SINGLE FAMILY DWELLING,,,IC,Invest Cont,662,,,,5100    CALENDA                      DR,,34.1627,-118.6379
240317145,12/21/2024 12:00:00 AM,12/19/2024 12:00:00 AM,1800,03,Southwest,0359,1,330,BURGLARY FROM VEHICLE,1251 1822 0329 1307 0344,24,M,O,101,STREET,,,IC,Invest Cont,330,,,,3500 S  FLOWER                       ST,,34.0198,-118.2797
241714720,12/04/2024 12:00:00 AM,11/29/2024 12:00:00 AM,1900,17,Devonshire,1737,1,420,THEFT FROM MOTOR VEHICLE - PETTY ($950 & UNDER),,0,,,101,STREET,,,IC,Invest Cont,420,,,,BALBOA,SAN FERNANDO MISSION,34.2721,-118.5022
240204414,01/08/2024 12:00:00 AM,01/08/2024 12:00:00 AM,1709,02,Rampart,0246,2,888,TRESPASSING,0910,0,X,X,904,MTA - RED LINE - WESTLAKE/MACARTHUR PARK,,,IC,Invest Cont,888,,,,600 S  ALVARADO                     ST,,34.0595,-118.2749
241507255,03/07/2024 12:00:00 AM,03/06/2024 12:00:00 AM,1130,15,N Hollywood,1545,2,740,"VANDALISM - FELONY ($400 & OVER, ALL CHURCH VANDALISMS)",0329 1300 1822 2001,36,F,H,101,STREET,500,UNKNOWN WEAPON/OTHER WEAPON,AA,Adult Arrest,740,,,,RIVERSIDE,LAUREL CANYON,34.1576,-118.3965
241707658,03/27/2024 12:00:00 AM,01/23/2024 12:00:00 AM,1109,17,Devonshire,1776,2,354,THEFT OF IDENTITY,0930 0928 1822,58,M,W,501,SINGLE FAMILY DWELLING,,,IC,Invest Cont,354,,,,16900    TUPPER                       ST,,34.2394,-118.4999
241511962,07/11/2024 12:00:00 AM,06/15/2024 12:00:00 AM,1700,15,N Hollywood,1505,1,341,"THEFT-GRAND ($950.01 & OVER)EXCPT,GUNS,FOWL,LIVESTK,PROD",,0,,,101,STREET,,,IC,Invest Cont,341,,,,SHERMAN                      WY,LANKERSHIM                   BL,34.2012,-118.3878
240805753,02/15/2024 12:00:00 AM,02/11/2024 12:00:00 AM,0100,08,West LA,0816,1,510,VEHICLE - STOLEN,,0,,,108,PARKING LOT,,,IC,Invest Cont,510,,,,500    MIDVALE                      AV,,34.0673,-118.4534
241706605,03/03/2024 12:00:00 AM,03/03/2024 12:00:00 AM,1715,17,Devonshire,1791,2,930,CRIMINAL THREATS - NO WEAPON DISPLAYED,2000 0913 1814 1300 0421,39,F,W,502,"MULTI-UNIT DWELLING (APARTMENT, DUPLEX, ETC)",511,VERBAL THREAT,AO,Adult Other,930,,,,8600    DE SOTO                      AV,,34.227,-118.5885
241010785,08/30/2024 12:00:00 AM,08/27/2024 12:00:00 AM,1252,10,West Valley,1063,1,442,SHOPLIFTING - PETTY THEFT ($950 & UNDER),1822 0325,0,M,W,235,PHARMACY INSIDE STORE OR SUPERMARKET*,,,IC,Invest Cont,442,,,,18400    VENTURA                      BL,,34.1681,-118.5343
240115546,07/17/2024 12:00:00 AM,07/16/2024 12:00:00 AM,2030,01,Central,0162,1,330,BURGLARY FROM VEHICLE,0344 1609 1307 0329,29,F,W,108,PARKING LOT,,,IC,Invest Cont,330,,,,W  8TH,S  GRAND                        AV,34.0459,-118.2579
240606262,02/18/2024 12:00:00 AM,02/18/2024 12:00:00 AM,0120,06,Hollywood,0647,2,626,INTIMATE PARTNER - SIMPLE ASSAULT,1813 2000 1501 0416,25,F,W,502,"MULTI-UNIT DWELLING (APARTMENT, DUPLEX, ETC)",500,UNKNOWN WEAPON/OTHER WEAPON,AO,Adult Other,626,,,,1600    VINE                         ST,,34.0998,-118.3267
240710212,07/20/2024 12:00:00 AM,07/20/2024 12:00:00 AM,0850,07,Wilshire,0713,1,510,VEHICLE - STOLEN,,0,,,101,STREET,,,IC,Invest Cont,510,,,,7600    BEVERLY                      BL,,34.0782,-118.3573
242106928,03/15/2024 12:00:00 AM,03/15/2024 12:00:00 AM,0650,21,Topanga,2111,2,930,CRIMINAL THREATS - NO WEAPON DISPLAYED,2000 0421,46,F,W,501,SINGLE FAMILY DWELLING,511,VERBAL THREAT,AA,Adult Arrest,930,,,,24500    STARLIGHT                    LN,,34.2045,-118.6559
241408554,04/12/2024 12:00:00 AM,04/12/2024 12:00:00 AM,0030,14,Pacific,1469,1,510,VEHICLE - STOLEN,,0,,,108,PARKING LOT,,,IC,Invest Cont,510,,,,5400 W  CENTINELA                    AV,,33.9773,-118.3705
241208042,02/14/2024 12:00:00 AM,02/14/2024 12:00:00 AM,1250,12,77th Street,1258,2,930,CRIMINAL THREATS - NO WEAPON DISPLAYED,1210 0917 0319 0421 1822 1309,55,F,B,101,STREET,511,VERBAL THREAT,IC,Invest Cont,930,,,,200 W  75TH                         ST,,33.9718,-118.2765
241512988,08/20/2024 12:00:00 AM,08/20/2024 12:00:00 AM,1800,15,N Hollywood,1527,1,480,BIKE - STOLEN,1822 0397 1236 0344,49,F,H,406,OTHER STORE,,,IC,Invest Cont,480,,,,11000    VICTORY                      BL,,34.1867,-118.3703
240811334,10/13/2024 12:00:00 AM,09/27/2024 12:00:00 AM,1535,08,West LA,0858,1,440,THEFT PLAIN - PETTY ($950 & UNDER),0394 1822 0344,31,M,W,710,OTHER PREMISE,,,IC,Invest Cont,440,,,,8800    SATURN                       ST,,34.053,-118.384
241310566,06/20/2024 12:00:00 AM,06/20/2024 12:00:00 AM,1806,13,Newton,1333,1,442,SHOPLIFTING - PETTY THEFT ($950 & UNDER),0325,0,M,W,405,CLOTHING STORE,,,IC,Invest Cont,442,,,,3200 S  CENTRAL                      AV,,34.0174,-118.2621
242106092,02/21/2024 12:00:00 AM,02/20/2024 12:00:00 AM,1200,21,Topanga,2183,2,662,"BUNCO, GRAND THEFT",0701 1202,82,M,W,501,SINGLE FAMILY DWELLING,,,IC,Invest Cont,662,,,,23300    MULHOLLAND                   DR,,34.1548,-118.6333
240105955,01/27/2024 12:00:00 AM,01/27/2024 12:00:00 AM,1950,01,Central,0164,2,624,BATTERY - SIMPLE ASSAULT,0444 0429 0913 0917 1802,41,M,H,710,OTHER PREMISE,400,"STRONG-ARM (HANDS, FIST, FEET OR BODILY FORCE)",AO,Adult Other,624,,,,600 S  SPRING                       ST,,34.046,-118.251
240118986,09/25/2024 12:00:00 AM,09/25/2024 12:00:00 AM,0600,01,Central,0133,2,888,TRESPASSING,0910,0,X,X,135,MTA PROPERTY OR PARKING LOT,,,IC,Invest Cont,888,,,,200 S  BROADWAY,,34.0524,-118.2467
241604896,01/30/2024 12:00:00 AM,01/30/2024 12:00:00 AM,1500,16,Foothill,1663,1,230,"ASSAULT WITH DEADLY WEAPON, AGGRAVATED ASSAULT",1817 1402 0416 0913 0411,29,M,B,502,"MULTI-UNIT DWELLING (APARTMENT, DUPLEX, ETC)",200,KNIFE WITH BLADE 6INCHES OR LESS,AA,Adult Arrest,230,998,,,9100    TELFAIR                      AV,,34.2346,-118.3949
240108070,02/28/2024 12:00:00 AM,02/28/2024 12:00:00 AM,1100,01,Central,0156,1,440,THEFT PLAIN - PETTY ($950 & UNDER),2032 0344,59,F,B,101,STREET,,,IC,Invest Cont,440,,,,500 S  SAN PEDRO                    ST,,34.0437,-118.2455
241510022,05/04/2024 12:00:00 AM,05/04/2024 12:00:00 AM,1030,15,N Hollywood,1548,1,330,BURGLARY FROM VEHICLE,1300 0344 1609 1307 1822,22,M,W,108,PARKING LOT,,,IC,Invest Cont,330,,,,11100    WEDDINGTON                   ST,,34.167,-118.3725
240109992,04/06/2024 12:00:00 AM,04/05/2024 12:00:00 AM,2323,01,Central,0111,1,352,PICKPOCKET,0344,28,F,W,207,BAR/COCKTAIL/NIGHTCLUB,,,IC,Invest Cont,352,,,,400    GIN LING                     WY,,34.0652,-118.2369
241104889,01/26/2024 12:00:00 AM,01/25/2024 12:00:00 AM,0823,11,Northeast,1162,1,442,SHOPLIFTING - PETTY THEFT ($950 & UNDER),0344,52,M,W,203,OTHER BUSINESS,,,IC,Invest Cont,442,,,,4100    SANTA MONICA                 BL,,34.0947,-118.2877
240712312,10/29/2024 12:00:00 AM,10/28/2024 12:00:00 AM,2200,07,Wilshire,0701,1,510,VEHICLE - STOLEN,,0,,,101,STREET,,,IC,Invest Cont,510,,,,700 N  KINGS                        RD,,34.0837,-118.3717
241010066,07/21/2024 12:00:00 AM,07/21/2024 12:00:00 AM,0033,10,West Valley,1008,1,410,"BURGLARY FROM VEHICLE, ATTEMPTED",1300 1822 0344,0,M,O,101,STREET,,,IC,Invest Cont,410,,,,16600    SATICOY                      ST,,34.2084,-118.495
240207952,03/20/2024 12:00:00 AM,02/20/2024 12:00:00 AM,2125,02,Rampart,0261,1,341,"THEFT-GRAND ($950.01 & OVER)EXCPT,GUNS,FOWL,LIVESTK,PROD",1601 0344 0913 1817,27,F,H,502,"MULTI-UNIT DWELLING (APARTMENT, DUPLEX, ETC)",400,"STRONG-ARM (HANDS, FIST, FEET OR BODILY FORCE)",IC,Invest Cont,341,,,,2600 W  8TH                          ST,,34.0573,-118.2832
240811101,09/30/2024 12:00:00 AM,09/30/2024 12:00:00 AM,1525,08,West LA,0857,1,420,THEFT FROM MOTOR VEHICLE - PETTY ($950 & UNDER),0344 1300,54,F,W,501,SINGLE FAMILY DWELLING,,,IC,Invest Cont,420,,,,1500 S  CANFIELD                     AV,,34.0525,-118.3895
241009975,07/02/2024 12:00:00 AM,06/28/2024 12:00:00 AM,0800,10,West Valley,1003,2,860,BATTERY WITH SEXUAL CONTACT,0913 0522 0400 0360,15,F,H,501,SINGLE FAMILY DWELLING,400,"STRONG-ARM (HANDS, FIST, FEET OR BODILY FORCE)",IC,Invest Cont,860,,,,8000    YOLANDA                      AV,,34.2156,-118.5405
240116080,08/04/2024 12:00:00 AM,08/04/2024 12:00:00 AM,0730,01,Central,0132,2,888,TRESPASSING,0910,0,X,X,901,MTA - RED LINE - CIVIC CENTER/GRAND PARK,,,IC,Invest Cont,888,,,,200 S  HOPE                         ST,,34.0549,-118.2511
240706969,03/11/2024 12:00:00 AM,03/09/2024 12:00:00 AM,1900,07,Wilshire,0702,1,310,BURGLARY,1609 1822 0344,0,X,X,252,"COFFEE SHOP (STARBUCKS, COFFEE BEAN, PEET'S, ETC.)",,,IC,Invest Cont,310,,,,7400    MELROSE                      AV,,34.0836,-118.3511
240411007,10/23/2024 12:00:00 AM,09/24/2024 12:00:00 AM,1445,04,Hollenbeck,0469,1,442,SHOPLIFTING - PETTY THEFT ($950 & UNDER),0325,0,X,X,405,CLOTHING STORE,,,IC,Invest Cont,442,,,,3400 E  4TH                          ST,,34.034,-118.1969
240907081,03/21/2024 12:00:00 AM,03/21/2024 12:00:00 AM,0900,09,Van Nuys,0946,1,310,BURGLARY,0358 1414 0321 1609 0344,31,F,O,501,SINGLE FAMILY DWELLING,,,IC,Invest Cont,310,,,,5700    RANCHITO                     AV,,34.1739,-118.4356
240913683,12/16/2024 12:00:00 AM,12/15/2024 12:00:00 AM,2200,09,Van Nuys,0985,1,331,THEFT FROM MOTOR VEHICLE - GRAND ($950.01 AND OVER),0344 1300 1822,0,X,X,116,OTHER/OUTSIDE,,,IC,Invest Cont,331,,,,4500    SYLMAR                       AV,,34.153,-118.4465
241411345,07/14/2024 12:00:00 AM,07/14/2024 12:00:00 AM,0237,14,Pacific,1438,1,330,BURGLARY FROM VEHICLE,0344 1300,37,F,H,710,OTHER PREMISE,,,IC,Invest Cont,330,,,,3600    MIDVALE                      AV,,34.0204,-118.4139
241905954,02/20/2024 12:00:00 AM,02/15/2024 12:00:00 AM,0800,19,Mission,1999,1,331,THEFT FROM MOTOR VEHICLE - GRAND ($950.01 AND OVER),0385,49,F,H,108,PARKING LOT,,,IC,Invest Cont,331,,,,13600    CANTARA                      ST,,34.2198,-118.4288
242012566,10/16/2024 12:00:00 AM,08/05/2024 12:00:00 AM,1817,20,Olympic,2016,1,440,THEFT PLAIN - PETTY ($950 & UNDER),0344 0394 1822,20,F,H,102,SIDEWALK,,,IC,Invest Cont,440,,,,200 S  MARIPOSA                     AV,,34.0712,-118.2991
240805978,02/10/2024 12:00:00 AM,02/10/2024 12:00:00 AM,2130,08,West LA,0817,1,442,SHOPLIFTING - PETTY THEFT ($950 & UNDER),1822 0325,0,X,X,203,OTHER BUSINESS,,,IC,Invest Cont,442,,,,10800    LE CONTE                     AV,,34.0641,-118.4411
240109203,03/18/2024 12:00:00 AM,03/16/2024 12:00:00 AM,2325,01,Central,0174,1,331,THEFT FROM MOTOR VEHICLE - GRAND ($950.01 AND OVER),0344 0386,24,F,C,122,"VEHICLE, PASSENGER/TRUCK",,,IC,Invest Cont,331,,,,700 S  SPRING                       ST,,34.0445,-118.2523
240610146,06/26/2024 12:00:00 AM,06/23/2024 12:00:00 AM,1700,06,Hollywood,0627,1,330,BURGLARY FROM VEHICLE,1822 1300 0344,76,M,O,501,SINGLE FAMILY DWELLING,,,IC,Invest Cont,330,,,,2700    HOLLYRIDGE                   DR,,34.1159,-118.3188
240106565,02/04/2024 12:00:00 AM,02/02/2024 12:00:00 AM,0001,01,Central,0101,2,624,BATTERY - SIMPLE ASSAULT,0400 2033 1268 0603 0913,63,F,W,502,"MULTI-UNIT DWELLING (APARTMENT, DUPLEX, ETC)",400,"STRONG-ARM (HANDS, FIST, FEET OR BODILY FORCE)",IC,Invest Cont,624,,,,1000    FIGUEROA                     TR,,34.0684,-118.2449
240111781,05/24/2024 12:00:00 AM,05/17/2024 12:00:00 AM,2100,01,Central,0181,1,420,THEFT FROM MOTOR VEHICLE - PETTY ($950 & UNDER),,0,,,101,STREET,,,IC,Invest Cont,420,,,,1200 S  FIGUEROA,,34.0431,-118.2692
241513979,09/19/2024 12:00:00 AM,09/06/2024 12:00:00 AM,0500,15,N Hollywood,1545,2,354,THEFT OF IDENTITY,0922,44,F,O,501,SINGLE FAMILY DWELLING,,,IC,Invest Cont,354,,,,11800    CHANDLER                     BL,,34.1684,-118.39
241504199,01/04/2024 12:00:00 AM,01/04/2024 12:00:00 AM,0030,15,N Hollywood,1569,2,813,CHILD ANNOYING (17YRS & UNDER),1259 0510,17,F,H,501,SINGLE FAMILY DWELLING,400,"STRONG-ARM (HANDS, FIST, FEET OR BODILY FORCE)",AO,Adult Other,813,,,,10400    RIVERSIDE                    DR,,34.1522,-118.3571
241810608,06/11/2024 12:00:00 AM,06/09/2024 12:00:00 AM,2130,18,Southeast,1851,1,420,THEFT FROM MOTOR VEHICLE - PETTY ($950 & UNDER),,0,,,101,STREET,,,IC,Invest Cont,420,,,,129TH                        ST,MENLO,33.9154,-118.2894
242104463,01/11/2024 12:00:00 AM,01/08/2024 12:00:00 AM,1630,21,Topanga,2114,1,442,SHOPLIFTING - PETTY THEFT ($950 & UNDER),0325,0,M,W,402,MARKET,,,IC,Invest Cont,442,,,,8200    TOPANGA CANYON               BL,,34.2139,-118.6103
240104537,01/08/2024 12:00:00 AM,01/05/2024 12:00:00 AM,1000,01,Central,0158,1,420,THEFT FROM MOTOR VEHICLE - PETTY ($950 & UNDER),1606 1300 0344,70,M,B,101,STREET,,,IC,Invest Cont,420,,,,7TH,ALAMEDA,34.0351,-118.2386
240705735,02/10/2024 12:00:00 AM,02/06/2024 12:00:00 AM,1500,07,Wilshire,0743,1,510,VEHICLE - STOLEN,,0,,,101,STREET,,,IC,Invest Cont,510,,,,5600    SAN VICENTE                  BL,,34.0565,-118.3601
241712615,09/06/2024 12:00:00 AM,09/05/2024 12:00:00 AM,1944,17,Devonshire,1764,1,343,SHOPLIFTING-GRAND THEFT ($950.01 & OVER),0325 0344,0,X,X,404,DEPARTMENT STORE,,,IC,Invest Cont,343,,,,9300    TAMPA                        AV,,34.244,-118.5583
242014069,12/15/2024 12:00:00 AM,12/15/2024 12:00:00 AM,1441,20,Olympic,2062,1,442,SHOPLIFTING - PETTY THEFT ($950 & UNDER),0104 0325 0344 1822,0,,,405,CLOTHING STORE,,,IC,Invest Cont,442,,,,3100 W  PICO                         BL,,34.0506,-118.3127
240206855,02/26/2024 12:00:00 AM,02/24/2024 12:00:00 AM,1200,02,Rampart,0231,2,624,BATTERY - SIMPLE ASSAULT,0305 0913 0361 0416 0445,64,F,H,502,"MULTI-UNIT DWELLING (APARTMENT, DUPLEX, ETC)",500,UNKNOWN WEAPON/OTHER WEAPON,AO,Adult Other,624,,,,200    ROBINSON                     ST,,34.0741,-118.2831
241505700,02/03/2024 12:00:00 AM,02/01/2024 12:00:00 AM,2300,15,N Hollywood,1566,1,420,THEFT FROM MOTOR VEHICLE - PETTY ($950 & UNDER),0344,25,F,W,504,OTHER RESIDENCE,,,IC,Invest Cont,420,,,,10900    MOORPARK                     ST,,34.1504,-118.3682
240119157,09/29/2024 12:00:00 AM,09/29/2024 12:00:00 AM,1401,01,Central,0161,1,480,BIKE - STOLEN,0344 0397,40,M,H,402,MARKET,,,IC,Invest Cont,480,,,,800 S  FIGUEROA                     ST,,34.0483,-118.2631
241006673,03/14/2024 12:00:00 AM,03/14/2024 12:00:00 AM,1830,10,West Valley,1006,1,310,BURGLARY,0358 1822 1609 0344 0321 1420 1414,47,M,A,501,SINGLE FAMILY DWELLING,,,IC,Invest Cont,310,,,,7800    SHOSHONE                     AV,,34.212,-118.5166
240806331,02/28/2024 12:00:00 AM,02/23/2024 12:00:00 AM,1000,08,West LA,0828,2,662,"BUNCO, GRAND THEFT",0701 1300,88,M,W,502,"MULTI-UNIT DWELLING (APARTMENT, DUPLEX, ETC)",,,IC,Invest Cont,662,,,,10700    WILSHIRE                     BL,,34.0649,-118.4372
241805604,02/02/2024 12:00:00 AM,02/02/2024 12:00:00 AM,0619,18,Southeast,1802,2,354,THEFT OF IDENTITY,1822 0100,38,F,H,502,"MULTI-UNIT DWELLING (APARTMENT, DUPLEX, ETC)",,,IC,Invest Cont,354,,,,9000 S  BROADWAY,,33.9547,-118.2782
241508863,04/10/2024 12:00:00 AM,04/02/2024 12:00:00 AM,2220,15,N Hollywood,1539,1,440,THEFT PLAIN - PETTY ($950 & UNDER),0344,34,M,W,702,OFFICE BUILDING/OFFICE,,,AO,Adult Other,440,,,,5700    CAHUENGA                     BL,,34.174,-118.3616
240113636,06/28/2024 12:00:00 AM,06/28/2024 12:00:00 AM,0600,01,Central,0119,2,888,TRESPASSING,0910 1501,0,X,X,900,MTA - RED LINE - UNION STATION,,,IC,Invest Cont,888,,,,800 N  ALAMEDA                      ST,,34.0561,-118.2375
241814078,10/23/2024 12:00:00 AM,10/22/2024 12:00:00 AM,1830,18,Southeast,1823,1,341,"THEFT-GRAND ($950.01 & OVER)EXCPT,GUNS,FOWL,LIVESTK,PROD",1822 0344 0354,40,F,H,713,CONVENTION CENTER,,,IC,Invest Cont,341,,,,10200    AVALON                       BL,,33.9441,-118.2652
241005997,02/25/2024 12:00:00 AM,02/25/2024 12:00:00 AM,1230,10,West Valley,1039,2,624,BATTERY - SIMPLE ASSAULT,1822 0400 0448,38,F,B,222,LAUNDROMAT,400,"STRONG-ARM (HANDS, FIST, FEET OR BODILY FORCE)",AO,Adult Other,624,,,,16100    VICTORY                      BL,,34.1903,-118.48
241308049,04/03/2024 12:00:00 AM,04/02/2024 12:00:00 AM,1700,13,Newton,1309,1,420,THEFT FROM MOTOR VEHICLE - PETTY ($950 & UNDER),,0,,,101,STREET,,,IC,Invest Cont,420,,,,WASHINGTON                   BL,MAPLE                        ST,34.0241,-118.232
240906801,03/14/2024 12:00:00 AM,03/13/2024 12:00:00 AM,1500,09,Van Nuys,0964,1,310,BURGLARY,0344 1822,50,M,W,123,PARKING UNDERGROUND/BUILDING,,,IC,Invest Cont,310,,,,13700    RIVERSIDE                    DR,,34.1576,-118.4312
240605976,02/10/2024 12:00:00 AM,01/07/2024 12:00:00 AM,1614,06,Hollywood,0645,1,330,BURGLARY FROM VEHICLE,1822 0344 1300 1307,32,M,O,101,STREET,500,UNKNOWN WEAPON/OTHER WEAPON,IC,Invest Cont,330,,,,1600 N  HIGHLAND                     AV,,34.1006,-118.3417
241904493,01/13/2024 12:00:00 AM,01/13/2024 12:00:00 AM,2230,19,Mission,1936,2,626,INTIMATE PARTNER - SIMPLE ASSAULT,0416 0913 1814 2000,48,F,H,501,SINGLE FAMILY DWELLING,400,"STRONG-ARM (HANDS, FIST, FEET OR BODILY FORCE)",IC,Invest Cont,626,,,,11300    RINCON                       AV,,34.2758,-118.449
241213054,07/01/2024 12:00:00 AM,06/19/2024 12:00:00 AM,1457,12,77th Street,1204,1,440,THEFT PLAIN - PETTY ($950 & UNDER),0344 1822,24,M,H,501,SINGLE FAMILY DWELLING,,,IC,Invest Cont,440,,,,1200 W  46TH                         ST,,34.0017,-118.2959
242108432,04/26/2024 12:00:00 AM,04/26/2024 12:00:00 AM,1100,21,Topanga,2114,1,442,SHOPLIFTING - PETTY THEFT ($950 & UNDER),0325,50,M,W,402,MARKET,,,IC,Invest Cont,442,,,,8200    TOPANGA CANYON               BL,,34.2139,-118.6103
240508310,04/24/2024 12:00:00 AM,04/23/2024 12:00:00 AM,1600,05,Harbor,0529,1,510,VEHICLE - STOLEN,,0,,,217,AUTO REPAIR SHOP,,,IC,Invest Cont,510,,,,1000 E  G                            ST,,33.7791,-118.2506
240108870,03/11/2024 12:00:00 AM,03/09/2024 12:00:00 AM,1510,01,Central,0111,1,341,"THEFT-GRAND ($950.01 & OVER)EXCPT,GUNS,FOWL,LIVESTK,PROD",0344 2032,0,X,X,116,OTHER/OUTSIDE,,,IC,Invest Cont,341,,,,400 W  COLLEGE                      ST,,34.064,-118.2375
240314814,09/28/2024 12:00:00 AM,09/20/2024 12:00:00 AM,0620,03,Southwest,0373,2,888,TRESPASSING,1501 1822,23,X,X,947,MTA - EXPO LINE - EXPO/CRENSHAW,,,IC,Invest Cont,888,,,,3400    EXPOSITION                   BL,,34.0222,-118.333
241506439,02/20/2024 12:00:00 AM,02/16/2024 12:00:00 AM,1600,15,N Hollywood,1548,1,330,BURGLARY FROM VEHICLE,1300 1822 0344 1609 1606 2301,0,X,X,101,STREET,,,IC,Invest Cont,330,,,,5200    DENNY                        AV,,34.1649,-118.3643
242009772,06/24/2024 12:00:00 AM,06/21/2024 12:00:00 AM,0300,20,Olympic,2076,1,510,VEHICLE - STOLEN,,0,,,101,STREET,,,IC,Invest Cont,510,,,,1400 S  MARIPOSA                     AV,,34.0461,-118.2986
241312204,08/11/2024 12:00:00 AM,05/11/2024 12:00:00 AM,1730,13,Newton,1331,2,956,"LETTERS, LEWD  -  TELEPHONE CALLS, LEWD",0913 1906,51,F,H,710,OTHER PREMISE,,,IC,Invest Cont,956,,,,100 E  27TH                         ST,,34.024,-118.2692
240304499,01/10/2024 12:00:00 AM,01/09/2024 12:00:00 AM,1830,03,Southwest,0393,1,331,THEFT FROM MOTOR VEHICLE - GRAND ($950.01 AND OVER),1822 1606 0344 0385 1300,35,M,B,102,SIDEWALK,,,IC,Invest Cont,331,,,,2900 W  43RD                         PL,,34.0044,-118.3248
240306731,02/21/2024 12:00:00 AM,02/21/2024 12:00:00 AM,1430,03,Southwest,0328,2,930,CRIMINAL THREATS - NO WEAPON DISPLAYED,2021 0913 0443,31,M,H,505,MOTEL,511,VERBAL THREAT,IC,Invest Cont,930,,,,3100 S  FIGUEROA                     ST,,34.0268,-118.2808
240710922,08/23/2024 12:00:00 AM,08/19/2024 12:00:00 AM,1255,07,Wilshire,0747,2,354,THEFT OF IDENTITY,0930 0922,76,M,W,502,"MULTI-UNIT DWELLING (APARTMENT, DUPLEX, ETC)",,,IC,Invest Cont,354,,,,1000 S  HUDSON                       AV,,34.057,-118.3349
241812232,08/15/2024 12:00:00 AM,08/04/2024 12:00:00 AM,2240,18,Southeast,1829,2,354,THEFT OF IDENTITY,0922 0929 0930 0935 1822,38,F,H,502,"MULTI-UNIT DWELLING (APARTMENT, DUPLEX, ETC)",,,IC,Invest Cont,354,,,,2000 E  CENTURY                      BL,,33.9457,-118.2368
241808799,04/12/2024 12:00:00 AM,01/31/2024 12:00:00 AM,1840,18,Southeast,1821,2,354,THEFT OF IDENTITY,0100 1822,23,M,H,502,"MULTI-UNIT DWELLING (APARTMENT, DUPLEX, ETC)",,,IC,Invest Cont,354,,,,600 W  CENTURY                      BL,,33.9455,-118.2848
241414540,10/28/2024 12:00:00 AM,10/28/2024 12:00:00 AM,0835,14,Pacific,1487,2,740,"VANDALISM - FELONY ($400 & OVER, ALL CHURCH VANDALISMS)",0329 1300,65,M,H,122,"VEHICLE, PASSENGER/TRUCK",,,IC,Invest Cont,740,,,,8600 S  SEPULVEDA                    BL,,33.9598,-118.3962
241111585,10/21/2024 12:00:00 AM,10/09/2024 12:00:00 AM,1700,11,Northeast,1138,2,354,THEFT OF IDENTITY,0100 0922 0930,44,F,W,501,SINGLE FAMILY DWELLING,,,IC,Invest Cont,354,,,,5700    BALTIMORE                    ST,,34.1169,-118.1942
240408216,06/14/2024 12:00:00 AM,06/13/2024 12:00:00 AM,2300,04,Hollenbeck,0489,1,510,VEHICLE - STOLEN,,0,,,101,STREET,,,IC,Invest Cont,510,,,,1300 S  SOTO                         ST,,34.0263,-118.2197
241207577,03/02/2024 12:00:00 AM,03/02/2024 12:00:00 AM,0010,12,77th Street,1267,1,230,"ASSAULT WITH DEADLY WEAPON, AGGRAVATED ASSAULT",1822 2033 0302,0,F,X,101,STREET,106,UNKNOWN FIREARM,IC,Invest Cont,230,,,,VERMONT                      AV,MANCHESTER                   AV,33.96,-118.2916
242108106,04/17/2024 12:00:00 AM,04/17/2024 12:00:00 AM,0615,21,Topanga,2111,1,331,THEFT FROM MOTOR VEHICLE - GRAND ($950.01 AND OVER),0385,30,F,O,104,DRIVEWAY,,,IC,Invest Cont,331,,,,23000    STRATHERN                    ST,,34.2148,-118.6278
241415274,11/22/2024 12:00:00 AM,11/22/2024 12:00:00 AM,0130,14,Pacific,1494,2,888,TRESPASSING,,0,X,X,212,TRANSPORTATION FACILITY (AIRPORT),,,IC,Invest Cont,888,,,,200    WORLD                        WY,,33.9455,-118.4003
241300629,04/25/2024 12:00:00 AM,04/25/2024 12:00:00 AM,0110,13,Newton,1377,2,623,BATTERY POLICE (SIMPLE),1212 0416,0,M,W,101,STREET,400,"STRONG-ARM (HANDS, FIST, FEET OR BODILY FORCE)",AA,Adult Arrest,623,,,,54TH                         ST,STAUNTON                     AV,33.9938,-118.2418
241905191,02/01/2024 12:00:00 AM,02/01/2024 12:00:00 AM,0230,19,Mission,1985,2,626,INTIMATE PARTNER - SIMPLE ASSAULT,2000 0913 0401 1814,28,F,H,502,"MULTI-UNIT DWELLING (APARTMENT, DUPLEX, ETC)",400,"STRONG-ARM (HANDS, FIST, FEET OR BODILY FORCE)",AO,Adult Other,626,,,,8800    TOBIAS                       AV,,34.2299,-118.4517
240115011,07/19/2024 12:00:00 AM,07/16/2024 12:00:00 AM,1800,01,Central,0111,1,442,SHOPLIFTING - PETTY THEFT ($950 & UNDER),0325 0344,0,X,X,203,OTHER BUSINESS,,,IC,Invest Cont,442,,,,700 N  FIGUEROA                     ST,,34.0635,-118.2458
240911322,09/05/2024 12:00:00 AM,08/23/2024 12:00:00 AM,1552,09,Van Nuys,0923,2,850,INDECENT EXPOSURE,1501 0528,16,F,H,721,HIGH SCHOOL,,,IC,Invest Cont,850,,,,6500    CEDROS                       AV,,34.1887,-118.4531
241610105,09/01/2024 12:00:00 AM,08/31/2024 12:00:00 AM,1315,16,Foothill,1621,1,420,THEFT FROM MOTOR VEHICLE - PETTY ($950 & UNDER),,0,,,101,STREET,,,IC,Invest Cont,420,,,,10400    LAUREL CANYON                BL,,34.2588,-118.4321
240905287,02/05/2024 12:00:00 AM,02/05/2024 12:00:00 AM,1938,09,Van Nuys,0963,1,310,BURGLARY,1822 0314 0213 0206 0382 1609,47,F,W,501,SINGLE FAMILY DWELLING,,,IC,Invest Cont,310,,,,5100    NOBLE                        AV,,34.163,-118.4618
240304831,01/16/2024 12:00:00 AM,01/16/2024 12:00:00 AM,1430,03,Southwest,0363,1,510,VEHICLE - STOLEN,,0,,,108,PARKING LOT,,,IC,Invest Cont,510,,,,4000    MARLTON                      AV,,34.0123,-118.3378
241811895,08/02/2024 12:00:00 AM,08/02/2024 12:00:00 AM,0720,18,Southeast,1891,1,510,VEHICLE - STOLEN,,0,,,104,DRIVEWAY,,,AO,Adult Other,510,,,,700 W  167TH                        ST,,33.8799,-118.2869
241206333,02/08/2024 12:00:00 AM,02/07/2024 12:00:00 AM,2000,12,77th Street,1239,1,331,THEFT FROM MOTOR VEHICLE - GRAND ($950.01 AND OVER),0344,48,F,H,101,STREET,,,IC,Invest Cont,331,,,,1100 W  60TH                         PL,,33.985,-118.2937
240513161,12/09/2024 12:00:00 AM,12/08/2024 12:00:00 AM,1500,05,Harbor,0513,1,510,VEHICLE - STOLEN,,0,,,101,STREET,,,IC,Invest Cont,510,,,,25400    FRAMPTON                     AV,,33.7938,-118.2999
241514494,10/05/2024 12:00:00 AM,10/03/2024 12:00:00 AM,1616,15,N Hollywood,1525,1,442,SHOPLIFTING - PETTY THEFT ($950 & UNDER),0344,0,M,O,405,CLOTHING STORE,,,IC,Invest Cont,442,,,,6100    LAUREL CANYON                BL,,34.1814,-118.3965
241505101,01/23/2024 12:00:00 AM,01/21/2024 12:00:00 AM,2330,15,N Hollywood,1525,1,420,THEFT FROM MOTOR VEHICLE - PETTY ($950 & UNDER),,0,,,101,STREET,,,IC,Invest Cont,420,,,,6100    RADFORD                      AV,,34.1812,-118.3921
241404910,01/19/2024 12:00:00 AM,01/19/2024 12:00:00 AM,1235,14,Pacific,1483,1,761,BRANDISH WEAPON,0334,59,F,O,502,"MULTI-UNIT DWELLING (APARTMENT, DUPLEX, ETC)",207,OTHER KNIFE,IC,Invest Cont,761,,,,8600    GULANA                       AV,,33.9589,-118.4346
241309619,05/22/2024 12:00:00 AM,05/20/2024 12:00:00 AM,2300,13,Newton,1361,2,740,"VANDALISM - FELONY ($400 & OVER, ALL CHURCH VANDALISMS)",0329 1307,45,F,H,122,"VEHICLE, PASSENGER/TRUCK",,,IC,Invest Cont,740,,,,100 W  47TH                         ST,,34.001,-118.274
241107286,04/07/2024 12:00:00 AM,04/06/2024 12:00:00 AM,2100,11,Northeast,1136,1,510,VEHICLE - STOLEN,,0,,,101,STREET,,,IC,Invest Cont,510,,,,4200    EAGLE ROCK                   BL,,34.1218,-118.2251
241306976,03/01/2024 12:00:00 AM,01/05/2024 12:00:00 AM,1000,13,Newton,1383,2,860,BATTERY WITH SEXUAL CONTACT,0913 0448 0522 1802,20,M,H,203,OTHER BUSINESS,400,"STRONG-ARM (HANDS, FIST, FEET OR BODILY FORCE)",IC,Invest Cont,860,,,,5800 S  BROADWAY,,33.9827,-118.2783
241815016,11/30/2024 12:00:00 AM,11/30/2024 12:00:00 AM,0200,18,Southeast,1805,1,510,VEHICLE - STOLEN,,0,,,101,STREET,,,IC,Invest Cont,510,,,,300 E  91ST                         ST,,33.9538,-118.2695
241708890,04/29/2024 12:00:00 AM,04/29/2024 12:00:00 AM,0200,17,Devonshire,1777,1,331,THEFT FROM MOTOR VEHICLE - GRAND ($950.01 AND OVER),0385 1602 0344 0329,23,M,W,101,STREET,,,IC,Invest Cont,331,,,,9700    ODESSA                       AV,,34.2466,-118.4916
240120950,11/06/2024 12:00:00 AM,10/27/2024 12:00:00 AM,1040,01,Central,0182,1,330,BURGLARY FROM VEHICLE,0329 1307 0344 1609,54,M,W,108,PARKING LOT,,,IC,Invest Cont,330,,,,1100 S  GRAND                        AV,,34.0415,-118.262
242109993,06/28/2024 12:00:00 AM,06/27/2024 12:00:00 AM,1550,21,Topanga,2187,2,745,VANDALISM - MISDEAMEANOR ($399 OR UNDER),0329 1420,24,F,H,101,STREET,,,AO,Adult Other,745,,,,21800    VENTURA                      BL,,34.1684,-118.6021
240713281,12/16/2024 12:00:00 AM,12/01/2024 12:00:00 AM,1010,07,Wilshire,0765,1,440,THEFT PLAIN - PETTY ($950 & UNDER),0344 0377,23,X,X,203,OTHER BUSINESS,,,IC,Invest Cont,440,,,,1500 S  LA BREA                      AV,,34.0465,-118.3452
240309648,04/23/2024 12:00:00 AM,04/23/2024 12:00:00 AM,1950,03,Southwest,0358,2,624,BATTERY - SIMPLE ASSAULT,1822 0416 0446 1202 1266 2024,66,M,B,722,COLLEGE/JUNIOR COLLEGE/UNIVERSITY,400,"STRONG-ARM (HANDS, FIST, FEET OR BODILY FORCE)",IC,Invest Cont,624,,,,3500    WATT                         WY,,34.0223,-118.2865
241909232,05/31/2024 12:00:00 AM,05/30/2024 12:00:00 AM,2000,19,Mission,1956,1,330,BURGLARY FROM VEHICLE,0344,41,M,H,101,STREET,,,IC,Invest Cont,330,,,,14800    TUBA                         ST,,34.2563,-118.4543
241010250,07/30/2024 12:00:00 AM,07/21/2024 12:00:00 AM,0910,10,West Valley,1078,1,331,THEFT FROM MOTOR VEHICLE - GRAND ($950.01 AND OVER),1822 0344,57,M,W,121,YARD (RESIDENTIAL/BUSINESS),,,IC,Invest Cont,331,,,,5100    RUBIO                        AV,,34.1633,-118.4945
241514761,10/12/2024 12:00:00 AM,10/09/2024 12:00:00 AM,1730,15,N Hollywood,1585,1,352,PICKPOCKET,1822 1236 0325 2032 0344,57,F,W,404,DEPARTMENT STORE,,,IC,Invest Cont,352,,,,11200    VENTURA                      BL,,34.143,-118.3727
240111105,05/06/2024 12:00:00 AM,05/03/2024 12:00:00 AM,2323,01,Central,0185,1,510,VEHICLE - STOLEN,,0,,,108,PARKING LOT,,,AA,Adult Arrest,510,,,,1000 S  BROADWAY,,34.0409,-118.2574
241511595,06/24/2024 12:00:00 AM,06/24/2024 12:00:00 AM,2015,15,N Hollywood,1527,1,442,SHOPLIFTING - PETTY THEFT ($950 & UNDER),0344 1822 0325 0352,0,X,X,404,DEPARTMENT STORE,,,IC,Invest Cont,442,,,,11000    VICTORY                      BL,,34.1867,-118.3703
241809785,05/05/2024 12:00:00 AM,05/04/2024 12:00:00 AM,1500,18,Southeast,1862,2,664,"BUNCO, PETTY THEFT",1822 0701 0344,54,F,B,501,SINGLE FAMILY DWELLING,,,IC,Invest Cont,664,,,,11800 S  FIGUEROA                     ST,,33.9261,-118.2826
241705506,02/06/2024 12:00:00 AM,02/05/2024 12:00:00 AM,0900,17,Devonshire,1718,1,420,THEFT FROM MOTOR VEHICLE - PETTY ($950 & UNDER),,0,,,101,STREET,,,IC,Invest Cont,420,,,,15800    RINALDI                      ST,,34.2791,-118.4759
240311784,06/27/2024 12:00:00 AM,04/30/2024 12:00:00 AM,1935,03,Southwest,0392,2,354,THEFT OF IDENTITY,0100 0928 1822,32,F,O,501,SINGLE FAMILY DWELLING,,,IC,Invest Cont,354,,,,4800    8TH                          AV,,34,-118.3258
241312893,09/09/2024 12:00:00 AM,09/09/2024 12:00:00 AM,0615,13,Newton,1321,2,888,TRESPASSING,0910,0,X,X,942,MTA - EXPO LINE - LATTC/ORTHO INSTITUTE,,,IC,Invest Cont,888,,,,2400 S  FLOWER                       ST,,34.0293,-118.2736
241513311,08/31/2024 12:00:00 AM,08/31/2024 12:00:00 AM,1334,15,N Hollywood,1506,2,740,"VANDALISM - FELONY ($400 & OVER, ALL CHURCH VANDALISMS)",1300 0329,43,F,W,108,PARKING LOT,,,IC,Invest Cont,740,,,,7400    VINELAND                     AV,,34.2027,-118.3745
242006153,02/18/2024 12:00:00 AM,02/18/2024 12:00:00 AM,2115,20,Olympic,2069,2,626,INTIMATE PARTNER - SIMPLE ASSAULT,0913 2000 0400 0416 0408 1243 1813 1218,37,F,H,501,SINGLE FAMILY DWELLING,400,"STRONG-ARM (HANDS, FIST, FEET OR BODILY FORCE)",IC,Invest Cont,626,,,,BERENDO                      ST,UNKNOWN,34.0499,-118.2879
241610166,09/04/2024 12:00:00 AM,09/03/2024 12:00:00 AM,1800,16,Foothill,1613,2,740,"VANDALISM - FELONY ($400 & OVER, ALL CHURCH VANDALISMS)",0329 1300,19,M,H,122,"VEHICLE, PASSENGER/TRUCK",,,IC,Invest Cont,740,,,,12400    VAN NUYS                     BL,,34.2797,-118.4034
240505737,02/15/2024 12:00:00 AM,02/15/2024 12:00:00 AM,1645,05,Harbor,0521,1,510,VEHICLE - STOLEN,,0,,,108,PARKING LOT,,,IC,Invest Cont,510,,,,1700 N  GAFFEY                       ST,,33.7601,-118.2928
241512045,07/15/2024 12:00:00 AM,07/12/2024 12:00:00 AM,2128,15,N Hollywood,1585,2,354,THEFT OF IDENTITY,1822 0929 0930,28,F,O,502,"MULTI-UNIT DWELLING (APARTMENT, DUPLEX, ETC)",,,IC,Invest Cont,354,,,,10900    BLUFFSIDE                    DR,,34.1412,-118.3681
241407404,03/15/2024 12:00:00 AM,03/14/2024 12:00:00 AM,1930,14,Pacific,1452,1,510,VEHICLE - STOLEN,,0,,,101,STREET,,,IC,Invest Cont,510,,,,SPEEDWAY,WASHINGTON,33.9789,-118.4663
240706282,02/24/2024 12:00:00 AM,02/23/2024 12:00:00 AM,2200,07,Wilshire,0765,1,310,BURGLARY,0314 0344 0358 1822,82,F,H,502,"MULTI-UNIT DWELLING (APARTMENT, DUPLEX, ETC)",,,IC,Invest Cont,310,,,,1400 S  MANSFIELD                    AV,,34.0478,-118.3459
240411287,11/06/2024 12:00:00 AM,10/29/2024 12:00:00 AM,0210,04,Hollenbeck,0442,1,442,SHOPLIFTING - PETTY THEFT ($950 & UNDER),0344 0325,30,F,H,301,GAS STATION,,,IC,Invest Cont,442,,,,1800    MARENGO                      ST,,34.0586,-118.2119
240107063,02/13/2024 12:00:00 AM,02/12/2024 12:00:00 AM,1245,01,Central,0195,1,510,VEHICLE - STOLEN,,0,,,101,STREET,,,AO,Adult Other,510,,,,1700    SANTEE                       ST,,34.0305,-118.262
241106255,02/29/2024 12:00:00 AM,02/26/2024 12:00:00 AM,1700,11,Northeast,1171,1,420,THEFT FROM MOTOR VEHICLE - PETTY ($950 & UNDER),,0,,,101,STREET,,,IC,Invest Cont,420,,,,1600    WESTERLY                     TR,,34.0917,-118.2741
241704790,01/19/2024 12:00:00 AM,01/15/2024 12:00:00 AM,2045,17,Devonshire,1764,1,330,BURGLARY FROM VEHICLE,0344 1609,43,F,W,108,PARKING LOT,,,IC,Invest Cont,330,,,,9300    TAMPA                        AV,,34.244,-118.5583
240108624,03/06/2024 12:00:00 AM,03/06/2024 12:00:00 AM,1015,01,Central,0166,1,510,VEHICLE - STOLEN,,0,,,101,STREET,,,AA,Adult Arrest,510,,,,600 S  SAN PEDRO                    ST,,34.0421,-118.2469
240709960,07/08/2024 12:00:00 AM,07/07/2024 12:00:00 AM,2030,07,Wilshire,0734,1,510,VEHICLE - STOLEN,,0,,,101,STREET,,,IC,Invest Cont,510,,,,300 S  BURNSIDE                     AV,,34.0707,-118.3552
240708604,05/04/2024 12:00:00 AM,05/04/2024 12:00:00 AM,1132,07,Wilshire,0722,1,442,SHOPLIFTING - PETTY THEFT ($950 & UNDER),0344 0325 1822 0104,0,X,X,203,OTHER BUSINESS,,,IC,Invest Cont,442,,,,8400    BEVERLY                      BL,,34.0761,-118.3732
240908744,05/04/2024 12:00:00 AM,05/04/2024 12:00:00 AM,1400,09,Van Nuys,0926,2,740,"VANDALISM - FELONY ($400 & OVER, ALL CHURCH VANDALISMS)",0329 2004,44,M,O,502,"MULTI-UNIT DWELLING (APARTMENT, DUPLEX, ETC)",,,AA,Adult Arrest,740,,,,14300    HAYNES                       ST,,34.1897,-118.4443
240911848,09/26/2024 12:00:00 AM,09/26/2024 12:00:00 AM,1000,09,Van Nuys,0914,1,510,VEHICLE - STOLEN,,0,,,108,PARKING LOT,,,IC,Invest Cont,510,,,,7000 N  SEPULVEDA                    BL,,34.1975,-118.4662
241815075,12/02/2024 12:00:00 AM,12/02/2024 12:00:00 AM,0634,18,Southeast,1842,2,354,THEFT OF IDENTITY,1822 0922,33,F,B,502,"MULTI-UNIT DWELLING (APARTMENT, DUPLEX, ETC)",,,IC,Invest Cont,354,,,,200 W  111TH                        PL,,33.9339,-118.2763
241412792,09/05/2024 12:00:00 AM,09/04/2024 12:00:00 AM,1715,14,Pacific,1409,1,510,VEHICLE - STOLEN,,0,,,101,STREET,,,IC,Invest Cont,510,,,,3700    WATSEKA                      AV,,34.0267,-118.3986
240610081,06/23/2024 12:00:00 AM,06/21/2024 12:00:00 AM,2220,06,Hollywood,0636,1,352,PICKPOCKET,1501 1822 0344,21,F,O,735,NIGHT CLUB (OPEN EVENINGS ONLY),,,IC,Invest Cont,352,,,,1700    VINE                         ST,,34.1034,-118.3325
241211344,05/06/2024 12:00:00 AM,05/06/2024 12:00:00 AM,0955,12,77th Street,1243,2,626,INTIMATE PARTNER - SIMPLE ASSAULT,2000 1814 0416,40,M,H,101,STREET,400,"STRONG-ARM (HANDS, FIST, FEET OR BODILY FORCE)",AA,Adult Arrest,626,,,,FLORENCE                     AV,WESTERN                      AV,33.9746,-118.309
240704726,01/14/2024 12:00:00 AM,01/13/2024 12:00:00 AM,1524,07,Wilshire,0722,1,442,SHOPLIFTING - PETTY THEFT ($950 & UNDER),0325 1822,0,X,X,417,THE BEVERLY CONNECTION,,,IC,Invest Cont,442,,,,8400    BEVERLY                      BL,,34.0761,-118.3732
241904698,01/19/2024 12:00:00 AM,01/17/2024 12:00:00 AM,2200,19,Mission,1958,1,420,THEFT FROM MOTOR VEHICLE - PETTY ($950 & UNDER),,0,,,101,STREET,,,IC,Invest Cont,420,,,,14200    PINNEY                       ST,,34.2526,-118.443
240709784,06/28/2024 12:00:00 AM,06/26/2024 12:00:00 AM,0800,07,Wilshire,0785,1,420,THEFT FROM MOTOR VEHICLE - PETTY ($950 & UNDER),,0,,,101,STREET,,,IC,Invest Cont,420,,,,23RD                         ST,WEST                         BL,34.0361,-118.3392
240105935,01/27/2024 12:00:00 AM,01/25/2024 12:00:00 AM,1335,01,Central,0192,1,480,BIKE - STOLEN,0397 0344,29,M,H,123,PARKING UNDERGROUND/BUILDING,,,IC,Invest Cont,480,,,,1300 S  FIGUEROA                     ST,,34.0406,-118.268
240406963,04/13/2024 12:00:00 AM,04/13/2024 12:00:00 AM,1225,04,Hollenbeck,0499,1,510,VEHICLE - STOLEN,,0,,,108,PARKING LOT,,,IC,Invest Cont,510,,,,3600 E  OLYMPIC                      BL,,34.0188,-118.2011
241304215,01/05/2024 12:00:00 AM,01/05/2024 12:00:00 AM,1040,13,Newton,1347,1,761,BRANDISH WEAPON,1822 0919 0334 1419 1407 1309,67,M,H,101,STREET,102,HAND GUN,AA,Adult Arrest,761,998,,,LONG BEACH                   AV,VERNON                       ST,34.0039,-118.2431
240204221,01/05/2024 12:00:00 AM,01/02/2024 12:00:00 AM,2339,02,Rampart,0216,2,740,"VANDALISM - FELONY ($400 & OVER, ALL CHURCH VANDALISMS)",0329 1501,30,F,H,411,PET STORE,,,IC,Invest Cont,740,,,,2100 W  SUNSET                       BL,,34.0776,-118.2635
240206623,02/21/2024 12:00:00 AM,02/15/2024 12:00:00 AM,2330,02,Rampart,0202,1,352,PICKPOCKET,0344 1822,24,F,H,735,NIGHT CLUB (OPEN EVENINGS ONLY),,,IC,Invest Cont,352,,,,1000 N  VERMONT                      AV,,34.0897,-118.2917
241208063,03/09/2024 12:00:00 AM,03/09/2024 12:00:00 AM,0255,12,77th Street,1267,2,624,BATTERY - SIMPLE ASSAULT,1822 0400 0342 0416 1309,38,F,B,301,GAS STATION,400,"STRONG-ARM (HANDS, FIST, FEET OR BODILY FORCE)",IC,Invest Cont,624,,,,8500 S  HOOVER                       ST,,33.9611,-118.2871
241609069,06/28/2024 12:00:00 AM,05/28/2024 12:00:00 AM,2300,16,Foothill,1681,1,510,VEHICLE - STOLEN,,0,,,108,PARKING LOT,,,IC,Invest Cont,510,,,,12400    ROSCOE                       BL,,34.2217,-118.4031
240605093,01/22/2024 12:00:00 AM,01/22/2024 12:00:00 AM,0053,06,Hollywood,0666,2,956,"LETTERS, LEWD  -  TELEPHONE CALLS, LEWD",1906,28,F,H,702,OFFICE BUILDING/OFFICE,,,IC,Invest Cont,956,,,,1300    VINE                         ST,,34.0944,-118.3266
241509297,04/19/2024 12:00:00 AM,03/26/2024 12:00:00 AM,0001,15,N Hollywood,1523,2,354,THEFT OF IDENTITY,0377,40,F,O,501,SINGLE FAMILY DWELLING,,,IC,Invest Cont,354,,,,6200    COLDWATER CANYON             AV,,34.183,-118.4138
240215900,10/13/2024 12:00:00 AM,10/13/2024 12:00:00 AM,2000,02,Rampart,0271,1,510,VEHICLE - STOLEN,,0,,,101,STREET,,,IC,Invest Cont,510,,,,OLYMPIC,LAKE,34.0522,-118.281
242011137,08/16/2024 12:00:00 AM,08/15/2024 12:00:00 AM,1428,20,Olympic,2019,1,341,"THEFT-GRAND ($950.01 & OVER)EXCPT,GUNS,FOWL,LIVESTK,PROD",0344 0352 1221 1822 2032,40,M,O,145,MAIL BOX,,,IC,Invest Cont,341,,,,3300 W  2ND                          ST,,34.0704,-118.2868
241904216,01/06/2024 12:00:00 AM,01/06/2024 12:00:00 AM,1759,19,Mission,1975,1,442,SHOPLIFTING - PETTY THEFT ($950 & UNDER),0325,0,X,X,213,WAREHOUSE,,,IC,Invest Cont,442,,,,9000    WOODMAN                      AV,,34.2342,-118.4436
240315207,10/09/2024 12:00:00 AM,10/07/2024 12:00:00 AM,1600,03,Southwest,0329,1,480,BIKE - STOLEN,1251 0344,20,F,A,501,SINGLE FAMILY DWELLING,,,IC,Invest Cont,480,,,,2700 S  FIGUEROA                     ST,,34.0271,-118.2767
241005454,02/08/2024 12:00:00 AM,02/06/2024 12:00:00 AM,1730,10,West Valley,1044,1,330,BURGLARY FROM VEHICLE,0344 1607 1822 0358 1300,38,F,H,101,STREET,,,AO,Adult Other,330,,,,18400    COLLINS                      ST,,34.1749,-118.5337
242105937,02/18/2024 12:00:00 AM,02/18/2024 12:00:00 AM,0020,21,Topanga,2173,2,624,BATTERY - SIMPLE ASSAULT,0444 0416,39,M,W,203,OTHER BUSINESS,400,"STRONG-ARM (HANDS, FIST, FEET OR BODILY FORCE)",IC,Invest Cont,624,,,,22900    VENTURA                      BL,,34.1651,-118.6262
240807856,04/17/2024 12:00:00 AM,04/17/2024 12:00:00 AM,0925,08,West LA,0852,1,442,SHOPLIFTING - PETTY THEFT ($950 & UNDER),1822 0325,0,X,X,203,OTHER BUSINESS,,,IC,Invest Cont,442,,,,11800    SANTA MONICA                 BL,,34.0428,-118.4582
241514125,09/25/2024 12:00:00 AM,09/25/2024 12:00:00 AM,0615,15,N Hollywood,1501,1,480,BIKE - STOLEN,1822 0397 0344,24,F,H,119,"PORCH, RESIDENTIAL",,,IC,Invest Cont,480,,,,8000    LONGRIDGE                    AV,,34.2162,-118.4217
242004044,01/02/2024 12:00:00 AM,01/01/2024 12:00:00 AM,2100,20,Olympic,2042,1,420,THEFT FROM MOTOR VEHICLE - PETTY ($950 & UNDER),,0,,,101,STREET,,,IC,Invest Cont,420,,,,800 S  GRAMERCY                     DR,,34.0559,-118.3122
241204889,01/15/2024 12:00:00 AM,01/13/2024 12:00:00 AM,0730,12,77th Street,1203,1,510,VEHICLE - STOLEN,,0,,,101,STREET,,,IC,Invest Cont,510,,,,1700 W  48TH                         ST,,34.0001,-118.3089
240212004,07/17/2024 12:00:00 AM,07/15/2024 12:00:00 AM,1500,02,Rampart,0257,1,330,BURGLARY FROM VEHICLE,1822 1300 1302 0385 0329 0344,59,F,B,108,PARKING LOT,,,IC,Invest Cont,330,,,,1200    INGRAHAM                     ST,,34.0523,-118.2653
241415521,11/27/2024 12:00:00 AM,11/15/2024 12:00:00 AM,1754,14,Pacific,1427,1,440,THEFT PLAIN - PETTY ($950 & UNDER),0344 1822 0394,25,M,O,502,"MULTI-UNIT DWELLING (APARTMENT, DUPLEX, ETC)",,,IC,Invest Cont,440,,,,3400 S  SEPULVEDA                    BL,,34.0212,-118.4238
241110528,09/08/2024 12:00:00 AM,08/10/2024 12:00:00 AM,2015,11,Northeast,1116,2,354,THEFT OF IDENTITY,0100,39,M,W,501,SINGLE FAMILY DWELLING,,,IC,Invest Cont,354,,,,5100    MIRIAM                       ST,,34.1148,-118.2039
241610252,09/08/2024 12:00:00 AM,09/07/2024 12:00:00 AM,1830,16,Foothill,1612,1,510,VEHICLE - STOLEN,,0,,,101,STREET,,,IC,Invest Cont,510,,,,11100    BRADLEY                      AV,,34.2719,-118.4214
241010939,09/09/2024 12:00:00 AM,09/09/2024 12:00:00 AM,0800,10,West Valley,1021,2,745,VANDALISM - MISDEAMEANOR ($399 OR UNDER),0329 1822 1300,32,F,H,122,"VEHICLE, PASSENGER/TRUCK",,,IC,Invest Cont,745,,,,6500    TAMPA                        AV,,34.1954,-118.5577
240205088,01/22/2024 12:00:00 AM,01/11/2024 12:00:00 AM,1200,02,Rampart,0245,2,354,THEFT OF IDENTITY,1822 0922 0930,22,F,B,502,"MULTI-UNIT DWELLING (APARTMENT, DUPLEX, ETC)",,,IC,Invest Cont,354,,,,300 S  ALVARADO                     ST,,34.061,-118.2775
240313013,08/09/2024 12:00:00 AM,08/08/2024 12:00:00 AM,1545,03,Southwest,0376,1,510,VEHICLE - STOLEN,,0,,,101,STREET,,,IC,Invest Cont,510,,,,GRAMERCY                     PL,MARTIN LUTHER KING JR        BL,34.0145,-118.3045
240305952,02/07/2024 12:00:00 AM,01/03/2024 12:00:00 AM,1048,03,Southwest,0334,1,440,THEFT PLAIN - PETTY ($950 & UNDER),0344 0394 1822,30,M,H,501,SINGLE FAMILY DWELLING,,,IC,Invest Cont,440,,,,4000 W  29TH                         ST,,34.0295,-118.3305
241809927,05/09/2024 12:00:00 AM,05/08/2024 12:00:00 AM,2100,18,Southeast,1881,1,420,THEFT FROM MOTOR VEHICLE - PETTY ($950 & UNDER),,0,,,101,STREET,,,IC,Invest Cont,420,,,,15400 S  ORCHARD                      AV,,33.8917,-118.2878
240713206,12/11/2024 12:00:00 AM,12/11/2024 12:00:00 AM,0859,07,Wilshire,0765,2,888,TRESPASSING,1501,49,F,W,501,SINGLE FAMILY DWELLING,,,AA,Adult Arrest,888,,,,1200 S  LONGWOOD                     AV,,34.0532,-118.3402
240808131,05/01/2024 12:00:00 AM,05/01/2024 12:00:00 AM,1620,08,West LA,0858,1,442,SHOPLIFTING - PETTY THEFT ($950 & UNDER),1822 0402 1420 0325,0,X,X,203,OTHER BUSINESS,,,IC,Invest Cont,442,,,,8800 W  PICO                         BL,,34.0548,-118.3837
241410963,07/03/2024 12:00:00 AM,07/02/2024 12:00:00 AM,1610,14,Pacific,1494,1,331,THEFT FROM MOTOR VEHICLE - GRAND ($950.01 AND OVER),1822 0358 0344 1300,56,M,O,212,TRANSPORTATION FACILITY (AIRPORT),500,UNKNOWN WEAPON/OTHER WEAPON,IC,Invest Cont,331,,,,5900    AVION                        DR,,33.9439,-118.3857
240912601,10/25/2024 12:00:00 AM,10/24/2024 12:00:00 AM,1438,09,Van Nuys,0904,1,442,SHOPLIFTING - PETTY THEFT ($950 & UNDER),0325 1501,20,M,H,405,CLOTHING STORE,,,IC,Invest Cont,442,,,,7900 N  SEPULVEDA                    BL,,34.2141,-118.4662
240707844,04/04/2024 12:00:00 AM,04/04/2024 12:00:00 AM,1800,07,Wilshire,0724,1,343,SHOPLIFTING-GRAND THEFT ($950.01 & OVER),0325 2004,0,X,X,203,OTHER BUSINESS,,,AA,Adult Arrest,343,,,,100    THE GROVE                    DR,,34.0736,-118.3563
240111304,05/11/2024 12:00:00 AM,05/10/2024 12:00:00 AM,2330,01,Central,0192,1,510,VEHICLE - STOLEN,,0,,,101,STREET,,,IC,Invest Cont,510,,,,1400 S  FIGUEROA                     ST,,34.0391,-118.269
240216163,10/20/2024 12:00:00 AM,10/20/2024 12:00:00 AM,0830,02,Rampart,0246,2,888,TRESPASSING,0910,0,X,X,904,MTA - RED LINE - WESTLAKE/MACARTHUR PARK,,,IC,Invest Cont,888,,,,600 S  ALVARADO                     ST,,34.0595,-118.2749
241108215,05/20/2024 12:00:00 AM,05/19/2024 12:00:00 AM,2000,11,Northeast,1162,1,510,VEHICLE - STOLEN,,0,,,101,STREET,,,IC,Invest Cont,510,,,,1100 N  MADISON                      AV,,34.0909,-118.2893
240910163,07/04/2024 12:00:00 AM,07/03/2024 12:00:00 AM,2100,09,Van Nuys,0935,2,740,"VANDALISM - FELONY ($400 & OVER, ALL CHURCH VANDALISMS)",0329 1822,0,X,X,122,"VEHICLE, PASSENGER/TRUCK",,,IC,Invest Cont,740,,,,14100    SYLVAN                       ST,,34.1847,-118.44
242006186,02/21/2024 12:00:00 AM,02/21/2024 12:00:00 AM,1825,20,Olympic,2026,2,930,CRIMINAL THREATS - NO WEAPON DISPLAYED,0913 0422 0421 0432 1309,21,M,H,501,SINGLE FAMILY DWELLING,511,VERBAL THREAT,IC,Invest Cont,930,,,,400 S  CATALINA                     ST,,34.0672,-118.2954
241506767,02/27/2024 12:00:00 AM,02/27/2024 12:00:00 AM,1430,15,N Hollywood,1539,1,230,"ASSAULT WITH DEADLY WEAPON, AGGRAVATED ASSAULT",0913 0416 0400 0447,15,F,H,101,STREET,400,"STRONG-ARM (HANDS, FIST, FEET OR BODILY FORCE)",IC,Invest Cont,230,,,,VINELAND,BURBANK,34.1722,-118.3703
240205887,02/05/2024 12:00:00 AM,02/04/2024 12:00:00 AM,2330,02,Rampart,0233,1,236,INTIMATE PARTNER - AGGRAVATED ASSAULT,2000 0913 1814 0444 2002,22,F,H,502,"MULTI-UNIT DWELLING (APARTMENT, DUPLEX, ETC)",200,KNIFE WITH BLADE 6INCHES OR LESS,AO,Adult Other,236,,,,200 S  LA FAYETTE PARK              PL,,34.0693,-118.2792
242013009,10/29/2024 12:00:00 AM,10/28/2024 12:00:00 AM,2130,20,Olympic,2056,1,331,THEFT FROM MOTOR VEHICLE - GRAND ($950.01 AND OVER),0344 0385 1202 1822,66,M,B,121,YARD (RESIDENTIAL/BUSINESS),,,IC,Invest Cont,331,,,,1000 S  CATALINA                     ST,,34.0527,-118.2947
241406166,02/17/2024 12:00:00 AM,02/17/2024 12:00:00 AM,1500,14,Pacific,1494,1,442,SHOPLIFTING - PETTY THEFT ($950 & UNDER),0325,0,X,X,212,TRANSPORTATION FACILITY (AIRPORT),,,IC,Invest Cont,442,,,,100    WORLD WAY,,33.9455,-118.4004
241313182,09/20/2024 12:00:00 AM,09/20/2024 12:00:00 AM,0935,13,Newton,1333,1,442,SHOPLIFTING - PETTY THEFT ($950 & UNDER),0325,0,M,W,405,CLOTHING STORE,,,IC,Invest Cont,442,,,,3200 S  CENTRAL                      AV,,34.0174,-118.2621
242105868,02/15/2024 12:00:00 AM,02/15/2024 12:00:00 AM,2100,21,Topanga,2143,2,624,BATTERY - SIMPLE ASSAULT,0416 0400,20,F,H,108,PARKING LOT,400,"STRONG-ARM (HANDS, FIST, FEET OR BODILY FORCE)",AO,Adult Other,624,,,,6700    FALLBROOK                    AV,,34.1883,-118.6274
241308842,04/29/2024 12:00:00 AM,04/28/2024 12:00:00 AM,0910,13,Newton,1353,1,420,THEFT FROM MOTOR VEHICLE - PETTY ($950 & UNDER),,0,,,101,STREET,,,IC,Invest Cont,420,,,,4300    MCKINLEY                     AV,,34.0057,-118.2609
240408349,06/22/2024 12:00:00 AM,06/22/2024 12:00:00 AM,0200,04,Hollenbeck,0439,1,510,VEHICLE - STOLEN,,0,,,108,PARKING LOT,,,IC,Invest Cont,510,,,,5500    VALLEY                       BL,,34.0739,-118.1632
240905159,02/02/2024 12:00:00 AM,02/02/2024 12:00:00 AM,1030,09,Van Nuys,0906,1,510,VEHICLE - STOLEN,,0,,,108,PARKING LOT,,,IC,Invest Cont,510,,,,14400    SHERMAN                      WY,,34.206,-118.4445
240215627,10/07/2024 12:00:00 AM,10/06/2024 12:00:00 AM,0920,02,Rampart,0256,1,510,VEHICLE - STOLEN,,0,,,101,STREET,,,IC,Invest Cont,510,,,,6TH,UNION,34.0573,-118.2699
242008287,04/04/2024 12:00:00 AM,04/04/2024 12:00:00 AM,0830,20,Olympic,2013,2,745,VANDALISM - MISDEAMEANOR ($399 OR UNDER),0913 0361 0329,32,M,K,502,"MULTI-UNIT DWELLING (APARTMENT, DUPLEX, ETC)",400,"STRONG-ARM (HANDS, FIST, FEET OR BODILY FORCE)",IC,Invest Cont,745,,,,100 N  OXFORD                       AV,,34.0737,-118.3079
241406563,02/25/2024 12:00:00 AM,02/25/2024 12:00:00 AM,0900,14,Pacific,1494,2,624,BATTERY - SIMPLE ASSAULT,1820 0400,21,M,H,212,TRANSPORTATION FACILITY (AIRPORT),500,UNKNOWN WEAPON/OTHER WEAPON,IC,Invest Cont,624,,,,6000 W  IMPERIAL                     HY,,33.9319,-118.4062
240505248,02/01/2024 12:00:00 AM,02/01/2024 12:00:00 AM,2002,05,Harbor,0557,1,442,SHOPLIFTING - PETTY THEFT ($950 & UNDER),0325 0342 0216,0,X,X,404,DEPARTMENT STORE,,,IC,Invest Cont,442,,,,500 S  GAFFEY                       ST,,33.7397,-118.2923
240607431,03/17/2024 12:00:00 AM,03/17/2024 12:00:00 AM,1800,06,Hollywood,0669,2,626,INTIMATE PARTNER - SIMPLE ASSAULT,1813 0444 1241 2000 0913 1501,27,M,H,502,"MULTI-UNIT DWELLING (APARTMENT, DUPLEX, ETC)",400,"STRONG-ARM (HANDS, FIST, FEET OR BODILY FORCE)",AO,Adult Other,626,,,,1100 N  KINGSLEY                     DR,,34.0908,-118.3025
241904814,01/21/2024 12:00:00 AM,01/21/2024 12:00:00 AM,0930,19,Mission,1981,2,888,TRESPASSING,,0,X,X,505,MOTEL,,,AO,Adult Other,888,,,,8500 N  SEPULVEDA                    BL,,34.2267,-118.4704
241108028,05/10/2024 12:00:00 AM,05/08/2024 12:00:00 AM,2022,11,Northeast,1145,1,343,SHOPLIFTING-GRAND THEFT ($950.01 & OVER),0325,0,X,X,403,DRUG STORE,,,IC,Invest Cont,343,,,,2500    GLENDALE                     BL,,34.1025,-118.2592
241806862,03/01/2024 12:00:00 AM,03/01/2024 12:00:00 AM,1220,18,Southeast,1823,2,624,BATTERY - SIMPLE ASSAULT,2021 0416 0913 0361,32,F,B,121,YARD (RESIDENTIAL/BUSINESS),400,"STRONG-ARM (HANDS, FIST, FEET OR BODILY FORCE)",IC,Invest Cont,624,,,,9700 S  SAN PEDRO                    ST,,33.9483,-118.2695
241208336,03/14/2024 12:00:00 AM,01/30/2024 12:00:00 AM,1800,12,77th Street,1266,2,668,"EMBEZZLEMENT, GRAND THEFT ($950.01 & OVER)",0344,0,X,X,203,OTHER BUSINESS,,,AO,Adult Other,668,,,,8100 S  VERMONT                      AV,,33.9655,-118.2915
240107956,02/26/2024 12:00:00 AM,02/26/2024 12:00:00 AM,1140,01,Central,0195,1,510,VEHICLE - STOLEN,,0,,,101,STREET,,,IC,Invest Cont,510,,,,1500 S  BROADWAY,,34.0349,-118.263
240104956,01/14/2024 12:00:00 AM,01/14/2024 12:00:00 AM,0400,01,Central,0145,2,946,OTHER MISCELLANEOUS CRIME,1501,0,X,X,501,SINGLE FAMILY DWELLING,,,IC,Invest Cont,946,,,,400 S  MAIN                         ST,,34.0481,-118.2472
240104791,01/12/2024 12:00:00 AM,01/10/2024 12:00:00 AM,2230,01,Central,0166,2,946,OTHER MISCELLANEOUS CRIME,1310,63,M,B,102,SIDEWALK,,,IC,Invest Cont,946,,,,600    WALL                         ST,,34.0435,-118.2471
242005003,01/23/2024 12:00:00 AM,01/23/2024 12:00:00 AM,2100,20,Olympic,2097,1,230,"ASSAULT WITH DEADLY WEAPON, AGGRAVATED ASSAULT",0913 1810 0400 0416 0446,43,M,H,502,"MULTI-UNIT DWELLING (APARTMENT, DUPLEX, ETC)",400,"STRONG-ARM (HANDS, FIST, FEET OR BODILY FORCE)",IC,Invest Cont,230,,,,1900 S  MARIPOSA                     AV,,34.04,-118.2984
242106696,03/09/2024 12:00:00 AM,03/09/2024 12:00:00 AM,0630,21,Topanga,2144,2,626,INTIMATE PARTNER - SIMPLE ASSAULT,2000 0416,30,M,W,501,SINGLE FAMILY DWELLING,400,"STRONG-ARM (HANDS, FIST, FEET OR BODILY FORCE)",IC,Invest Cont,626,,,,6600    KENTLAND                     AV,,34.1905,-118.6176
241205297,01/19/2024 12:00:00 AM,01/19/2024 12:00:00 AM,1800,12,77th Street,1241,1,230,"ASSAULT WITH DEADLY WEAPON, AGGRAVATED ASSAULT",0416 0562 0448 0913 0602,53,F,B,502,"MULTI-UNIT DWELLING (APARTMENT, DUPLEX, ETC)",312,PIPE/METAL PIPE,AO,Adult Other,230,,,,6300    CRENSHAW                     BL,,33.9829,-118.3309
241411668,07/28/2024 12:00:00 AM,07/28/2024 12:00:00 AM,1345,14,Pacific,1494,1,440,THEFT PLAIN - PETTY ($950 & UNDER),1822 0344,0,M,W,102,SIDEWALK,500,UNKNOWN WEAPON/OTHER WEAPON,IC,Invest Cont,440,,,,300    WORLD                        WY,,33.9455,-118.4001
240705809,02/11/2024 12:00:00 AM,02/10/2024 12:00:00 AM,1400,07,Wilshire,0711,1,440,THEFT PLAIN - PETTY ($950 & UNDER),0344,19,M,W,210,RESTAURANT/FAST FOOD,,,IC,Invest Cont,440,,,,400 N  FAIRFAX                      AV,,34.0782,-118.3695
240316187,11/13/2024 12:00:00 AM,11/12/2024 12:00:00 AM,2000,03,Southwest,0397,1,510,VEHICLE - STOLEN,,0,,,101,STREET,,,IC,Invest Cont,510,,,,4100    BRIGHTON                     AV,,34.0091,-118.3013
242004719,01/03/2024 12:00:00 AM,01/01/2024 12:00:00 AM,0625,20,Olympic,2058,2,354,THEFT OF IDENTITY,0100 1822 0929 0930,31,F,H,502,"MULTI-UNIT DWELLING (APARTMENT, DUPLEX, ETC)",,,IC,Invest Cont,354,,,,900 S  HOOVER                       ST,,34.0537,-118.2878
241310214,06/11/2024 12:00:00 AM,06/09/2024 12:00:00 AM,2100,13,Newton,1327,1,510,VEHICLE - STOLEN,,0,,,101,STREET,,,IC,Invest Cont,510,,,,1600 E  22ND                         ST,,34.0175,-118.2455
241505267,01/25/2024 12:00:00 AM,01/24/2024 12:00:00 AM,1530,15,N Hollywood,1525,1,420,THEFT FROM MOTOR VEHICLE - PETTY ($950 & UNDER),,0,,,101,STREET,,,IC,Invest Cont,420,,,,6400    BEN                          AV,,34.1867,-118.3943
240311870,06/25/2024 12:00:00 AM,06/25/2024 12:00:00 AM,1210,03,Southwest,0321,2,888,TRESPASSING,0910 1501,23,X,X,950,MTA - EXPO LINE - LA CIENEGA/JEFFERSON,,,IC,Invest Cont,888,,,,5600 W  JEFFERSON                    BL,,34.0258,-118.3668
240121616,11/24/2024 12:00:00 AM,11/24/2024 12:00:00 AM,0001,01,Central,0174,1,510,VEHICLE - STOLEN,,0,,,108,PARKING LOT,,,IC,Invest Cont,510,,,,800 S  MAIN                         ST,,34.0428,-118.2532
241413748,09/30/2024 12:00:00 AM,09/28/2024 12:00:00 AM,2005,14,Pacific,1463,2,745,VANDALISM - MISDEAMEANOR ($399 OR UNDER),0329,0,X,X,723,PRIVATE SCHOOL/PRESCHOOL,,,IC,Invest Cont,745,,,,5400    BEETHOVEN                    ST,,33.9781,-118.4222
241007326,04/02/2024 12:00:00 AM,04/02/2024 12:00:00 AM,0930,10,West Valley,1018,2,740,"VANDALISM - FELONY ($400 & OVER, ALL CHURCH VANDALISMS)",1822 0329 1414 1202,65,M,O,203,OTHER BUSINESS,,,IC,Invest Cont,740,,,,16100    SATICOY                      ST,,34.2085,-118.4837
242108272,04/21/2024 12:00:00 AM,04/21/2024 12:00:00 AM,0010,21,Topanga,2134,1,330,BURGLARY FROM VEHICLE,0344 1607 0386,29,M,H,101,STREET,,,IC,Invest Cont,330,,,,WYANDOTTE,FARRALONE,34.2028,-118.6103
240506456,03/04/2024 12:00:00 AM,03/04/2024 12:00:00 AM,0605,05,Harbor,0564,2,647,THROWING OBJECT AT MOVING VEHICLE,0329 1310 2004 1822 0447,31,F,H,101,STREET,306,ROCK/THROWN OBJECT,IC,Invest Cont,647,,,,HARBOR                       BL,3RD                          ST,33.7415,-118.2797
241811770,07/30/2024 12:00:00 AM,03/05/2024 12:00:00 AM,0735,18,Southeast,1837,2,354,THEFT OF IDENTITY,0922 1822 0930 1202,68,F,H,501,SINGLE FAMILY DWELLING,,,IC,Invest Cont,354,,,,1700 E  106TH                        ST,,33.9399,-118.2422
241813955,10/18/2024 12:00:00 AM,10/17/2024 12:00:00 AM,2130,18,Southeast,1835,1,510,VEHICLE - STOLEN,,0,,,101,STREET,,,IC,Invest Cont,510,,,,10500    PARMELEE                     AV,,33.941,-118.2506
240412003,12/09/2024 12:00:00 AM,12/08/2024 12:00:00 AM,1949,04,Hollenbeck,0469,1,442,SHOPLIFTING - PETTY THEFT ($950 & UNDER),0325,0,X,X,203,OTHER BUSINESS,,,IC,Invest Cont,442,,,,3400 E  4TH                          ST,,34.034,-118.1969
241504181,01/03/2024 12:00:00 AM,01/02/2024 12:00:00 AM,2100,15,N Hollywood,1502,1,510,VEHICLE - STOLEN,,0,,,101,STREET,,,IC,Invest Cont,510,,,,7700    TEESDALE                     AV,,34.2106,-118.4097
240707082,03/12/2024 12:00:00 AM,03/06/2024 12:00:00 AM,1930,07,Wilshire,0765,1,442,SHOPLIFTING - PETTY THEFT ($950 & UNDER),0325,0,X,X,406,OTHER STORE,,,IC,Invest Cont,442,,,,1300 S  LA BREA                      AV,,34.0501,-118.3442
242111734,09/16/2024 12:00:00 AM,09/15/2024 12:00:00 AM,2310,21,Topanga,2157,1,330,BURGLARY FROM VEHICLE,0344 0386,31,M,H,108,PARKING LOT,,,IC,Invest Cont,330,,,,6700    DE SOTO                      AV,,34.1923,-118.5884
241709665,05/19/2024 12:00:00 AM,01/24/2024 12:00:00 AM,1955,17,Devonshire,1743,1,330,BURGLARY FROM VEHICLE,1607 0344,23,F,W,108,PARKING LOT,,,IC,Invest Cont,330,,,,18600    DEVONSHIRE                   ST,,34.2609,-118.5346
241111057,09/30/2024 12:00:00 AM,09/27/2024 12:00:00 AM,2000,11,Northeast,1151,1,510,VEHICLE - STOLEN,,0,,,101,STREET,,,IC,Invest Cont,510,,,,1300 N  NEW HAMPSHIRE                AV,,34.0955,-118.2929
240311583,06/22/2024 12:00:00 AM,06/21/2024 12:00:00 AM,2230,03,Southwest,0392,1,510,VEHICLE - STOLEN,,0,,,101,STREET,,,IC,Invest Cont,510,,,,4900    ARLINGTON                    AV,,33.9987,-118.3182
241006171,02/29/2024 12:00:00 AM,02/29/2024 12:00:00 AM,1540,10,West Valley,1001,2,624,BATTERY - SIMPLE ASSAULT,0416 0400 1259 0446 0906 0374 0371 2024 1309,15,M,H,101,STREET,400,"STRONG-ARM (HANDS, FIST, FEET OR BODILY FORCE)",IC,Invest Cont,624,,,,SATICOY                      ST,VANALDEN                     AV,34.2084,-118.5492
240112547,06/09/2024 12:00:00 AM,06/08/2024 12:00:00 AM,0800,01,Central,0138,1,440,THEFT PLAIN - PETTY ($950 & UNDER),0344,21,M,H,401,MINI-MART,,,IC,Invest Cont,440,,,,300 E  4TH                          ST,,34.0468,-118.2415
240106999,02/12/2024 12:00:00 AM,02/12/2024 12:00:00 AM,0130,01,Central,0171,2,888,TRESPASSING,1501,0,X,X,503,HOTEL,,,IC,Invest Cont,888,,,,900 W  OLYMPIC                      BL,,34.0454,-118.2658
240205649,01/29/2024 12:00:00 AM,01/28/2024 12:00:00 AM,1145,02,Rampart,0219,1,330,BURGLARY FROM VEHICLE,1822 0344 1307 0329,43,F,H,101,STREET,500,UNKNOWN WEAPON/OTHER WEAPON,IC,Invest Cont,330,,,,1200 W  TEMPLE                       ST,,34.0677,-118.252
240612431,10/06/2024 12:00:00 AM,10/05/2024 12:00:00 AM,2300,06,Hollywood,0646,1,330,BURGLARY FROM VEHICLE,1501 1822 0344 1300,26,F,H,101,STREET,,,IC,Invest Cont,330,,,,1500    MORNINGSIDE                  CT,,34.098,-118.3278
240608655,04/22/2024 12:00:00 AM,01/11/2024 12:00:00 AM,0115,06,Hollywood,0645,2,354,THEFT OF IDENTITY,1501,28,F,W,502,"MULTI-UNIT DWELLING (APARTMENT, DUPLEX, ETC)",,,IC,Invest Cont,354,,,,1700 N  ORANGE                       DR,,34.1015,-118.3417
241413439,09/23/2024 12:00:00 AM,09/23/2024 12:00:00 AM,0600,14,Pacific,1407,2,354,THEFT OF IDENTITY,0377 1822 0929 1300,26,M,H,502,"MULTI-UNIT DWELLING (APARTMENT, DUPLEX, ETC)",,,IC,Invest Cont,354,,,,3700    CLARINGTON                   AV,,34.0248,-118.4021
240110027,04/07/2024 12:00:00 AM,04/06/2024 12:00:00 AM,2200,01,Central,0162,1,510,VEHICLE - STOLEN,,0,,,101,STREET,,,IC,Invest Cont,510,,,,700 S  GRAND                        AV,,34.0473,-118.2566
240216731,11/05/2024 12:00:00 AM,11/04/2024 12:00:00 AM,2000,02,Rampart,0236,1,510,VEHICLE - STOLEN,,0,,,101,STREET,,,IC,Invest Cont,510,,,,200 S  WESTLAKE                     AV,,34.0649,-118.2696
241512805,08/14/2024 12:00:00 AM,08/12/2024 12:00:00 AM,1900,15,N Hollywood,1513,1,420,THEFT FROM MOTOR VEHICLE - PETTY ($950 & UNDER),,0,,,101,STREET,,,IC,Invest Cont,420,,,,6600    WILKINSON                    AV,,34.1912,-118.4041
241304028,01/01/2024 12:00:00 AM,01/01/2024 12:00:00 AM,1304,13,Newton,1395,2,740,"VANDALISM - FELONY ($400 & OVER, ALL CHURCH VANDALISMS)",0329 1822,27,M,O,401,MINI-MART,109,SEMI-AUTOMATIC PISTOL,IC,Invest Cont,740,,,,300 E  FLORENCE                     AV,,33.9784,-118.263
240108348,03/02/2024 12:00:00 AM,03/02/2024 12:00:00 AM,1520,01,Central,0156,2,860,BATTERY WITH SEXUAL CONTACT,0500 0340 0359,57,F,O,502,"MULTI-UNIT DWELLING (APARTMENT, DUPLEX, ETC)",400,"STRONG-ARM (HANDS, FIST, FEET OR BODILY FORCE)",IC,Invest Cont,860,,,,500    WALL                         ST,,34.0449,-118.2458
240316712,12/02/2024 12:00:00 AM,11/30/2024 12:00:00 AM,0001,03,Southwest,0398,1,420,THEFT FROM MOTOR VEHICLE - PETTY ($950 & UNDER),,0,,,101,STREET,,,IC,Invest Cont,420,,,,600 W  40TH                         PL,,34.0106,-118.2842
241909138,05/26/2024 12:00:00 AM,05/22/2024 12:00:00 AM,1300,19,Mission,1981,1,420,THEFT FROM MOTOR VEHICLE - PETTY ($950 & UNDER),,0,,,101,STREET,,,IC,Invest Cont,420,,,,PARTHENIA                    ST,ORION                        AV,34.2283,-118.472
240713025,12/03/2024 12:00:00 AM,12/03/2024 12:00:00 AM,1145,07,Wilshire,0721,1,440,THEFT PLAIN - PETTY ($950 & UNDER),0344 2014 1240 1278,63,F,W,108,PARKING LOT,,,IC,Invest Cont,440,,,,100 S  ROBERTSON                    BL,,34.0753,-118.3838
241514383,10/05/2024 12:00:00 AM,10/05/2024 12:00:00 AM,0750,15,N Hollywood,1586,2,888,TRESPASSING,1501 2004 0910 1822 2052,0,X,X,913,MTA - RED LINE - NORTH HOLLYWOOD,,,AA,Adult Arrest,888,,,,3900    LANKERSHIM                   BL,,34.1393,-118.362
240112877,06/14/2024 12:00:00 AM,06/14/2024 12:00:00 AM,1200,01,Central,0152,2,624,BATTERY - SIMPLE ASSAULT,0444 0431,62,F,B,203,OTHER BUSINESS,400,"STRONG-ARM (HANDS, FIST, FEET OR BODILY FORCE)",IC,Invest Cont,624,,,,600 W  7TH                          ST,,34.0491,-118.2558
240105400,01/21/2024 12:00:00 AM,01/20/2024 12:00:00 AM,1750,01,Central,0191,2,624,BATTERY - SIMPLE ASSAULT,0444,27,M,B,402,MARKET,400,"STRONG-ARM (HANDS, FIST, FEET OR BODILY FORCE)",IC,Invest Cont,624,,,,9TH                          ST,HOPE,34.0388,-118.2717
240509914,07/03/2024 12:00:00 AM,07/03/2024 12:00:00 AM,0615,05,Harbor,0516,2,354,THEFT OF IDENTITY,0922,21,F,H,502,"MULTI-UNIT DWELLING (APARTMENT, DUPLEX, ETC)",,,IC,Invest Cont,354,,,,1000    LAGOON                       AV,,33.7827,-118.2673
240120957,11/09/2024 12:00:00 AM,11/07/2024 12:00:00 AM,1245,01,Central,0153,1,440,THEFT PLAIN - PETTY ($950 & UNDER),0344 1822,32,M,H,101,STREET,,,IC,Invest Cont,440,,,,W  5TH                          ST,S  BROADWAY,34.0481,-118.2507
240504782,01/21/2024 12:00:00 AM,01/21/2024 12:00:00 AM,1321,05,Harbor,0525,2,745,VANDALISM - MISDEAMEANOR ($399 OR UNDER),0329,0,X,X,725,"GOVERNMENT FACILITY (FEDERAL,STATE, COUNTY & CITY)",,,IC,Invest Cont,745,,,,200 N  AVALON                       BL,,33.7739,-118.2678
241108678,06/12/2024 12:00:00 AM,06/11/2024 12:00:00 AM,1500,11,Northeast,1178,1,510,VEHICLE - STOLEN,,0,,,101,STREET,,,IC,Invest Cont,510,,,,3300    ROSEVIEW                     AV,,34.0947,-118.2271
241204998,01/16/2024 12:00:00 AM,01/16/2024 12:00:00 AM,1800,12,77th Street,1255,2,624,BATTERY - SIMPLE ASSAULT,0913 0400 0416 0360,31,M,H,101,STREET,400,"STRONG-ARM (HANDS, FIST, FEET OR BODILY FORCE)",IC,Invest Cont,624,,,,78TH                         ST,NORMANDIE                    AV,33.9694,-118.3003
242008745,05/04/2024 12:00:00 AM,05/01/2024 12:00:00 AM,1000,20,Olympic,2053,1,331,THEFT FROM MOTOR VEHICLE - GRAND ($950.01 AND OVER),1822 1602 0344 0385,28,M,V,101,STREET,,,IC,Invest Cont,331,,,,S  OXFORD,MONETTE                      PL,34.0536,-118.3074
241411913,08/04/2024 12:00:00 AM,07/29/2024 12:00:00 AM,1510,14,Pacific,1437,1,440,THEFT PLAIN - PETTY ($950 & UNDER),0344 1822,33,F,B,504,OTHER RESIDENCE,,,IC,Invest Cont,440,,,,3600 S  SEPULVEDA                    BL,,34.0166,-118.4201
241511939,07/10/2024 12:00:00 AM,07/10/2024 12:00:00 AM,0917,15,N Hollywood,1506,1,343,SHOPLIFTING-GRAND THEFT ($950.01 & OVER),1822 0325 0352,0,X,X,405,CLOTHING STORE,,,IC,Invest Cont,343,,,,7100    VINELAND                     AV,,34.2027,-118.3745
242011712,09/15/2024 12:00:00 AM,09/14/2024 12:00:00 AM,1800,20,Olympic,2022,1,420,THEFT FROM MOTOR VEHICLE - PETTY ($950 & UNDER),,0,,,101,STREET,,,IC,Invest Cont,420,,,,300 S  ST ANDREWS                   PL,,34.069,-118.3116
241805939,02/10/2024 12:00:00 AM,02/10/2024 12:00:00 AM,0900,18,Southeast,1801,2,740,"VANDALISM - FELONY ($400 & OVER, ALL CHURCH VANDALISMS)",0329 0602 0554,46,M,H,501,SINGLE FAMILY DWELLING,,,AO,Adult Other,740,,,,9100 S  HOOVER                       ST,,33.9542,-118.287
240906458,03/05/2024 12:00:00 AM,02/23/2024 12:00:00 AM,1340,09,Van Nuys,0966,2,624,BATTERY - SIMPLE ASSAULT,0448,13,M,B,720,JUNIOR HIGH SCHOOL,400,"STRONG-ARM (HANDS, FIST, FEET OR BODILY FORCE)",IC,Invest Cont,624,,,,5000    SUNNYSLOPE                   AV,,34.1612,-118.4269
241005227,02/02/2024 12:00:00 AM,01/30/2024 12:00:00 AM,1605,10,West Valley,1078,2,354,THEFT OF IDENTITY,1822 0930,78,F,W,501,SINGLE FAMILY DWELLING,,,IC,Invest Cont,354,,,,16100    MAGNOLIA                     BL,,34.1649,-118.4836
240107111,02/12/2024 12:00:00 AM,02/09/2024 12:00:00 AM,1540,01,Central,0111,2,624,BATTERY - SIMPLE ASSAULT,0913 0400 0416,37,F,H,101,STREET,400,"STRONG-ARM (HANDS, FIST, FEET OR BODILY FORCE)",IC,Invest Cont,624,,,,400 N  GRAND                        AV,,34.0595,-118.2451
240705418,02/02/2024 12:00:00 AM,02/02/2024 12:00:00 AM,2220,07,Wilshire,0753,2,624,BATTERY - SIMPLE ASSAULT,0416,44,M,H,102,SIDEWALK,400,"STRONG-ARM (HANDS, FIST, FEET OR BODILY FORCE)",IC,Invest Cont,624,,,,1200 S  FAIRFAX                      AV,,34.0534,-118.366
240407368,05/04/2024 12:00:00 AM,05/04/2024 12:00:00 AM,0900,04,Hollenbeck,0464,1,510,VEHICLE - STOLEN,,0,,,101,STREET,,,IC,Invest Cont,510,,,,CHICAGO,CESAR E CHAVEZ,34.0479,-118.2103
241410199,06/09/2024 12:00:00 AM,05/20/2024 12:00:00 AM,2030,14,Pacific,1497,1,510,VEHICLE - STOLEN,,0,,,108,PARKING LOT,,,IC,Invest Cont,510,,,,5400 W  CENTURY                      BL,,33.9453,-118.3747
241411220,07/13/2024 12:00:00 AM,07/11/2024 12:00:00 AM,2300,14,Pacific,1449,1,331,THEFT FROM MOTOR VEHICLE - GRAND ($950.01 AND OVER),0344 1300,70,F,W,101,STREET,,,IC,Invest Cont,331,,,,3900    BLEDSOE                      AV,,34.0086,-118.4201
241414557,10/28/2024 12:00:00 AM,10/26/2024 12:00:00 AM,0725,14,Pacific,1496,2,740,"VANDALISM - FELONY ($400 & OVER, ALL CHURCH VANDALISMS)",0329 1300,60,F,H,108,PARKING LOT,,,IC,Invest Cont,740,,,,6100 W  CENTURY                      BL,,33.9456,-118.3911
241508707,03/30/2024 12:00:00 AM,03/30/2024 12:00:00 AM,2100,15,N Hollywood,1501,1,440,THEFT PLAIN - PETTY ($950 & UNDER),1822 0344 0394,38,M,W,501,SINGLE FAMILY DWELLING,,,IC,Invest Cont,440,,,,7800    MELITA                       AV,,34.2117,-118.421
241515122,10/28/2024 12:00:00 AM,10/27/2024 12:00:00 AM,0453,15,N Hollywood,1512,1,330,BURGLARY FROM VEHICLE,0344 1822 0329 1307 2100,41,M,W,406,OTHER STORE,,,IC,Invest Cont,330,,,,12700    SHERMAN                      WY,,34.2012,-118.4094
240114110,07/05/2024 12:00:00 AM,07/05/2024 12:00:00 AM,0945,01,Central,0119,1,522,"VEHICLE, STOLEN - OTHER (MOTORIZED SCOOTERS, BIKES, ETC)",,0,,,108,PARKING LOT,,,IC,Invest Cont,522,,,,800 N  ALAMEDA                      ST,,34.0561,-118.2375
241714187,11/12/2024 12:00:00 AM,11/11/2024 12:00:00 AM,2130,17,Devonshire,1755,1,420,THEFT FROM MOTOR VEHICLE - PETTY ($950 & UNDER),,0,,,104,DRIVEWAY,,,IC,Invest Cont,420,,,,10200    LINDLEY                      AV,,34.2536,-118.5273
241010043,07/20/2024 12:00:00 AM,07/17/2024 12:00:00 AM,1830,10,West Valley,1023,1,420,THEFT FROM MOTOR VEHICLE - PETTY ($950 & UNDER),,0,,,101,STREET,,,IC,Invest Cont,420,,,,6500    VANALDEN                     AV,,34.188,-118.5491
241409245,05/06/2024 12:00:00 AM,05/04/2024 12:00:00 AM,0048,14,Pacific,1494,2,946,OTHER MISCELLANEOUS CRIME,,0,X,X,101,STREET,,,IC,Invest Cont,946,,,,100    WORLD WAY,,33.9455,-118.4004
240118729,09/19/2024 12:00:00 AM,09/19/2024 12:00:00 AM,1410,01,Central,0182,2,888,TRESPASSING,0910 1501 2004,0,X,X,941,MTA - EXPO LINE - PICO,,,IC,Invest Cont,888,,,,1200 S  FLOWER                       ST,,34.0415,-118.2655
240207225,03/03/2024 12:00:00 AM,03/02/2024 12:00:00 AM,2200,02,Rampart,0257,1,330,BURGLARY FROM VEHICLE,1822 0344 1609,29,M,K,101,STREET,500,UNKNOWN WEAPON/OTHER WEAPON,IC,Invest Cont,330,,,,600    LUCAS                        AV,,34.0552,-118.2675
241513718,09/13/2024 12:00:00 AM,09/13/2024 12:00:00 AM,0355,15,N Hollywood,1562,1,331,THEFT FROM MOTOR VEHICLE - GRAND ($950.01 AND OVER),1822 0385 1300 0344,29,M,W,101,STREET,,,IC,Invest Cont,331,,,,12200    MOORPARK                     ST,,34.1533,-118.4058
240611289,08/20/2024 12:00:00 AM,08/20/2024 12:00:00 AM,1415,06,Hollywood,0625,1,341,"THEFT-GRAND ($950.01 & OVER)EXCPT,GUNS,FOWL,LIVESTK,PROD",1822 0344 1501,52,F,W,504,OTHER RESIDENCE,,,IC,Invest Cont,341,,,,2000    HIGH TOWER                   DR,,34.1077,-118.339
240513342,12/17/2024 12:00:00 AM,12/16/2024 12:00:00 AM,1800,05,Harbor,0587,1,331,THEFT FROM MOTOR VEHICLE - GRAND ($950.01 AND OVER),0344 0385,28,M,W,101,STREET,,,IC,Invest Cont,331,,,,S  CAROLINA                     ST,W  28TH                         ST,33.7188,-118.2907
240711752,10/02/2024 12:00:00 AM,10/01/2024 12:00:00 AM,1800,07,Wilshire,0759,1,420,THEFT FROM MOTOR VEHICLE - PETTY ($950 & UNDER),,0,,,101,STREET,,,IC,Invest Cont,420,,,,1100    CRENSHAW                     BL,,34.0531,-118.3239
240110127,04/09/2024 12:00:00 AM,04/08/2024 12:00:00 AM,1522,01,Central,0139,2,740,"VANDALISM - FELONY ($400 & OVER, ALL CHURCH VANDALISMS)",0329,36,M,B,108,PARKING LOT,,,IC,Invest Cont,740,,,,900 E  4TH                          ST,,34.0454,-118.2333
240808505,05/21/2024 12:00:00 AM,05/14/2024 12:00:00 AM,0800,08,West LA,0859,1,420,THEFT FROM MOTOR VEHICLE - PETTY ($950 & UNDER),,0,,,101,STREET,,,IC,Invest Cont,420,,,,1400 S  WOOSTER                      ST,,34.0544,-118.3826
240606153,02/15/2024 12:00:00 AM,02/15/2024 12:00:00 AM,0150,06,Hollywood,0636,2,624,BATTERY - SIMPLE ASSAULT,0202 0400 0444 1822,28,M,H,210,RESTAURANT/FAST FOOD,400,"STRONG-ARM (HANDS, FIST, FEET OR BODILY FORCE)",IC,Invest Cont,624,,,,6500    HOLLYWOOD                    BL,,34.1034,-118.3325
241313029,09/14/2024 12:00:00 AM,09/13/2024 12:00:00 AM,2100,13,Newton,1346,1,510,VEHICLE - STOLEN,,0,,,101,STREET,,,IC,Invest Cont,510,,,,1400 E  VERNON                       AV,,34.006,-118.2513
242105009,01/23/2024 12:00:00 AM,01/22/2024 12:00:00 AM,2345,21,Topanga,2175,2,740,"VANDALISM - FELONY ($400 & OVER, ALL CHURCH VANDALISMS)",0329 1307,62,M,W,122,"VEHICLE, PASSENGER/TRUCK",,,IC,Invest Cont,740,,,,22600    MARIANO                      ST,,34.1683,-118.619
240906201,02/26/2024 12:00:00 AM,02/23/2024 12:00:00 AM,1415,09,Van Nuys,0905,1,330,BURGLARY FROM VEHICLE,0344 1822,53,F,W,725,"GOVERNMENT FACILITY (FEDERAL,STATE, COUNTY & CITY)",,,IC,Invest Cont,330,,,,7500    VAN NUYS                     BL,,34.2069,-118.4488
241715046,12/20/2024 12:00:00 AM,12/14/2024 12:00:00 AM,1230,17,Devonshire,1721,1,442,SHOPLIFTING - PETTY THEFT ($950 & UNDER),0325,0,X,X,404,DEPARTMENT STORE,,,IC,Invest Cont,442,,,,20000    RINALDI                      ST,,34.2699,-118.5904
241413440,09/23/2024 12:00:00 AM,09/22/2024 12:00:00 AM,2043,14,Pacific,1496,1,420,THEFT FROM MOTOR VEHICLE - PETTY ($950 & UNDER),1300 1822 0344,28,M,W,707,GARAGE/CARPORT,,,IC,Invest Cont,420,,,,6100 W  CENTURY                      BL,,33.9456,-118.3911
240122664,12/14/2024 12:00:00 AM,12/14/2024 12:00:00 AM,1600,01,Central,0182,1,330,BURGLARY FROM VEHICLE,1307 0344 0329 0321,29,M,B,108,PARKING LOT,,,IC,Invest Cont,330,,,,9TH,GRAND,34.0444,-118.2593
241508939,04/11/2024 12:00:00 AM,04/11/2024 12:00:00 AM,2330,15,N Hollywood,1547,2,890,FAILURE TO YIELD,0907 1300,0,M,O,101,STREET,,,IC,Invest Cont,890,,,,MAGNOLIA                     BL,170 FREEWAY,34.1673,-118.3816
240107290,02/15/2024 12:00:00 AM,02/15/2024 12:00:00 AM,2315,01,Central,0181,2,624,BATTERY - SIMPLE ASSAULT,0400 0416 2034 1822,51,M,X,102,SIDEWALK,400,"STRONG-ARM (HANDS, FIST, FEET OR BODILY FORCE)",IC,Invest Cont,624,,,,1100 S  FIGUEROA                     ST,,34.0431,-118.2692
240904422,01/14/2024 12:00:00 AM,01/14/2024 12:00:00 AM,0300,09,Van Nuys,0989,1,510,VEHICLE - STOLEN,,0,,,104,DRIVEWAY,,,IC,Invest Cont,510,,,,4400    MATILIJA                     AV,,34.1504,-118.4341
240911365,09/06/2024 12:00:00 AM,09/04/2024 12:00:00 AM,1322,09,Van Nuys,0904,1,343,SHOPLIFTING-GRAND THEFT ($950.01 & OVER),0325 1822,0,X,X,404,DEPARTMENT STORE,,,IC,Invest Cont,343,,,,14900    RAYMER                       ST,,34.2131,-118.4584
240211912,07/14/2024 12:00:00 AM,07/11/2024 12:00:00 AM,1000,02,Rampart,0205,1,331,THEFT FROM MOTOR VEHICLE - GRAND ($950.01 AND OVER),1822 0344 0385,29,F,H,101,STREET,,,IC,Invest Cont,331,,,,800 N  RAMPART                      BL,,34.0771,-118.2718
240704292,01/06/2024 12:00:00 AM,01/06/2024 12:00:00 AM,2120,07,Wilshire,0775,2,745,VANDALISM - MISDEAMEANOR ($399 OR UNDER),0329,44,F,H,104,DRIVEWAY,,,IC,Invest Cont,745,,,,4800    SATURN                       ST,,34.044,-118.3415
240207939,03/19/2024 12:00:00 AM,03/19/2024 12:00:00 AM,1640,02,Rampart,0281,1,442,SHOPLIFTING - PETTY THEFT ($950 & UNDER),1822 0325 0104,23,X,X,404,DEPARTMENT STORE,,,IC,Invest Cont,442,,,,2000 W  PICO                         BL,,34.0491,-118.2823
241904464,01/13/2024 12:00:00 AM,01/12/2024 12:00:00 AM,2200,19,Mission,1977,1,510,VEHICLE - STOLEN,,0,,,101,STREET,,,IC,Invest Cont,510,,,,9000    GREENBUSH                    AV,,34.2333,-118.4331
240117810,09/01/2024 12:00:00 AM,08/30/2024 12:00:00 AM,2300,01,Central,0134,1,440,THEFT PLAIN - PETTY ($950 & UNDER),0344 1822,30,F,Z,207,BAR/COCKTAIL/NIGHTCLUB,,,IC,Invest Cont,440,,,,300 S  HILL                         ST,,34.0516,-118.2491
240309945,04/29/2024 12:00:00 AM,04/25/2024 12:00:00 AM,2000,03,Southwest,0312,1,331,THEFT FROM MOTOR VEHICLE - GRAND ($950.01 AND OVER),0344 0385 1300 1822,26,M,H,101,STREET,,,IC,Invest Cont,331,,,,2900    ALSACE                       AV,,34.0281,-118.357
242110804,08/06/2024 12:00:00 AM,08/06/2024 12:00:00 AM,0040,21,Topanga,2147,1,510,VEHICLE - STOLEN,,0,,,101,STREET,,,IC,Invest Cont,510,,,,7100    INDEPENDENCE                 AV,,34.1992,-118.5906
242006419,02/26/2024 12:00:00 AM,02/26/2024 12:00:00 AM,1350,20,Olympic,2069,2,626,INTIMATE PARTNER - SIMPLE ASSAULT,0913 2000 1302 1310 0400 0448 0408 0401 1814,35,F,H,108,PARKING LOT,400,"STRONG-ARM (HANDS, FIST, FEET OR BODILY FORCE)",AO,Adult Other,626,,,,1100 S  VERMONT                      AV,,34.0509,-118.2916
241608009,05/06/2024 12:00:00 AM,04/21/2024 12:00:00 AM,1830,16,Foothill,1684,1,331,THEFT FROM MOTOR VEHICLE - GRAND ($950.01 AND OVER),1822 0385,52,M,H,101,STREET,,,IC,Invest Cont,331,,,,CANTARA,LANKERSHIM,34.2166,-118.3919
241407795,03/23/2024 12:00:00 AM,03/23/2024 12:00:00 AM,1218,14,Pacific,1428,2,740,"VANDALISM - FELONY ($400 & OVER, ALL CHURCH VANDALISMS)",0337 0416,64,F,W,101,STREET,,,IC,Invest Cont,740,,,,NATIONAL                     BL,OVERLAND                     AV,34.0308,-118.4163
240511468,09/21/2024 12:00:00 AM,09/21/2024 12:00:00 AM,0915,05,Harbor,0528,1,510,VEHICLE - STOLEN,,0,,,101,STREET,,,IC,Invest Cont,510,,,,1100    SANFORD                      AV,,33.7853,-118.2506
240807899,04/19/2024 12:00:00 AM,04/19/2024 12:00:00 AM,1632,08,West LA,0841,1,510,VEHICLE - STOLEN,,0,,,101,STREET,,,IC,Invest Cont,510,,,,1300    AMHERST                      AV,,34.0422,-118.4669
240706879,03/09/2024 12:00:00 AM,03/09/2024 12:00:00 AM,0030,07,Wilshire,0747,2,626,INTIMATE PARTNER - SIMPLE ASSAULT,1814 2000,21,F,W,501,SINGLE FAMILY DWELLING,400,"STRONG-ARM (HANDS, FIST, FEET OR BODILY FORCE)",IC,Invest Cont,626,,,,1000 S  MANSFIELD                    AV,,34.0572,-118.3425
241812127,08/10/2024 12:00:00 AM,08/08/2024 12:00:00 AM,2100,18,Southeast,1803,1,510,VEHICLE - STOLEN,,0,,,101,STREET,,,IC,Invest Cont,510,,,,87TH                         PL,AVALON,33.9581,-118.2651
241704234,01/06/2024 12:00:00 AM,01/06/2024 12:00:00 AM,1430,17,Devonshire,1764,1,522,"VEHICLE, STOLEN - OTHER (MOTORIZED SCOOTERS, BIKES, ETC)",,0,,,108,PARKING LOT,,,IC,Invest Cont,522,,,,19300    NORDHOFF                     WY,,34.2347,-118.5568
240612641,10/14/2024 12:00:00 AM,10/13/2024 12:00:00 AM,2200,06,Hollywood,0643,1,330,BURGLARY FROM VEHICLE,1501 1822 1300,36,M,B,108,PARKING LOT,,,IC,Invest Cont,330,,,,7100 W  SUNSET                       BL,,34.1007,-118.3494
241605047,02/04/2024 12:00:00 AM,01/19/2024 12:00:00 AM,1100,16,Foothill,1606,2,354,THEFT OF IDENTITY,1822 0924,32,F,H,501,SINGLE FAMILY DWELLING,,,IC,Invest Cont,354,,,,11500    LEXICON                      AV,,34.2788,-118.3793
240905267,02/05/2024 12:00:00 AM,01/28/2024 12:00:00 AM,1125,09,Van Nuys,0964,1,330,BURGLARY FROM VEHICLE,0344 1302,38,F,O,109,PARK/PLAYGROUND,,,IC,Invest Cont,330,,,,14100    HUSTON                       ST,,34.1594,-118.44
241805169,01/25/2024 12:00:00 AM,01/25/2024 12:00:00 AM,0930,18,Southeast,1837,1,761,BRANDISH WEAPON,1822 0334 0443 0432 1402,48,M,B,501,SINGLE FAMILY DWELLING,200,KNIFE WITH BLADE 6INCHES OR LESS,AA,Adult Arrest,761,930,998,,11200    MONITOR                      AV,,33.9331,-118.2405
241007160,03/28/2024 12:00:00 AM,03/28/2024 12:00:00 AM,2000,10,West Valley,1006,2,354,THEFT OF IDENTITY,1822,18,F,H,501,SINGLE FAMILY DWELLING,,,IC,Invest Cont,354,,,,7800    ENCINO                       AV,,34.2121,-118.5143
240316782,12/03/2024 12:00:00 AM,11/30/2024 12:00:00 AM,1142,03,Southwest,0337,1,440,THEFT PLAIN - PETTY ($950 & UNDER),0344 0394,35,M,B,501,SINGLE FAMILY DWELLING,,,IC,Invest Cont,440,,,,2900 S  HOBART                       BL,,34.0291,-118.3078
241207671,03/03/2024 12:00:00 AM,03/02/2024 12:00:00 AM,0919,12,77th Street,1241,2,624,BATTERY - SIMPLE ASSAULT,0913 0417,46,F,B,502,"MULTI-UNIT DWELLING (APARTMENT, DUPLEX, ETC)",400,"STRONG-ARM (HANDS, FIST, FEET OR BODILY FORCE)",IC,Invest Cont,624,,,,6300    10TH                         AV,,33.9829,-118.3279
240109359,03/21/2024 12:00:00 AM,03/20/2024 12:00:00 AM,1530,01,Central,0153,2,740,"VANDALISM - FELONY ($400 & OVER, ALL CHURCH VANDALISMS)",0329 1300,56,M,B,122,"VEHICLE, PASSENGER/TRUCK",,,IC,Invest Cont,740,,,,200 W  6TH                          ST,,34.046,-118.251
240408154,06/11/2024 12:00:00 AM,06/09/2024 12:00:00 AM,0855,04,Hollenbeck,0459,2,354,THEFT OF IDENTITY,0100,25,F,O,502,"MULTI-UNIT DWELLING (APARTMENT, DUPLEX, ETC)",,,IC,Invest Cont,354,,,,3200 E  CESAR E CHAVEZ               AV,,34.045,-118.1956
241111080,09/30/2024 12:00:00 AM,09/07/2024 12:00:00 AM,1100,11,Northeast,1151,1,440,THEFT PLAIN - PETTY ($950 & UNDER),0325,0,X,X,403,DRUG STORE,,,IC,Invest Cont,440,,,,1600 N  VERMONT                      AV,,34.0986,-118.2962
240612873,10/26/2024 12:00:00 AM,10/25/2024 12:00:00 AM,1610,06,Hollywood,0637,2,354,THEFT OF IDENTITY,1822 0935,37,M,B,502,"MULTI-UNIT DWELLING (APARTMENT, DUPLEX, ETC)",,,IC,Invest Cont,354,,,,1800    VINE                         ST,,34.1037,-118.3267
240808097,04/30/2024 12:00:00 AM,04/29/2024 12:00:00 AM,1730,08,West LA,0885,1,331,THEFT FROM MOTOR VEHICLE - GRAND ($950.01 AND OVER),0344 1300 0385,51,F,W,501,SINGLE FAMILY DWELLING,,,IC,Invest Cont,331,,,,10500    AYRES                        AV,,34.0444,-118.4184
240913623,12/12/2024 12:00:00 AM,12/12/2024 12:00:00 AM,1420,09,Van Nuys,0963,2,956,"LETTERS, LEWD  -  TELEPHONE CALLS, LEWD",1906 1822,25,X,H,502,"MULTI-UNIT DWELLING (APARTMENT, DUPLEX, ETC)",,,IC,Invest Cont,956,,,,14600    MAGNOLIA                     BL,,34.1649,-118.4513
240117477,08/24/2024 12:00:00 AM,08/24/2024 12:00:00 AM,0155,01,Central,0111,2,740,"VANDALISM - FELONY ($400 & OVER, ALL CHURCH VANDALISMS)",0329 1300 1307,26,M,H,122,"VEHICLE, PASSENGER/TRUCK",,,IC,Invest Cont,740,,,,600    NEW HIGH                     ST,,34.0583,-118.2396
240404959,01/31/2024 12:00:00 AM,01/30/2024 12:00:00 AM,2100,04,Hollenbeck,0428,1,310,BURGLARY,0329 0358 0344 0324,0,X,X,203,OTHER BUSINESS,,,IC,Invest Cont,310,,,,3100 N  EASTERN                      AV,,34.081,-118.178
240311485,06/17/2024 12:00:00 AM,06/15/2024 12:00:00 AM,1455,03,Southwest,0317,1,440,THEFT PLAIN - PETTY ($950 & UNDER),0344 0394 1822,21,F,V,502,"MULTI-UNIT DWELLING (APARTMENT, DUPLEX, ETC)",,,IC,Invest Cont,440,,,,1400 W  ADAMS                        BL,,34.0349,-118.2959
240306034,02/08/2024 12:00:00 AM,02/08/2024 12:00:00 AM,1110,03,Southwest,0311,2,930,CRIMINAL THREATS - NO WEAPON DISPLAYED,0913 0443 0361 0603,22,M,B,502,"MULTI-UNIT DWELLING (APARTMENT, DUPLEX, ETC)",511,VERBAL THREAT,AO,Adult Other,930,,,,5600    SMILEY                       DR,,34.0299,-118.3658
240316224,11/14/2024 12:00:00 AM,11/13/2024 12:00:00 AM,1805,03,Southwest,0358,1,522,"VEHICLE, STOLEN - OTHER (MOTORIZED SCOOTERS, BIKES, ETC)",,0,,,101,STREET,,,IC,Invest Cont,522,,,,1200 S  GRAND                        AV,,34.0215,-118.2868
241706979,03/09/2024 12:00:00 AM,03/09/2024 12:00:00 AM,0125,17,Devonshire,1738,2,740,"VANDALISM - FELONY ($400 & OVER, ALL CHURCH VANDALISMS)",1822 0329,21,M,O,101,STREET,,,IC,Invest Cont,740,,,,11000    HASKELL                      AV,,34.2703,-118.476
241415641,12/05/2024 12:00:00 AM,12/04/2024 12:00:00 AM,1020,14,Pacific,1469,1,442,SHOPLIFTING - PETTY THEFT ($950 & UNDER),0344,0,X,X,402,MARKET,,,IC,Invest Cont,442,,,,6800    LA CIENEGA                   BL,,33.9761,-118.3726
241207533,02/29/2024 12:00:00 AM,02/29/2024 12:00:00 AM,1605,12,77th Street,1257,1,210,ROBBERY,0913 2000 1814 0344 1276 0444 0429 0448,20,F,B,101,STREET,400,"STRONG-ARM (HANDS, FIST, FEET OR BODILY FORCE)",AA,Adult Arrest,210,236,,,7800 S  BROADWAY,,33.9693,-118.285
240215455,10/03/2024 12:00:00 AM,10/03/2024 12:00:00 AM,0800,02,Rampart,0292,1,440,THEFT PLAIN - PETTY ($950 & UNDER),0344 0377 1822 0354,23,M,B,717,HEALTH SPA/GYM,,,IC,Invest Cont,440,,,,1100 W  WASHINGTON                   BL,,34.0385,-118.2812
240710187,07/19/2024 12:00:00 AM,07/18/2024 12:00:00 AM,0900,07,Wilshire,0734,2,740,"VANDALISM - FELONY ($400 & OVER, ALL CHURCH VANDALISMS)",0329,26,F,W,406,OTHER STORE,,,IC,Invest Cont,740,,,,6000    COLGATE                      AV,,34.0688,-118.3536
242113761,12/14/2024 12:00:00 AM,11/28/2024 12:00:00 AM,2230,21,Topanga,2185,1,440,THEFT PLAIN - PETTY ($950 & UNDER),0394,35,M,W,119,"PORCH, RESIDENTIAL",,,IC,Invest Cont,440,,,,4800    TOPANGA CANYON               BL,,34.1592,-118.6108
240706024,02/16/2024 12:00:00 AM,02/16/2024 12:00:00 AM,1645,07,Wilshire,0734,2,624,BATTERY - SIMPLE ASSAULT,0429 0556,33,M,W,504,OTHER RESIDENCE,400,"STRONG-ARM (HANDS, FIST, FEET OR BODILY FORCE)",AO,Adult Other,624,,,,6200 W  3RD                          ST,,34.0708,-118.3563
241404704,01/18/2024 12:00:00 AM,01/17/2024 12:00:00 AM,1700,14,Pacific,1426,1,420,THEFT FROM MOTOR VEHICLE - PETTY ($950 & UNDER),,0,,,122,"VEHICLE, PASSENGER/TRUCK",,,IC,Invest Cont,420,,,,3400 S  SAWTELLE                     BL,,34.0203,-118.4266
240216142,10/19/2024 12:00:00 AM,10/17/2024 12:00:00 AM,1700,02,Rampart,0248,1,510,VEHICLE - STOLEN,,0,,,108,PARKING LOT,,,IC,Invest Cont,510,,,,1300 W  6TH                          ST,,34.0579,-118.2649
240709247,06/03/2024 12:00:00 AM,05/31/2024 12:00:00 AM,1040,07,Wilshire,0738,1,440,THEFT PLAIN - PETTY ($950 & UNDER),0344,47,F,W,501,SINGLE FAMILY DWELLING,,,IC,Invest Cont,440,,,,300 S  MCCADDEN                     PL,,34.0689,-118.3372
240114643,07/15/2024 12:00:00 AM,07/14/2024 12:00:00 AM,1340,01,Central,0185,1,330,BURGLARY FROM VEHICLE,1300 0344 0329 1307,59,F,W,108,PARKING LOT,,,IC,Invest Cont,330,,,,900 S  BROADWAY,,34.0423,-118.2561
240810792,09/15/2024 12:00:00 AM,09/15/2024 12:00:00 AM,0230,08,West LA,0834,1,440,THEFT PLAIN - PETTY ($950 & UNDER),0361 0913 0344,42,F,W,502,"MULTI-UNIT DWELLING (APARTMENT, DUPLEX, ETC)",,,IC,Invest Cont,440,,,,10600    EASTBORNE                    AV,,34.0546,-118.4302
240500556,02/17/2024 12:00:00 AM,02/17/2024 12:00:00 AM,1745,05,Harbor,0504,2,740,"VANDALISM - FELONY ($400 & OVER, ALL CHURCH VANDALISMS)",1402 0907 0329 0311 2024 0906,0,X,X,402,MARKET,,,IC,Invest Cont,740,998,,,HARVARD,DEL AMO,33.8468,-118.3067
240104119,01/03/2024 12:00:00 AM,01/03/2024 12:00:00 AM,0001,01,Central,0152,2,627,CHILD ABUSE (PHYSICAL) - SIMPLE ASSAULT,0416 1217 0446,15,F,H,503,HOTEL,400,"STRONG-ARM (HANDS, FIST, FEET OR BODILY FORCE)",IC,Invest Cont,627,,,,7TH                          ST,OLIVE,34.0466,-118.2555
240707350,03/20/2024 12:00:00 AM,03/15/2024 12:00:00 AM,1830,07,Wilshire,0769,2,740,"VANDALISM - FELONY ($400 & OVER, ALL CHURCH VANDALISMS)",1300 0329 1822,64,F,K,101,STREET,,,IC,Invest Cont,740,,,,1500    4TH                          AV,,34.0454,-118.3213
240812239,11/27/2024 12:00:00 AM,11/27/2024 12:00:00 AM,1209,08,West LA,0816,1,440,THEFT PLAIN - PETTY ($950 & UNDER),0344,25,M,A,507,CONDOMINIUM/TOWNHOUSE,,,IC,Invest Cont,440,,,,600    KELTON                       AV,,34.0665,-118.4534
240214011,09/05/2024 12:00:00 AM,09/05/2024 12:00:00 AM,1010,02,Rampart,0256,1,510,VEHICLE - STOLEN,,0,,,108,PARKING LOT,,,IC,Invest Cont,510,,,,1700 W  6TH                          ST,,34.0573,-118.2699
241310090,06/08/2024 12:00:00 AM,06/08/2024 12:00:00 AM,1200,13,Newton,1321,2,888,TRESPASSING,0910 9999,0,M,W,942,MTA - EXPO LINE - LATTC/ORTHO INSTITUTE,,,IC,Invest Cont,888,,,,2400 S  FLOWER                       ST,,34.0293,-118.2736
240115723,07/30/2024 12:00:00 AM,07/30/2024 12:00:00 AM,0810,01,Central,0119,2,888,TRESPASSING,0910,0,X,X,834,LA UNION STATION (NOT LINE SPECIFIC),,,IC,Invest Cont,888,,,,800 N  ALAMEDA                      ST,,34.0561,-118.2375
242111676,09/13/2024 12:00:00 AM,09/12/2024 12:00:00 AM,2150,21,Topanga,2185,1,330,BURGLARY FROM VEHICLE,0344 1307,38,F,K,101,STREET,,,IC,Invest Cont,330,,,,4800    REFORMA                      RD,,34.1559,-118.6158
240706644,03/03/2024 12:00:00 AM,03/03/2024 12:00:00 AM,1105,07,Wilshire,0758,2,900,VIOLATION OF COURT ORDER,2038,65,F,H,501,SINGLE FAMILY DWELLING,,,IC,Invest Cont,900,,,,1100 S  MULLEN                       AV,,34.0524,-118.3343
240115144,07/22/2024 12:00:00 AM,07/18/2024 12:00:00 AM,0800,01,Central,0192,1,440,THEFT PLAIN - PETTY ($950 & UNDER),0344,0,X,X,116,OTHER/OUTSIDE,,,IC,Invest Cont,440,,,,1300 S  GRAND                        AV,,34.0389,-118.2643
241006807,03/18/2024 12:00:00 AM,03/18/2024 12:00:00 AM,1235,10,West Valley,1098,2,956,"LETTERS, LEWD  -  TELEPHONE CALLS, LEWD",1258 1906 1822,13,M,W,501,SINGLE FAMILY DWELLING,,,IC,Invest Cont,956,,,,16000    SABANA                       LN,,34.1324,-118.4809
240811279,10/09/2024 12:00:00 AM,10/09/2024 12:00:00 AM,1643,08,West LA,0855,1,341,"THEFT-GRAND ($950.01 & OVER)EXCPT,GUNS,FOWL,LIVESTK,PROD",0394 0100 0344 1822,68,M,W,507,CONDOMINIUM/TOWNHOUSE,,,IC,Invest Cont,341,,,,1700    MALCOLM                      AV,,34.0519,-118.4366
240513168,12/09/2024 12:00:00 AM,12/09/2024 12:00:00 AM,1400,05,Harbor,0563,1,510,VEHICLE - STOLEN,,0,,,101,STREET,,,IC,Invest Cont,510,,,,1100 S  MEYLER                       ST,,33.7343,-118.2968
240315566,10/21/2024 12:00:00 AM,10/20/2024 12:00:00 AM,2200,03,Southwest,0318,1,522,"VEHICLE, STOLEN - OTHER (MOTORIZED SCOOTERS, BIKES, ETC)",,0,,,101,STREET,,,IC,Invest Cont,522,,,,1200 W  ADAMS                        BL,,34.0348,-118.2876
241906502,03/06/2024 12:00:00 AM,03/04/2024 12:00:00 AM,2030,19,Mission,1985,2,624,BATTERY - SIMPLE ASSAULT,1822 0416,38,M,H,108,PARKING LOT,400,"STRONG-ARM (HANDS, FIST, FEET OR BODILY FORCE)",IC,Invest Cont,624,,,,NOBLE,ROSCOE,34.2264,-118.4493
240405448,02/14/2024 12:00:00 AM,01/28/2024 12:00:00 AM,1110,04,Hollenbeck,0477,1,510,VEHICLE - STOLEN,,0,,,101,STREET,,,IC,Invest Cont,510,,,,900 S  SOTO                         ST,,34.0344,-118.2157
240613250,11/10/2024 12:00:00 AM,11/09/2024 12:00:00 AM,2205,06,Hollywood,0632,1,330,BURGLARY FROM VEHICLE,1822 1300 0385 1501,27,F,W,108,PARKING LOT,,,IC,Invest Cont,330,,,,8300 W  SUNSET                       BL,,34.104,-118.3755
240409965,09/06/2024 12:00:00 AM,09/06/2024 12:00:00 AM,1850,04,Hollenbeck,0469,1,442,SHOPLIFTING - PETTY THEFT ($950 & UNDER),0325,21,M,H,203,OTHER BUSINESS,,,IC,Invest Cont,442,,,,3400 E  4TH                          ST,,34.034,-118.1969
240807995,04/11/2024 12:00:00 AM,04/08/2024 12:00:00 AM,2000,08,West LA,0822,1,330,BURGLARY FROM VEHICLE,1822 0344,57,M,H,108,PARKING LOT,,,IC,Invest Cont,330,,,,17200 W  SUNSET                       BL,,34.044,-118.5524
240315960,11/05/2024 12:00:00 AM,10/23/2024 12:00:00 AM,1100,03,Southwest,0327,2,946,OTHER MISCELLANEOUS CRIME,1251 1822,18,F,W,501,SINGLE FAMILY DWELLING,,,IC,Invest Cont,946,,,,1100 W  28TH                         ST,,34.0294,-118.284
240513174,12/09/2024 12:00:00 AM,12/08/2024 12:00:00 AM,1400,05,Harbor,0524,1,331,THEFT FROM MOTOR VEHICLE - GRAND ($950.01 AND OVER),1602 0344 0385 1300,33,F,O,101,STREET,,,IC,Invest Cont,331,,,,1200 W  G                            ST,,33.7777,-118.2767
241804972,01/21/2024 12:00:00 AM,01/21/2024 12:00:00 AM,2000,18,Southeast,1822,1,310,BURGLARY,0344 1822,0,X,X,729,SPECIALTY SCHOOL/OTHER,,,IC,Invest Cont,310,,,,300 W  95TH                         ST,,33.9501,-118.2784
241912941,11/08/2024 12:00:00 AM,11/03/2024 12:00:00 AM,1220,19,Mission,1917,1,442,SHOPLIFTING - PETTY THEFT ($950 & UNDER),0325,0,M,O,402,MARKET,,,IC,Invest Cont,442,,,,13800    FOOTHILL                     BL,,34.3101,-118.4338
240316395,11/20/2024 12:00:00 AM,11/20/2024 12:00:00 AM,1230,03,Southwest,0363,1,510,VEHICLE - STOLEN,,0,,,101,STREET,,,IC,Invest Cont,510,,,,3800    DON FELIPE                   DR,,34.0126,-118.3403
242110592,07/20/2024 12:00:00 AM,07/12/2024 12:00:00 AM,2013,21,Topanga,2156,1,442,SHOPLIFTING - PETTY THEFT ($950 & UNDER),1420 0325 2028,50,M,W,404,DEPARTMENT STORE,,,IC,Invest Cont,442,,,,6700    TOPANGA CANYON               BL,,34.1923,-118.6059
241010102,07/23/2024 12:00:00 AM,07/21/2024 12:00:00 AM,1035,10,West Valley,1008,1,341,"THEFT-GRAND ($950.01 & OVER)EXCPT,GUNS,FOWL,LIVESTK,PROD",1822 0344,0,M,O,101,STREET,,,IC,Invest Cont,341,,,,16700    SATICOY                      ST,,34.2084,-118.4971
241214854,08/31/2024 12:00:00 AM,08/17/2024 12:00:00 AM,1500,12,77th Street,1231,1,510,VEHICLE - STOLEN,,0,,,101,STREET,,,IC,Invest Cont,510,,,,6200 S  RIMPAU                       BL,,33.9835,-118.3397
241415504,11/26/2024 12:00:00 AM,10/22/2024 12:00:00 AM,0300,14,Pacific,1494,1,440,THEFT PLAIN - PETTY ($950 & UNDER),1822 0344,38,F,O,212,TRANSPORTATION FACILITY (AIRPORT),500,UNKNOWN WEAPON/OTHER WEAPON,IC,Invest Cont,440,,,,300    WORLD                        WY,,33.9455,-118.4001
240104844,01/13/2024 12:00:00 AM,01/13/2024 12:00:00 AM,0300,01,Central,0155,1,440,THEFT PLAIN - PETTY ($950 & UNDER),2032 1218 0344 2034,46,F,B,102,SIDEWALK,,,IC,Invest Cont,440,,,,200 E  6TH                          ST,,34.0448,-118.2474
240405002,02/01/2024 12:00:00 AM,02/01/2024 12:00:00 AM,1005,04,Hollenbeck,0488,2,624,BATTERY - SIMPLE ASSAULT,0444 0356 2004,56,M,H,203,OTHER BUSINESS,500,UNKNOWN WEAPON/OTHER WEAPON,IC,Invest Cont,624,,,,1100 S  LORENA                       ST,,34.0235,-118.2037
241605087,02/06/2024 12:00:00 AM,02/05/2024 12:00:00 AM,2200,16,Foothill,1623,1,510,VEHICLE - STOLEN,,0,,,104,DRIVEWAY,,,IC,Invest Cont,510,,,,11100    DE HAVEN                     AV,,34.272,-118.4113
240905919,02/22/2024 12:00:00 AM,02/22/2024 12:00:00 AM,0900,09,Van Nuys,0914,1,341,"THEFT-GRAND ($950.01 & OVER)EXCPT,GUNS,FOWL,LIVESTK,PROD",0325 1501,28,F,H,405,CLOTHING STORE,,,AA,Adult Arrest,341,,,,14500    VANOWEN                      ST,,34.1976,-118.4574
240506414,03/04/2024 12:00:00 AM,03/04/2024 12:00:00 AM,0330,05,Harbor,0526,1,330,BURGLARY FROM VEHICLE,1609 0344 1307,31,M,B,603,CREDIT UNION,,,IC,Invest Cont,330,,,,900 N  FRIES                        AV,,33.7815,-118.265
240206482,02/17/2024 12:00:00 AM,02/17/2024 12:00:00 AM,0100,02,Rampart,0271,1,648,ARSON,0329 1822,47,M,H,122,"VEHICLE, PASSENGER/TRUCK",506,FIRE,IC,Invest Cont,648,,,,900 S  PARK VIEW                    ST,,34.0534,-118.2829
241607321,04/16/2024 12:00:00 AM,04/16/2024 12:00:00 AM,0800,16,Foothill,1676,1,310,BURGLARY,0344 1609 0321,39,M,O,501,SINGLE FAMILY DWELLING,,,IC,Invest Cont,310,,,,10700    PAWNEE                       ST,,34.2231,-118.3644
240315857,11/01/2024 12:00:00 AM,10/29/2024 12:00:00 AM,1500,03,Southwest,0327,2,740,"VANDALISM - FELONY ($400 & OVER, ALL CHURCH VANDALISMS)",0329,26,M,C,122,"VEHICLE, PASSENGER/TRUCK",,,IC,Invest Cont,740,,,,2800    ELLENDALE                    PL,,34.0298,-118.2888
240509705,06/23/2024 12:00:00 AM,06/23/2024 12:00:00 AM,1912,05,Harbor,0564,1,110,CRIMINAL HOMICIDE,0906 1402 1100 0430,29,M,H,101,STREET,106,UNKNOWN FIREARM,AA,Adult Arrest,110,998,,,100 S  PALOS VERDES                 ST,,33.7433,-118.2814
242009425,06/03/2024 12:00:00 AM,06/03/2024 12:00:00 AM,0745,20,Olympic,2029,2,888,TRESPASSING,1822 0910 2052,0,X,X,905,MTA - RED LINE - WILSHIRE/VERMONT,,,IC,Invest Cont,888,,,,3100    WILSHIRE                     BL,,34.0652,-118.2878
240711747,10/02/2024 12:00:00 AM,09/14/2024 12:00:00 AM,1200,07,Wilshire,0719,1,510,VEHICLE - STOLEN,,0,,,108,PARKING LOT,,,IC,Invest Cont,510,,,,5800    CLINTON                      ST,,34.0816,-118.3284
240305450,01/24/2024 12:00:00 AM,01/24/2024 12:00:00 AM,1510,03,Southwest,0335,2,354,THEFT OF IDENTITY,0100 1822,55,M,W,501,SINGLE FAMILY DWELLING,,,IC,Invest Cont,354,,,,2300 W  30TH                         ST,,34.0274,-118.3177
240105853,01/27/2024 12:00:00 AM,01/27/2024 12:00:00 AM,0100,01,Central,0138,1,510,VEHICLE - STOLEN,,0,,,101,STREET,,,IC,Invest Cont,510,,,,300 S  ALAMEDA                      ST,,34.0468,-118.2415
241108783,06/18/2024 12:00:00 AM,06/11/2024 12:00:00 AM,1101,11,Northeast,1144,1,440,THEFT PLAIN - PETTY ($950 & UNDER),0394,35,M,W,501,SINGLE FAMILY DWELLING,,,IC,Invest Cont,440,,,,2300    GLENDALE                     BL,,34.1008,-118.2668
242005806,02/05/2024 12:00:00 AM,02/05/2024 12:00:00 AM,1735,20,Olympic,2081,1,330,BURGLARY FROM VEHICLE,1307 1609 0344 1822,0,X,X,121,YARD (RESIDENTIAL/BUSINESS),,,IC,Invest Cont,330,,,,2300 W  18TH                         ST,,34.0417,-118.309
240607718,03/22/2024 12:00:00 AM,03/22/2024 12:00:00 AM,1530,06,Hollywood,0666,1,230,"ASSAULT WITH DEADLY WEAPON, AGGRAVATED ASSAULT",0334 0913 0443 0432 2004 1218,36,F,B,102,SIDEWALK,200,KNIFE WITH BLADE 6INCHES OR LESS,IC,Invest Cont,230,,,,SUNSET,WILCOX,34.098,-118.331
240506361,03/02/2024 12:00:00 AM,03/02/2024 12:00:00 AM,0240,05,Harbor,0555,2,624,BATTERY - SIMPLE ASSAULT,0411 0417,27,M,H,501,SINGLE FAMILY DWELLING,400,"STRONG-ARM (HANDS, FIST, FEET OR BODILY FORCE)",IC,Invest Cont,624,,,,600 W  SANTA CRUZ                   ST,,33.7442,-118.2901
241204087,01/02/2024 12:00:00 AM,01/02/2024 12:00:00 AM,0910,12,77th Street,1249,2,624,BATTERY - SIMPLE ASSAULT,0356 1822,50,M,B,101,STREET,400,"STRONG-ARM (HANDS, FIST, FEET OR BODILY FORCE)",IC,Invest Cont,624,,,,6200 S  FIGUEROA                     ST,,33.9833,-118.2827
242009947,07/02/2024 12:00:00 AM,07/01/2024 12:00:00 AM,0915,20,Olympic,2039,1,522,"VEHICLE, STOLEN - OTHER (MOTORIZED SCOOTERS, BIKES, ETC)",,0,,,101,STREET,,,IC,Invest Cont,522,,,,2800    LEEWARD                      AV,,34.0587,-118.2842
241807401,03/11/2024 12:00:00 AM,03/11/2024 12:00:00 AM,1510,18,Southeast,1891,2,624,BATTERY - SIMPLE ASSAULT,2004 2021 0913 0305 0416 0429,55,F,W,103,ALLEY,500,UNKNOWN WEAPON/OTHER WEAPON,AO,Adult Other,624,,,,800 W  165TH                        PL,,33.8808,-118.2891
240507134,03/23/2024 12:00:00 AM,03/22/2024 12:00:00 AM,1800,05,Harbor,0555,1,510,VEHICLE - STOLEN,,0,,,101,STREET,,,AA,Adult Arrest,510,,,,800 W  OLIVER                       ST,,33.7468,-118.2944
241411485,07/22/2024 12:00:00 AM,07/21/2024 12:00:00 AM,1600,14,Pacific,1469,1,331,THEFT FROM MOTOR VEHICLE - GRAND ($950.01 AND OVER),1300 0344 1822,35,M,W,402,MARKET,,,IC,Invest Cont,331,,,,6800    LA CIENEGA                   BL,,33.9761,-118.3726
241508887,04/10/2024 12:00:00 AM,04/10/2024 12:00:00 AM,2145,15,N Hollywood,1549,2,626,INTIMATE PARTNER - SIMPLE ASSAULT,2000 1814 0446,42,F,H,102,SIDEWALK,400,"STRONG-ARM (HANDS, FIST, FEET OR BODILY FORCE)",IC,Invest Cont,626,,,,BURBANK                      BL,CAMELLIA,34.1695,-118.3659
240712812,11/22/2024 12:00:00 AM,11/03/2024 12:00:00 AM,0552,07,Wilshire,0721,2,956,"LETTERS, LEWD  -  TELEPHONE CALLS, LEWD",1906,34,F,W,116,OTHER/OUTSIDE,,,IC,Invest Cont,956,,,,300 S  SHERBOURNE                   DR,,34.0736,-118.3795
240811604,10/26/2024 12:00:00 AM,10/25/2024 12:00:00 AM,1900,08,West LA,0836,1,341,"THEFT-GRAND ($950.01 & OVER)EXCPT,GUNS,FOWL,LIVESTK,PROD",1822 0344,47,F,O,410,"MEMBERSHIP STORE (COSTCO,SAMS CLUB)*",,,IC,Invest Cont,341,,,,10300 W  OLYMPIC                      BL,,34.0524,-118.4248
241507987,03/22/2024 12:00:00 AM,03/09/2024 12:00:00 AM,1000,15,N Hollywood,1535,1,341,"THEFT-GRAND ($950.01 & OVER)EXCPT,GUNS,FOWL,LIVESTK,PROD",0344,46,F,W,121,YARD (RESIDENTIAL/BUSINESS),,,IC,Invest Cont,341,,,,5600    COLFAX                       AV,,34.1722,-118.3878
241009712,07/02/2024 12:00:00 AM,06/28/2024 12:00:00 AM,2200,10,West Valley,1045,2,740,"VANDALISM - FELONY ($400 & OVER, ALL CHURCH VANDALISMS)",1822 1300 0329,19,M,W,101,STREET,,,IC,Invest Cont,740,,,,WHITE OAK                    AV,BURBANK                      BL,34.1722,-118.5185
241005617,02/15/2024 12:00:00 AM,02/14/2024 12:00:00 AM,1900,10,West Valley,1003,1,510,VEHICLE - STOLEN,,0,,,101,STREET,,,IC,Invest Cont,510,,,,RESEDA,KESWICK,34.2102,-118.5361
242106019,02/19/2024 12:00:00 AM,01/28/2024 12:00:00 AM,0825,21,Topanga,2169,1,341,"THEFT-GRAND ($950.01 & OVER)EXCPT,GUNS,FOWL,LIVESTK,PROD",0344 0929 0913,46,M,W,501,SINGLE FAMILY DWELLING,,,AO,Adult Other,341,,,,5700    CORBIN                       AV,,34.1794,-118.5669
242009279,05/29/2024 12:00:00 AM,05/29/2024 12:00:00 AM,0759,20,Olympic,2038,2,888,TRESPASSING,0910 1822 2004,0,M,W,905,MTA - RED LINE - WILSHIRE/VERMONT,,,IC,Invest Cont,888,,,,WILSHIRE                     BL,VERMONT                      AV,34.0618,-118.2917
241309627,05/23/2024 12:00:00 AM,05/22/2024 12:00:00 AM,1800,13,Newton,1346,1,510,VEHICLE - STOLEN,,0,,,101,STREET,,,IC,Invest Cont,510,,,,1200 E  43RD                         ST,,34.0057,-118.254
240811499,10/20/2024 12:00:00 AM,10/18/2024 12:00:00 AM,1700,08,West LA,0887,1,510,VEHICLE - STOLEN,,0,,,101,STREET,,,IC,Invest Cont,510,,,,9300    SAWYER                       ST,,34.0455,-118.3917
241611331,11/13/2024 12:00:00 AM,11/13/2024 12:00:00 AM,0240,16,Foothill,1684,1,510,VEHICLE - STOLEN,,0,,,101,STREET,,,IC,Invest Cont,510,,,,8400    RINCON                       AV,,34.2228,-118.3911
241512182,07/20/2024 12:00:00 AM,07/20/2024 12:00:00 AM,1650,15,N Hollywood,1525,1,442,SHOPLIFTING - PETTY THEFT ($950 & UNDER),0325,0,X,X,409,BEAUTY SUPPLY STORE,,,IC,Invest Cont,442,,,,6100    LAUREL CANYON                BL,,34.1814,-118.3965
241714969,12/15/2024 12:00:00 AM,12/13/2024 12:00:00 AM,0800,17,Devonshire,1752,1,510,VEHICLE - STOLEN,,0,,,101,STREET,,,IC,Invest Cont,510,,,,21200    MERRIDY                      ST,,34.2523,-118.594
240312865,08/02/2024 12:00:00 AM,08/01/2024 12:00:00 AM,1940,03,Southwest,0356,1,330,BURGLARY FROM VEHICLE,1822 0344 1300 0385 1606,51,F,B,101,STREET,,,IC,Invest Cont,330,,,,3600    DENKER                       AV,,34.0228,-118.3047
240805224,02/02/2024 12:00:00 AM,02/01/2024 12:00:00 AM,1708,08,West LA,0802,1,341,"THEFT-GRAND ($950.01 & OVER)EXCPT,GUNS,FOWL,LIVESTK,PROD",0325,0,X,X,203,OTHER BUSINESS,,,IC,Invest Cont,341,,,,1000    SWARTHMORE                   AV,,34.0474,-118.5258
241610785,10/09/2024 12:00:00 AM,10/04/2024 12:00:00 AM,2030,16,Foothill,1654,1,440,THEFT PLAIN - PETTY ($950 & UNDER),0344,61,M,H,109,PARK/PLAYGROUND,,,IC,Invest Cont,440,,,,OSBORNE                      ST,GLENOAKS                     BL,34.2647,-118.4019
240107164,02/14/2024 12:00:00 AM,02/14/2024 12:00:00 AM,0800,01,Central,0157,1,440,THEFT PLAIN - PETTY ($950 & UNDER),0344 1218 2032,29,F,B,502,"MULTI-UNIT DWELLING (APARTMENT, DUPLEX, ETC)",,,IC,Invest Cont,440,,,,500    CROCKER                      ST,,34.0435,-118.2427
240212302,07/24/2024 12:00:00 AM,07/23/2024 12:00:00 AM,1830,02,Rampart,0238,1,331,THEFT FROM MOTOR VEHICLE - GRAND ($950.01 AND OVER),0385 1608 1300 1822,36,F,H,501,SINGLE FAMILY DWELLING,,,IC,Invest Cont,331,,,,LAVETA                       TR,CORTEZ,34.067,-118.2595
241104463,01/13/2024 12:00:00 AM,01/13/2024 12:00:00 AM,1105,11,Northeast,1129,1,510,VEHICLE - STOLEN,,0,,,101,STREET,,,IC,Invest Cont,510,,,,ELDER                        ST,AVENUE 64,34.122,-118.1766
240312867,08/02/2024 12:00:00 AM,08/01/2024 12:00:00 AM,1410,03,Southwest,0357,1,331,THEFT FROM MOTOR VEHICLE - GRAND ($950.01 AND OVER),1822 0344 1606 0385 1300,27,F,O,101,STREET,,,IC,Invest Cont,331,,,,W  37TH                         PL,S  CATALINA                     ST,34.02,-118.2944
242106079,02/20/2024 12:00:00 AM,01/28/2024 12:00:00 AM,1826,21,Topanga,2143,1,442,SHOPLIFTING - PETTY THEFT ($950 & UNDER),0325,0,M,W,404,DEPARTMENT STORE,,,AA,Adult Arrest,442,,,,6600    FALLBROOK                    AV,,34.1883,-118.6274
240512662,11/15/2024 12:00:00 AM,11/14/2024 12:00:00 AM,2015,05,Harbor,0525,1,510,VEHICLE - STOLEN,,0,,,101,STREET,,,IC,Invest Cont,510,,,,400    MCDONALD                     AV,,33.7737,-118.2711
241012845,12/17/2024 12:00:00 AM,12/01/2024 12:00:00 AM,1000,10,West Valley,1017,1,440,THEFT PLAIN - PETTY ($950 & UNDER),0394,51,M,W,119,"PORCH, RESIDENTIAL",,,IC,Invest Cont,440,,,,7300    WHITE OAK                    AV,,34.203,-118.5186
240506072,02/24/2024 12:00:00 AM,02/24/2024 12:00:00 AM,2320,05,Harbor,0526,2,624,BATTERY - SIMPLE ASSAULT,0400,20,M,H,502,"MULTI-UNIT DWELLING (APARTMENT, DUPLEX, ETC)",400,"STRONG-ARM (HANDS, FIST, FEET OR BODILY FORCE)",AO,Adult Other,624,,,,100 W  ANAHEIM                      ST,,33.78,-118.2624
240712241,10/24/2024 12:00:00 AM,10/17/2024 12:00:00 AM,2157,07,Wilshire,0713,1,440,THEFT PLAIN - PETTY ($950 & UNDER),0394,36,F,W,501,SINGLE FAMILY DWELLING,,,IC,Invest Cont,440,,,,400 N  ORANGE GROVE                 AV,,34.0782,-118.3604
241712983,09/22/2024 12:00:00 AM,09/21/2024 12:00:00 AM,1759,17,Devonshire,1794,1,442,SHOPLIFTING - PETTY THEFT ($950 & UNDER),0325 0344 0326,0,X,X,402,MARKET,,,AA,Adult Arrest,442,,,,8400    RESEDA                       BL,,34.223,-118.5361
241009504,06/19/2024 12:00:00 AM,04/25/2024 12:00:00 AM,1415,10,West Valley,1079,2,354,THEFT OF IDENTITY,1822 0929 0930 0928,37,M,O,501,SINGLE FAMILY DWELLING,,,IC,Invest Cont,354,,,,15400    MORRISON                     ST,,34.1602,-118.4707
241508565,04/04/2024 12:00:00 AM,03/28/2024 12:00:00 AM,1130,15,N Hollywood,1595,1,440,THEFT PLAIN - PETTY ($950 & UNDER),0344,49,F,K,501,SINGLE FAMILY DWELLING,,,IC,Invest Cont,440,,,,11700    LAURELCREST                  DR,,34.1366,-118.388
241415965,12/18/2024 12:00:00 AM,12/16/2024 12:00:00 AM,1913,14,Pacific,1476,1,440,THEFT PLAIN - PETTY ($950 & UNDER),1501,39,F,F,101,STREET,,,IC,Invest Cont,440,,,,6500 W  83RD                         ST,,33.9637,-118.4018
241510124,05/06/2024 12:00:00 AM,05/06/2024 12:00:00 AM,1845,15,N Hollywood,1522,2,745,VANDALISM - MISDEAMEANOR ($399 OR UNDER),0311 1822 0329,0,X,X,210,RESTAURANT/FAST FOOD,,,AA,Adult Arrest,745,,,,12900    VANOWEN                      ST,,34.1939,-118.4138
241313875,10/13/2024 12:00:00 AM,10/13/2024 12:00:00 AM,0200,13,Newton,1313,1,510,VEHICLE - STOLEN,,0,,,101,STREET,,,IC,Invest Cont,510,,,,1100 E  16TH                         ST,,34.0274,-118.2508
240804435,01/13/2024 12:00:00 AM,01/13/2024 12:00:00 AM,1525,08,West LA,0839,1,442,SHOPLIFTING - PETTY THEFT ($950 & UNDER),1822 0104 0325 0377,0,X,X,404,DEPARTMENT STORE,,,JA,Juv Arrest,442,,,,10200    SANTA MONICA                 BL,,34.0611,-118.4184
241307779,03/26/2024 12:00:00 AM,03/26/2024 12:00:00 AM,0545,13,Newton,1373,1,510,VEHICLE - STOLEN,,0,,,101,STREET,,,IC,Invest Cont,510,,,,900 E  52ND                         PL,,33.995,-118.2596
240607352,03/12/2024 12:00:00 AM,03/05/2024 12:00:00 AM,0600,06,Hollywood,0668,1,341,"THEFT-GRAND ($950.01 & OVER)EXCPT,GUNS,FOWL,LIVESTK,PROD",1501,56,X,X,108,PARKING LOT,,,IC,Invest Cont,341,,,,5600    VIRGINIA                     AV,,34.0918,-118.3109
241308981,05/02/2024 12:00:00 AM,04/19/2024 12:00:00 AM,1445,13,Newton,1313,1,440,THEFT PLAIN - PETTY ($950 & UNDER),0344,0,M,W,405,CLOTHING STORE,,,IC,Invest Cont,440,,,,1600 S  CENTRAL                      AV,,34.0286,-118.2545
241510843,05/28/2024 12:00:00 AM,05/28/2024 12:00:00 AM,0830,15,N Hollywood,1525,2,354,THEFT OF IDENTITY,0377,32,M,W,502,"MULTI-UNIT DWELLING (APARTMENT, DUPLEX, ETC)",,,IC,Invest Cont,354,,,,5600    COLFAX                       AV,,34.1826,-118.3916
241912505,10/21/2024 12:00:00 AM,10/19/2024 12:00:00 AM,2000,19,Mission,1962,1,420,THEFT FROM MOTOR VEHICLE - PETTY ($950 & UNDER),,0,,,101,STREET,,,IC,Invest Cont,420,,,,9300    COLUMBUS                     AV,,34.2391,-118.4647
240906980,03/19/2024 12:00:00 AM,02/27/2024 12:00:00 AM,1200,09,Van Nuys,0935,2,668,"EMBEZZLEMENT, GRAND THEFT ($950.01 & OVER)",1300 1309,0,X,X,501,SINGLE FAMILY DWELLING,,,IC,Invest Cont,668,,,,14400    VICTORY                      BL,,34.1867,-118.4465
241314105,10/20/2024 12:00:00 AM,10/20/2024 12:00:00 AM,2305,13,Newton,1363,2,740,"VANDALISM - FELONY ($400 & OVER, ALL CHURCH VANDALISMS)",0329 1822,19,M,H,109,PARK/PLAYGROUND,,,IC,Invest Cont,740,,,,900 E  50TH                         ST,,33.9976,-118.26
242108835,05/03/2024 12:00:00 AM,04/29/2024 12:00:00 AM,0925,21,Topanga,2133,1,341,"THEFT-GRAND ($950.01 & OVER)EXCPT,GUNS,FOWL,LIVESTK,PROD",0344,0,M,W,101,STREET,,,IC,Invest Cont,341,,,,23200    VALERIO                      ST,,34.2048,-118.6327
241711040,07/08/2024 12:00:00 AM,07/07/2024 12:00:00 AM,0516,17,Devonshire,1766,1,510,VEHICLE - STOLEN,,0,,,101,STREET,,,IC,Invest Cont,510,,,,19100    MARILLA                      ST,,34.2472,-118.5492
240613063,11/02/2024 12:00:00 AM,11/02/2024 12:00:00 AM,0100,06,Hollywood,0643,1,330,BURGLARY FROM VEHICLE,1822 0344 1501 1300,26,M,W,210,RESTAURANT/FAST FOOD,,,IC,Invest Cont,330,,,,7300 W  SUNSET                       BL,,34.1007,-118.3494
240207485,03/09/2024 12:00:00 AM,03/09/2024 12:00:00 AM,1440,02,Rampart,0246,2,888,TRESPASSING,0910 1822 1501,0,X,X,904,MTA - RED LINE - WESTLAKE/MACARTHUR PARK,,,IC,Invest Cont,888,,,,600 S  ALVARADO                     ST,,34.0595,-118.2749
240905936,02/22/2024 12:00:00 AM,02/22/2024 12:00:00 AM,1950,09,Van Nuys,0974,2,888,TRESPASSING,1822 0342,51,F,A,501,SINGLE FAMILY DWELLING,,,IC,Invest Cont,888,,,,4500    CEDROS                       AV,,34.1535,-118.4531
240106498,02/03/2024 12:00:00 AM,02/03/2024 12:00:00 AM,0200,01,Central,0111,1,341,"THEFT-GRAND ($950.01 & OVER)EXCPT,GUNS,FOWL,LIVESTK,PROD",0344,25,F,H,502,"MULTI-UNIT DWELLING (APARTMENT, DUPLEX, ETC)",,,IC,Invest Cont,341,,,,800 N  BUNKER HILL                  AV,,34.0637,-118.244
240112068,05/30/2024 12:00:00 AM,05/28/2024 12:00:00 AM,1900,01,Central,0132,1,510,VEHICLE - STOLEN,,0,,,108,PARKING LOT,,,IC,Invest Cont,510,,,,800 W  1ST                          ST,,34.057,-118.2508
241609043,06/27/2024 12:00:00 AM,06/21/2024 12:00:00 AM,1700,16,Foothill,1677,1,330,BURGLARY FROM VEHICLE,0344 1300 0385,56,M,O,101,STREET,,,IC,Invest Cont,330,,,,8400    OUTLAND VIEW                 DR,,34.2227,-118.3566
240709741,06/26/2024 12:00:00 AM,06/25/2024 12:00:00 AM,1900,07,Wilshire,0721,1,330,BURGLARY FROM VEHICLE,1300 1307 1822 0344,26,M,W,502,"MULTI-UNIT DWELLING (APARTMENT, DUPLEX, ETC)",,,IC,Invest Cont,330,,,,400 S  HOLT                         AV,,34.0721,-118.3785
241514910,10/25/2024 12:00:00 AM,10/25/2024 12:00:00 AM,1045,15,N Hollywood,1581,2,354,THEFT OF IDENTITY,0377 1822,74,M,W,502,"MULTI-UNIT DWELLING (APARTMENT, DUPLEX, ETC)",,,IC,Invest Cont,354,,,,4300    LAUREL CANYON                BL,,34.1478,-118.4071
240612593,10/12/2024 12:00:00 AM,10/12/2024 12:00:00 AM,1330,06,Hollywood,0666,1,440,THEFT PLAIN - PETTY ($950 & UNDER),1822 0344 1501,26,M,H,717,HEALTH SPA/GYM,,,IC,Invest Cont,440,,,,6300 W  SUNSET                       BL,,34.098,-118.3266
241407657,03/20/2024 12:00:00 AM,03/20/2024 12:00:00 AM,1030,14,Pacific,1444,2,740,"VANDALISM - FELONY ($400 & OVER, ALL CHURCH VANDALISMS)",,53,M,W,101,STREET,500,UNKNOWN WEAPON/OTHER WEAPON,IC,Invest Cont,740,,,,700    WASHINGTON                   BL,,33.9866,-118.4548
240304519,01/09/2024 12:00:00 AM,01/08/2024 12:00:00 AM,1800,03,Southwest,0392,1,520,VEHICLE - ATTEMPT STOLEN,0321 0329 1202 1307 1822,71,F,B,101,STREET,,,IC,Invest Cont,520,,,,4700    7TH                          AV,,34.0009,-118.3247
240908741,05/04/2024 12:00:00 AM,05/03/2024 12:00:00 AM,2000,09,Van Nuys,0926,1,236,INTIMATE PARTNER - AGGRAVATED ASSAULT,0408 0401 0419 2000 0416 1814 0913 0446 1414 0417,20,F,H,122,"VEHICLE, PASSENGER/TRUCK",400,"STRONG-ARM (HANDS, FIST, FEET OR BODILY FORCE)",AA,Adult Arrest,236,,,,HAYNES                       ST,SYLMAR                       AV,34.1897,-118.4465
241408974,04/24/2024 12:00:00 AM,04/22/2024 12:00:00 AM,1330,14,Pacific,1464,1,510,VEHICLE - STOLEN,,0,,,101,STREET,,,IC,Invest Cont,510,,,,12000    WATERFRONT                   DR,,33.9829,-118.4032
240311532,06/19/2024 12:00:00 AM,06/01/2024 12:00:00 AM,1320,03,Southwest,0398,2,956,"LETTERS, LEWD  -  TELEPHONE CALLS, LEWD",1906,47,M,H,504,OTHER RESIDENCE,,,IC,Invest Cont,956,,,,700 W  41ST                         DR,,34.0087,-118.2859
241006888,03/22/2024 12:00:00 AM,03/22/2024 12:00:00 AM,0145,10,West Valley,1037,1,510,VEHICLE - STOLEN,,0,,,101,STREET,,,IC,Invest Cont,510,,,,17300    VICTORY                      BL,,34.1866,-118.5098
241310792,06/28/2024 12:00:00 AM,06/26/2024 12:00:00 AM,0800,13,Newton,1361,1,510,VEHICLE - STOLEN,,0,,,101,STREET,,,IC,Invest Cont,510,,,,300 W  49TH                         ST,,33.9983,-118.2783
240117270,08/20/2024 12:00:00 AM,08/19/2024 12:00:00 AM,1700,01,Central,0162,1,420,THEFT FROM MOTOR VEHICLE - PETTY ($950 & UNDER),,0,,,108,PARKING LOT,,,IC,Invest Cont,420,,,,700 S  FLOWER                       ST,,34.0487,-118.2588
241510771,05/26/2024 12:00:00 AM,05/26/2024 12:00:00 AM,0845,15,N Hollywood,1586,2,888,TRESPASSING,0910 1822 2052,0,X,X,912,MTA - RED LINE - UNIVERSAL CITY/STUDIO CITY,,,AA,Adult Arrest,888,,,,3900    LANKERSHIM                   BL,,34.1393,-118.362
240411547,11/18/2024 12:00:00 AM,11/17/2024 12:00:00 AM,1944,04,Hollenbeck,0459,2,354,THEFT OF IDENTITY,0100 0929 0930,39,F,H,501,SINGLE FAMILY DWELLING,,,IC,Invest Cont,354,,,,3200    FOLSOM                       ST,,34.0434,-118.1954
240610708,07/21/2024 12:00:00 AM,07/21/2024 12:00:00 AM,1700,06,Hollywood,0645,1,442,SHOPLIFTING - PETTY THEFT ($950 & UNDER),1822 0325 0104 1501,0,X,X,405,CLOTHING STORE,,,IC,Invest Cont,442,,,,6800    HOLLYWOOD                    BL,,34.1016,-118.3387
240312103,07/08/2024 12:00:00 AM,07/06/2024 12:00:00 AM,0800,03,Southwest,0338,1,341,"THEFT-GRAND ($950.01 & OVER)EXCPT,GUNS,FOWL,LIVESTK,PROD",0344 1822,23,X,X,101,STREET,,,IC,Invest Cont,341,,,,1200 W  29TH                         ST,,34.0284,-118.2866
240107436,02/18/2024 12:00:00 AM,02/18/2024 12:00:00 AM,1600,01,Central,0119,2,624,BATTERY - SIMPLE ASSAULT,1266 0444 0910 1822,25,F,H,834,LA UNION STATION (NOT LINE SPECIFIC),400,"STRONG-ARM (HANDS, FIST, FEET OR BODILY FORCE)",IC,Invest Cont,624,,,,800 N  ALAMEDA                      ST,,34.0561,-118.2375
242107836,04/10/2024 12:00:00 AM,04/09/2024 12:00:00 AM,1830,21,Topanga,2134,1,331,THEFT FROM MOTOR VEHICLE - GRAND ($950.01 AND OVER),0385,51,M,H,101,STREET,223,UNKNOWN TYPE CUTTING INSTRUMENT,IC,Invest Cont,331,,,,22200    VALERIO                      ST,,34.2047,-118.6103
240311300,06/10/2024 12:00:00 AM,06/01/2024 12:00:00 AM,0800,03,Southwest,0361,2,740,"VANDALISM - FELONY ($400 & OVER, ALL CHURCH VANDALISMS)",0329 1300 1822,41,F,H,122,"VEHICLE, PASSENGER/TRUCK",,,IC,Invest Cont,740,,,,4000    NICOLET                      AV,,34.0171,-118.3531
241106410,03/03/2024 12:00:00 AM,03/01/2024 12:00:00 AM,1835,11,Northeast,1143,1,510,VEHICLE - STOLEN,,0,,,101,STREET,,,IC,Invest Cont,510,,,,ST GEORGE,MONON,34.1097,-118.2739
240316284,11/16/2024 12:00:00 AM,11/16/2024 12:00:00 AM,0001,03,Southwest,0338,1,510,VEHICLE - STOLEN,,0,,,101,STREET,,,IC,Invest Cont,510,,,,1100 W  30TH                         ST,,34.0275,-118.2868
240311704,06/24/2024 12:00:00 AM,06/23/2024 12:00:00 AM,2100,03,Southwest,0332,1,330,BURGLARY FROM VEHICLE,1822 0344 1601 1307 1609 0329 0352,19,M,H,102,SIDEWALK,,,IC,Invest Cont,330,,,,2900    CHESAPEAKE                   AV,,34.0294,-118.345
241904744,01/20/2024 12:00:00 AM,01/20/2024 12:00:00 AM,0130,19,Mission,1985,2,624,BATTERY - SIMPLE ASSAULT,1822 1218 1266 0416,41,M,B,101,STREET,400,"STRONG-ARM (HANDS, FIST, FEET OR BODILY FORCE)",IC,Invest Cont,624,,,,8500    VAN NUYS                     BL,,34.225,-118.4488
241005737,02/19/2024 12:00:00 AM,02/19/2024 12:00:00 AM,0202,10,West Valley,1078,2,740,"VANDALISM - FELONY ($400 & OVER, ALL CHURCH VANDALISMS)",1822 0329 1414,0,M,W,203,OTHER BUSINESS,,,AA,Adult Arrest,740,,,,16100    VENTURA                      BL,,34.1613,-118.4917
240314385,09/18/2024 12:00:00 AM,09/17/2024 12:00:00 AM,2000,03,Southwest,0397,1,510,VEHICLE - STOLEN,,0,,,101,STREET,,,IC,Invest Cont,510,,,,4100    HALLDALE                     AV,,34.0091,-118.3023
241413824,10/06/2024 12:00:00 AM,10/05/2024 12:00:00 AM,2200,14,Pacific,1438,1,510,VEHICLE - STOLEN,,0,,,101,STREET,,,IC,Invest Cont,510,,,,3600    MIDVALE                      AV,,34.0204,-118.4139
241505185,01/24/2024 12:00:00 AM,01/24/2024 12:00:00 AM,1930,15,N Hollywood,1505,1,442,SHOPLIFTING - PETTY THEFT ($950 & UNDER),1822 0344 0325,68,M,O,203,OTHER BUSINESS,,,IC,Invest Cont,442,,,,7500    LANKERSHIM                   BL,,34.2067,-118.3878
241207692,03/03/2024 12:00:00 AM,03/03/2024 12:00:00 AM,1900,12,77th Street,1267,2,740,"VANDALISM - FELONY ($400 & OVER, ALL CHURCH VANDALISMS)",0329,36,F,B,101,STREET,,,IC,Invest Cont,740,,,,300 W  84TH                         PL,,33.9623,-118.2783
241508995,04/13/2024 12:00:00 AM,04/12/2024 12:00:00 AM,2150,15,N Hollywood,1526,2,900,VIOLATION OF COURT ORDER,2038 2000,52,M,H,502,"MULTI-UNIT DWELLING (APARTMENT, DUPLEX, ETC)",,,AO,Adult Other,900,,,,6200    LANKERSHIM                   BL,,34.183,-118.3856
240507396,03/30/2024 12:00:00 AM,03/23/2024 12:00:00 AM,0001,05,Harbor,0559,2,745,VANDALISM - MISDEAMEANOR ($399 OR UNDER),0329,0,X,X,203,OTHER BUSINESS,,,IC,Invest Cont,745,,,,1000    WAYS                         ST,,33.7348,-118.2648
240709146,05/30/2024 12:00:00 AM,05/30/2024 12:00:00 AM,0730,07,Wilshire,0782,1,420,THEFT FROM MOTOR VEHICLE - PETTY ($950 & UNDER),,0,,,101,STREET,,,IC,Invest Cont,420,,,,5700    COLOGNE                      ST,,34.0385,-118.3681
242106842,03/06/2024 12:00:00 AM,02/10/2024 12:00:00 AM,1300,21,Topanga,2156,2,740,"VANDALISM - FELONY ($400 & OVER, ALL CHURCH VANDALISMS)",0329,33,F,H,108,PARKING LOT,,,AO,Adult Other,740,,,,6200    TOPANGA CANYON               BL,,34.1865,-118.6017
242011544,09/10/2024 12:00:00 AM,09/07/2024 12:00:00 AM,0030,20,Olympic,2044,1,331,THEFT FROM MOTOR VEHICLE - GRAND ($950.01 AND OVER),0344 0385 1606 1822,24,F,H,101,STREET,,,IC,Invest Cont,331,,,,900 S  ARDMORE                      AV,,34.0559,-118.302
240411091,10/27/2024 12:00:00 AM,10/26/2024 12:00:00 AM,1306,04,Hollenbeck,0439,2,354,THEFT OF IDENTITY,0100 0930,80,M,W,501,SINGLE FAMILY DWELLING,,,IC,Invest Cont,354,,,,2000    BARNETT                      RD,,34.0665,-118.1722
241204157,01/02/2024 12:00:00 AM,01/02/2024 12:00:00 AM,1750,12,77th Street,1215,2,624,BATTERY - SIMPLE ASSAULT,0913 0603 0444 0342,33,M,H,501,SINGLE FAMILY DWELLING,400,"STRONG-ARM (HANDS, FIST, FEET OR BODILY FORCE)",IC,Invest Cont,624,,,,1400 W  58TH                         ST,,33.9897,-118.3002
242107882,04/11/2024 12:00:00 AM,04/04/2024 12:00:00 AM,0700,21,Topanga,2157,1,522,"VEHICLE, STOLEN - OTHER (MOTORIZED SCOOTERS, BIKES, ETC)",,0,,,108,PARKING LOT,,,IC,Invest Cont,522,,,,6600    VARIEL                       AV,,34.1892,-118.5928
241911464,09/07/2024 12:00:00 AM,09/07/2024 12:00:00 AM,0001,19,Mission,1984,1,510,VEHICLE - STOLEN,,0,,,101,STREET,,,IC,Invest Cont,510,,,,14800    CHASE                        ST,,34.2247,-118.4553
240707081,03/12/2024 12:00:00 AM,02/14/2024 12:00:00 AM,0600,07,Wilshire,0738,2,668,"EMBEZZLEMENT, GRAND THEFT ($950.01 & OVER)",,0,,,203,OTHER BUSINESS,,,IC,Invest Cont,668,,,,4700    WILSHIRE                     BL,,34.062,-118.3318
241304808,01/19/2024 12:00:00 AM,01/18/2024 12:00:00 AM,2108,13,Newton,1342,1,310,BURGLARY,0344,26,M,W,108,PARKING LOT,,,IC,Invest Cont,310,,,,3500 S  MAIN                         ST,,34.0175,-118.2734
241215324,09/17/2024 12:00:00 AM,09/17/2024 12:00:00 AM,0001,12,77th Street,1239,1,510,VEHICLE - STOLEN,,0,,,108,PARKING LOT,,,IC,Invest Cont,510,,,,7TH                          ST,HOOVER                       ST,33.9863,-118.2881
240114904,07/18/2024 12:00:00 AM,07/17/2024 12:00:00 AM,1500,01,Central,0162,1,341,"THEFT-GRAND ($950.01 & OVER)EXCPT,GUNS,FOWL,LIVESTK,PROD",0344 1822,27,M,W,503,HOTEL,,,IC,Invest Cont,341,,,,400 W  7TH                          ST,,34.0459,-118.2545
240707975,04/09/2024 12:00:00 AM,04/05/2024 12:00:00 AM,1403,07,Wilshire,0736,1,440,THEFT PLAIN - PETTY ($950 & UNDER),0344 0394 1822,24,M,W,502,"MULTI-UNIT DWELLING (APARTMENT, DUPLEX, ETC)",,,IC,Invest Cont,440,,,,400 S  DETROIT                      ST,,34.0669,-118.3451
241413619,09/29/2024 12:00:00 AM,09/29/2024 12:00:00 AM,1651,14,Pacific,1469,1,442,SHOPLIFTING - PETTY THEFT ($950 & UNDER),0344 0325 0352,0,X,X,404,DEPARTMENT STORE,,,IC,Invest Cont,442,,,,6800    LA TIJERA                    BL,,33.9773,-118.3718
240804287,01/06/2024 12:00:00 AM,01/06/2024 12:00:00 AM,1510,08,West LA,0839,1,440,THEFT PLAIN - PETTY ($950 & UNDER),0344,34,M,B,727,SHOPPING MALL (COMMON AREA),,,IC,Invest Cont,440,,,,10200    SANTA MONICA                 BL,,34.0611,-118.4184
240910239,07/09/2024 12:00:00 AM,07/07/2024 12:00:00 AM,2300,09,Van Nuys,0914,1,510,VEHICLE - STOLEN,,0,,,108,PARKING LOT,,,IC,Invest Cont,510,,,,15200    SHERMAN                      WY,,34.2011,-118.4641
240608062,03/30/2024 12:00:00 AM,03/16/2024 12:00:00 AM,1800,06,Hollywood,0637,1,341,"THEFT-GRAND ($950.01 & OVER)EXCPT,GUNS,FOWL,LIVESTK,PROD",1501 1822 0344 0352 1606,42,M,W,502,"MULTI-UNIT DWELLING (APARTMENT, DUPLEX, ETC)",,,AO,Adult Other,341,,,,6200    HOLLYWOOD                    BL,,34.103,-118.3225
241315268,12/03/2024 12:00:00 AM,11/30/2024 12:00:00 AM,1800,13,Newton,1375,1,510,VEHICLE - STOLEN,,0,,,101,STREET,,,IC,Invest Cont,510,,,,5400    HOOPER                       AV,,33.9939,-118.2521
240209732,05/12/2024 12:00:00 AM,05/11/2024 12:00:00 AM,1300,02,Rampart,0245,1,510,VEHICLE - STOLEN,,0,,,101,STREET,,,AA,Adult Arrest,510,,,,500 S  CORONADO                     ST,,34.0632,-118.2796
241300578,02/13/2024 12:00:00 AM,02/13/2024 12:00:00 AM,0100,13,Newton,1352,1,230,"ASSAULT WITH DEADLY WEAPON, AGGRAVATED ASSAULT",1419 1402 0302 0432 1407 1822 1309,28,M,H,101,STREET,102,HAND GUN,AA,Adult Arrest,230,998,,,WALL                         ST,VERNON                       AV,34.0038,-118.2718
240310777,05/25/2024 12:00:00 AM,05/23/2024 12:00:00 AM,1800,03,Southwest,0325,1,331,THEFT FROM MOTOR VEHICLE - GRAND ($950.01 AND OVER),1822 1606 0344 0385,36,M,O,101,STREET,,,IC,Invest Cont,331,,,,1500 W  29TH                         ST,,34.0307,-118.2923
241800675,08/27/2024 12:00:00 AM,08/27/2024 12:00:00 AM,1930,18,Southeast,1826,1,648,ARSON,0913 1821 0329,53,F,H,122,"VEHICLE, PASSENGER/TRUCK",,,IC,Invest Cont,648,,,,DEFIANCE,97TH                         ST,33.9481,-118.2453
241012048,11/02/2024 12:00:00 AM,10/30/2024 12:00:00 AM,0530,10,West Valley,1011,1,420,THEFT FROM MOTOR VEHICLE - PETTY ($950 & UNDER),,0,,,101,STREET,,,IC,Invest Cont,420,,,,19000    SHERMAN                      WY,,34.2012,-118.5474
240310436,05/11/2024 12:00:00 AM,05/03/2024 12:00:00 AM,1830,03,Southwest,0393,2,745,VANDALISM - MISDEAMEANOR ($399 OR UNDER),0329 0913 1300 1802,26,F,O,122,"VEHICLE, PASSENGER/TRUCK",,,IC,Invest Cont,745,,,,4300    CRENSHAW                     BL,,34.0053,-118.3337
241309322,05/13/2024 12:00:00 AM,04/19/2024 12:00:00 AM,2200,13,Newton,1313,1,440,THEFT PLAIN - PETTY ($950 & UNDER),0344 1822,22,M,H,213,WAREHOUSE,,,IC,Invest Cont,440,,,,1700    WALL                         ST,,34.03,-118.2594
241107336,04/07/2024 12:00:00 AM,04/07/2024 12:00:00 AM,0430,11,Northeast,1152,1,331,THEFT FROM MOTOR VEHICLE - GRAND ($950.01 AND OVER),1822 0344,39,M,W,101,STREET,,,IC,Invest Cont,331,,,,1500    ROSALIA                      RD,,34.0982,-118.2862
241506443,02/19/2024 12:00:00 AM,02/16/2024 12:00:00 AM,1825,15,N Hollywood,1527,1,442,SHOPLIFTING - PETTY THEFT ($950 & UNDER),0344 1822 0325,0,X,X,404,DEPARTMENT STORE,,,IC,Invest Cont,442,,,,11000    VICTORY                      BL,,34.1867,-118.3703
240508975,05/15/2024 12:00:00 AM,05/12/2024 12:00:00 AM,1800,05,Harbor,0527,2,745,VANDALISM - MISDEAMEANOR ($399 OR UNDER),0329,0,X,X,709,PUBLIC RESTROOM(INDOORS-INSIDE),,,IC,Invest Cont,745,,,,300 S  AVALON                       BL,,33.7697,-118.2613
240704271,01/07/2024 12:00:00 AM,01/07/2024 12:00:00 AM,1415,07,Wilshire,0702,1,510,VEHICLE - STOLEN,,0,,,101,STREET,,,IC,Invest Cont,510,,,,800 N  SPAULDING                    AV,,34.0854,-118.3574
240804891,01/25/2024 12:00:00 AM,01/20/2024 12:00:00 AM,1220,08,West LA,0889,1,442,SHOPLIFTING - PETTY THEFT ($950 & UNDER),1300 0325,0,X,X,203,OTHER BUSINESS,,,IC,Invest Cont,442,,,,1800    LA CIENEGA                   BL,,34.0425,-118.3818
241308763,04/26/2024 12:00:00 AM,03/30/2024 12:00:00 AM,1900,13,Newton,1313,1,510,VEHICLE - STOLEN,,0,,,101,STREET,,,IC,Invest Cont,510,,,,SAN PEDRO                    ST,WASHINGTON                   BL,34.0276,-118.2574
240607187,03/10/2024 12:00:00 AM,03/10/2024 12:00:00 AM,2110,06,Hollywood,0645,2,624,BATTERY - SIMPLE ASSAULT,1501 0400 1822 0444,59,M,X,727,SHOPPING MALL (COMMON AREA),400,"STRONG-ARM (HANDS, FIST, FEET OR BODILY FORCE)",IC,Invest Cont,624,,,,6800    HOLLYWOOD                    BL,,34.1016,-118.3387
240705048,01/25/2024 12:00:00 AM,01/16/2024 12:00:00 AM,0940,07,Wilshire,0736,1,442,SHOPLIFTING - PETTY THEFT ($950 & UNDER),0325 1822,0,X,X,404,DEPARTMENT STORE,,,IC,Invest Cont,442,,,,400 S  LA BREA                      AV,,34.0669,-118.3456
240304966,01/19/2024 12:00:00 AM,01/18/2024 12:00:00 AM,0800,03,Southwest,0393,1,510,VEHICLE - STOLEN,,0,,,101,STREET,,,IC,Invest Cont,510,,,,4000    CREED                        AV,,34.0109,-118.3246
240311765,06/27/2024 12:00:00 AM,06/24/2024 12:00:00 AM,1140,03,Southwest,0373,2,888,TRESPASSING,1501 1822 0910,23,X,X,947,MTA - EXPO LINE - EXPO/CRENSHAW,,,IC,Invest Cont,888,,,,3400    EXPOSITION                   BL,,34.0222,-118.333
241704828,01/17/2024 12:00:00 AM,01/17/2024 12:00:00 AM,1600,17,Devonshire,1794,2,745,VANDALISM - MISDEAMEANOR ($399 OR UNDER),0329,0,X,X,102,SIDEWALK,,,IC,Invest Cont,745,,,,18400    MALDEN                       ST,,34.2251,-118.5334
240315930,11/04/2024 12:00:00 AM,11/03/2024 12:00:00 AM,1900,03,Southwest,0395,1,420,THEFT FROM MOTOR VEHICLE - PETTY ($950 & UNDER),,0,,,101,STREET,,,IC,Invest Cont,420,,,,W  43RD                         ST,S  ST ANDREWS                   PL,34.0055,-118.3113
240305047,01/21/2024 12:00:00 AM,01/18/2024 12:00:00 AM,1830,03,Southwest,0334,1,510,VEHICLE - STOLEN,,0,,,101,STREET,,,IC,Invest Cont,510,,,,EDGEHILL                     DR,30TH                         ST,34.0276,-118.3305
241308850,04/29/2024 12:00:00 AM,04/29/2024 12:00:00 AM,0900,13,Newton,1321,1,510,VEHICLE - STOLEN,,0,,,101,STREET,,,IC,Invest Cont,510,,,,24TH                         ST,MAPLE                        ST,34.0251,-118.2644
242108002,04/13/2024 12:00:00 AM,03/11/2024 12:00:00 AM,0800,21,Topanga,2175,2,662,"BUNCO, GRAND THEFT",0100 1822 0800,0,M,O,203,OTHER BUSINESS,,,IC,Invest Cont,662,,,,22300    MIRANDA                      ST,,34.1749,-118.6124
242112642,10/24/2024 12:00:00 AM,10/24/2024 12:00:00 AM,1456,21,Topanga,2156,1,442,SHOPLIFTING - PETTY THEFT ($950 & UNDER),0325 2028 0352,50,M,W,404,DEPARTMENT STORE,,,IC,Invest Cont,442,,,,21400    VICTORY                      BL,,34.1884,-118.5975
240311216,06/09/2024 12:00:00 AM,06/08/2024 12:00:00 AM,1205,03,Southwest,0317,1,341,"THEFT-GRAND ($950.01 & OVER)EXCPT,GUNS,FOWL,LIVESTK,PROD",0394 1822 0344,24,M,O,502,"MULTI-UNIT DWELLING (APARTMENT, DUPLEX, ETC)",,,IC,Invest Cont,341,,,,1400 W  ADAMS                        BL,,34.0349,-118.2959
241208400,03/15/2024 12:00:00 AM,03/15/2024 12:00:00 AM,1100,12,77th Street,1239,2,930,CRIMINAL THREATS - NO WEAPON DISPLAYED,,14,M,B,101,STREET,511,VERBAL THREAT,JO,Juv Other,930,,,,6100 S  HOOVER                       ST,,33.9843,-118.2871
242007793,03/28/2024 12:00:00 AM,03/28/2024 12:00:00 AM,2120,20,Olympic,2029,2,755,BOMB SCARE,0404 1402 1822 1510 1516 2055 2021 0903,0,X,X,203,OTHER BUSINESS,501,BOMB THREAT,AA,Adult Arrest,755,946,998,,3000    WILSHIRE                     BL,,34.0652,-118.2878
240504825,01/22/2024 12:00:00 AM,01/08/2024 12:00:00 AM,0600,05,Harbor,0526,2,354,THEFT OF IDENTITY,1822 0927,56,F,B,501,SINGLE FAMILY DWELLING,,,IC,Invest Cont,354,,,,900 N  FRIES                        AV,,33.7815,-118.265
240411142,10/30/2024 12:00:00 AM,10/14/2024 12:00:00 AM,2034,04,Hollenbeck,0469,1,442,SHOPLIFTING - PETTY THEFT ($950 & UNDER),0325,0,X,X,405,CLOTHING STORE,,,IC,Invest Cont,442,,,,3400 E  4TH                          ST,,34.034,-118.1969
241407153,03/09/2024 12:00:00 AM,03/08/2024 12:00:00 AM,1700,14,Pacific,1454,1,310,BURGLARY,1607 0329,69,F,O,710,OTHER PREMISE,,,IC,Invest Cont,310,,,,12800    BONAPARTE                    AV,,33.9873,-118.4274
240906094,02/27/2024 12:00:00 AM,02/27/2024 12:00:00 AM,1050,09,Van Nuys,0919,2,624,BATTERY - SIMPLE ASSAULT,0416 0913,37,F,H,502,"MULTI-UNIT DWELLING (APARTMENT, DUPLEX, ETC)",400,"STRONG-ARM (HANDS, FIST, FEET OR BODILY FORCE)",IC,Invest Cont,624,,,,7100    WOODMAN                      AV,,34.1994,-118.4313
241006747,03/16/2024 12:00:00 AM,03/16/2024 12:00:00 AM,0514,10,West Valley,1079,1,310,BURGLARY,0344 1609 1822 0358,0,M,W,404,DEPARTMENT STORE,,,IC,Invest Cont,310,,,,15600    VENTURA                      BL,,34.1599,-118.4766
240404110,01/04/2024 12:00:00 AM,01/04/2024 12:00:00 AM,1448,04,Hollenbeck,0438,2,624,BATTERY - SIMPLE ASSAULT,0913 0400 0416 0444 0429,36,F,H,121,YARD (RESIDENTIAL/BUSINESS),400,"STRONG-ARM (HANDS, FIST, FEET OR BODILY FORCE)",IC,Invest Cont,624,,,,2900    COVINA                       ST,,34.0788,-118.1652
241814484,11/07/2024 12:00:00 AM,11/05/2024 12:00:00 AM,1840,18,Southeast,1861,1,440,THEFT PLAIN - PETTY ($950 & UNDER),0344 1822 0377,31,F,B,108,PARKING LOT,,,IC,Invest Cont,440,,,,11900 S  VERMONT                      AV,,33.9251,-118.2915
241105906,02/20/2024 12:00:00 AM,02/20/2024 12:00:00 AM,0330,11,Northeast,1118,1,310,BURGLARY,0344 1607 1402,0,X,X,203,OTHER BUSINESS,,,IC,Invest Cont,310,998,,,5600    YORK                         BL,,34.1194,-118.1967
240908222,04/20/2024 12:00:00 AM,04/19/2024 12:00:00 AM,1915,09,Van Nuys,0916,1,510,VEHICLE - STOLEN,,0,,,101,STREET,,,IC,Invest Cont,510,,,,6900    CANTALOUPE                   AV,,34.1957,-118.4345
240613081,11/03/2024 12:00:00 AM,11/02/2024 12:00:00 AM,2000,06,Hollywood,0645,1,510,VEHICLE - STOLEN,,0,,,101,STREET,,,IC,Invest Cont,510,,,,6800    DE LONGPRE                   AV,,34.0962,-118.3386
241104912,01/24/2024 12:00:00 AM,01/23/2024 12:00:00 AM,1900,11,Northeast,1171,1,330,BURGLARY FROM VEHICLE,1302 0344 1300,31,F,W,101,STREET,,,IC,Invest Cont,330,,,,1600    GOLDEN GATE                  AV,,34.0904,-118.2753
240211954,07/15/2024 12:00:00 AM,07/12/2024 12:00:00 AM,2100,02,Rampart,0235,1,341,"THEFT-GRAND ($950.01 & OVER)EXCPT,GUNS,FOWL,LIVESTK,PROD",0344 1822,27,F,F,501,SINGLE FAMILY DWELLING,,,IC,Invest Cont,341,,,,200    ROSELAKE                     AV,,34.0693,-118.2711
240208652,04/09/2024 12:00:00 AM,01/01/2024 12:00:00 AM,0900,02,Rampart,0218,1,420,THEFT FROM MOTOR VEHICLE - PETTY ($950 & UNDER),,0,,,101,STREET,,,IC,Invest Cont,420,,,,1400    KELLAM                       AV,,34.0706,-118.2545
241204895,01/13/2024 12:00:00 AM,01/13/2024 12:00:00 AM,2300,12,77th Street,1243,1,230,"ASSAULT WITH DEADLY WEAPON, AGGRAVATED ASSAULT",2047 0342 1822 0416 0446,34,F,H,501,SINGLE FAMILY DWELLING,400,"STRONG-ARM (HANDS, FIST, FEET OR BODILY FORCE)",IC,Invest Cont,230,,,,1600 W  65TH                         PL,,33.9798,-118.3046
242004667,01/19/2024 12:00:00 AM,01/18/2024 12:00:00 AM,2015,20,Olympic,2041,1,510,VEHICLE - STOLEN,,0,,,101,STREET,,,IC,Invest Cont,510,,,,BRONSON                      AV,OLYMPIC                      BL,34.0543,-118.3219
240316140,11/12/2024 12:00:00 AM,11/08/2024 12:00:00 AM,1600,03,Southwest,0398,2,740,"VANDALISM - FELONY ($400 & OVER, ALL CHURCH VANDALISMS)",1202 0329 1300,74,M,B,501,SINGLE FAMILY DWELLING,,,IC,Invest Cont,740,,,,500 W  41ST                         ST,,34.0097,-118.2827
240310853,05/29/2024 12:00:00 AM,05/28/2024 12:00:00 AM,1830,03,Southwest,0392,1,510,VEHICLE - STOLEN,,0,,,101,STREET,,,IC,Invest Cont,510,,,,3100 W  VERNON                       AV,,34.0037,-118.3269
241405708,02/03/2024 12:00:00 AM,02/03/2024 12:00:00 AM,1545,14,Pacific,1431,1,352,PICKPOCKET,0344,35,M,O,117,BEACH,,,IC,Invest Cont,352,,,,1700    PACIFIC                      AV,,33.9872,-118.4718
240906100,02/27/2024 12:00:00 AM,02/24/2024 12:00:00 AM,1600,09,Van Nuys,0919,1,440,THEFT PLAIN - PETTY ($950 & UNDER),0344 1822,0,X,X,118,CONSTRUCTION SITE,,,IC,Invest Cont,440,,,,6600    FULTON                       AV,,34.1951,-118.4275
240407526,05/12/2024 12:00:00 AM,05/12/2024 12:00:00 AM,0850,04,Hollenbeck,0489,1,510,VEHICLE - STOLEN,,0,,,101,STREET,,,IC,Invest Cont,510,,,,1300 S  DACOTAH                      ST,,34.0217,-118.2118
241212429,06/09/2024 12:00:00 AM,06/09/2024 12:00:00 AM,1835,12,77th Street,1239,1,442,SHOPLIFTING - PETTY THEFT ($950 & UNDER),0344,0,X,X,405,CLOTHING STORE,,,IC,Invest Cont,442,,,,5800 S  VERMONT                      AV,,33.9856,-118.2915
240113861,07/02/2024 12:00:00 AM,06/27/2024 12:00:00 AM,1045,01,Central,0124,2,624,BATTERY - SIMPLE ASSAULT,1501 2010 1601,62,M,W,108,PARKING LOT,400,"STRONG-ARM (HANDS, FIST, FEET OR BODILY FORCE)",IC,Invest Cont,624,,,,200 N  LOS ANGELES                  ST,,34.0525,-118.2432
241205486,01/24/2024 12:00:00 AM,01/24/2024 12:00:00 AM,0350,12,77th Street,1248,2,624,BATTERY - SIMPLE ASSAULT,0429 1822 0416,40,F,W,101,STREET,400,"STRONG-ARM (HANDS, FIST, FEET OR BODILY FORCE)",IC,Invest Cont,624,,,,800 W  70TH                         ST,,33.9764,-118.2871
241308089,04/04/2024 12:00:00 AM,04/03/2024 12:00:00 AM,0330,13,Newton,1385,1,341,"THEFT-GRAND ($950.01 & OVER)EXCPT,GUNS,FOWL,LIVESTK,PROD",0344 1602,0,M,W,101,STREET,,,IC,Invest Cont,341,,,,5900    AVALON                       BL,,33.9872,-118.2652
242104298,01/08/2024 12:00:00 AM,01/08/2024 12:00:00 AM,0100,21,Topanga,2146,2,740,"VANDALISM - FELONY ($400 & OVER, ALL CHURCH VANDALISMS)",0329,35,M,X,203,OTHER BUSINESS,,,AA,Adult Arrest,740,,,,21300    VANOWEN                      ST,,34.1974,-118.5994
241806918,03/02/2024 12:00:00 AM,03/02/2024 12:00:00 AM,0610,18,Southeast,1891,1,310,BURGLARY,0913 1275 1300 0344 0329 1601 1609 1202 0327,68,M,P,501,SINGLE FAMILY DWELLING,,,AO,Adult Other,310,,,,600 W  168TH                        PL,,33.8784,-118.2858
242108085,04/16/2024 12:00:00 AM,04/16/2024 12:00:00 AM,1500,21,Topanga,2187,1,310,BURGLARY,0344 1609 1202,62,M,O,501,SINGLE FAMILY DWELLING,,,IC,Invest Cont,310,,,,21600    DUMETZ                       RD,,34.1635,-118.5977
241810687,06/13/2024 12:00:00 AM,06/12/2024 12:00:00 AM,1800,18,Southeast,1841,1,510,VEHICLE - STOLEN,,0,,,101,STREET,,,IC,Invest Cont,510,,,,500 W  112TH                        ST,,33.9329,-118.2826
242008695,05/01/2024 12:00:00 AM,05/01/2024 12:00:00 AM,0505,20,Olympic,2042,1,331,THEFT FROM MOTOR VEHICLE - GRAND ($950.01 AND OVER),0344 0385 1602 1822,25,M,H,101,STREET,,,IC,Invest Cont,331,,,,800 S  GRAMERCY                     DR,,34.0559,-118.3122
241105131,01/30/2024 12:00:00 AM,01/29/2024 12:00:00 AM,1200,11,Northeast,1161,2,662,"BUNCO, GRAND THEFT",0113 1822 0701 0800 0344 0100,27,M,H,501,SINGLE FAMILY DWELLING,,,IC,Invest Cont,662,,,,1200 N  EDGEMONT                     ST,,34.0931,-118.2983
240706243,02/22/2024 12:00:00 AM,02/22/2024 12:00:00 AM,1330,07,Wilshire,0745,1,420,THEFT FROM MOTOR VEHICLE - PETTY ($950 & UNDER),1300 1606 1822 0344,47,M,B,301,GAS STATION,,,IC,Invest Cont,420,,,,5300 W  OLYMPIC                      BL,,34.0573,-118.3459
241814661,11/15/2024 12:00:00 AM,11/14/2024 12:00:00 AM,1830,18,Southeast,1849,1,510,VEHICLE - STOLEN,,0,,,101,STREET,,,IC,Invest Cont,510,,,,2200 S  SANTA ANA                    BL,,33.9359,-118.2345
241305018,01/22/2024 12:00:00 AM,01/06/2024 12:00:00 AM,2300,13,Newton,1361,1,520,VEHICLE - ATTEMPT STOLEN,0329,23,M,H,101,STREET,,,IC,Invest Cont,520,,,,100 W  49TH                         ST,,33.9983,-118.274
242013988,12/12/2024 12:00:00 AM,12/09/2024 12:00:00 AM,1600,20,Olympic,2005,1,510,VEHICLE - STOLEN,,0,,,101,STREET,,,IC,Invest Cont,510,,,,NORMANDIE                    PL,OAKWOOD                      AV,34.0776,-118.3012
241007108,03/27/2024 12:00:00 AM,03/26/2024 12:00:00 AM,0001,10,West Valley,1029,1,330,BURGLARY FROM VEHICLE,1300 1822 0344,41,M,W,123,PARKING UNDERGROUND/BUILDING,,,IC,Invest Cont,330,,,,7000    WOODLEY                      AV,,34.1975,-118.4837
241909561,06/17/2024 12:00:00 AM,06/17/2024 12:00:00 AM,0001,19,Mission,1958,1,510,VEHICLE - STOLEN,,0,,,101,STREET,,,IC,Invest Cont,510,,,,9800    WOODALE                      AV,,34.2544,-118.4427
242012207,10/03/2024 12:00:00 AM,03/01/2024 12:00:00 AM,1200,20,Olympic,2011,2,812,CRM AGNST CHLD (13 OR UNDER) (14-15 & SUSP 10 YRS OLDER),0913 2000 1814 0533 1251 1259,15,F,H,501,SINGLE FAMILY DWELLING,400,"STRONG-ARM (HANDS, FIST, FEET OR BODILY FORCE)",IC,Invest Cont,812,,,,200 S  MANHATTAN                    PL,,34.0711,-118.3104
241411829,08/02/2024 12:00:00 AM,07/31/2024 12:00:00 AM,0500,14,Pacific,1496,1,510,VEHICLE - STOLEN,,0,,,108,PARKING LOT,,,IC,Invest Cont,510,,,,5900 W  98TH                         ST,,33.9473,-118.386
241006566,03/10/2024 12:00:00 AM,03/08/2024 12:00:00 AM,0247,10,West Valley,1029,1,440,THEFT PLAIN - PETTY ($950 & UNDER),1202 1822 0344 1309,65,M,A,501,SINGLE FAMILY DWELLING,,,IC,Invest Cont,440,,,,15800    BASSETT                      ST,,34.1957,-118.4773
241809690,05/03/2024 12:00:00 AM,05/02/2024 12:00:00 AM,1343,18,Southeast,1837,2,354,THEFT OF IDENTITY,0100 1822 0922,28,F,H,501,SINGLE FAMILY DWELLING,,,IC,Invest Cont,354,,,,1800 E  109TH                        PL,,33.9362,-118.2401
241207471,02/22/2024 12:00:00 AM,02/22/2024 12:00:00 AM,0830,12,77th Street,1253,1,320,"BURGLARY, ATTEMPTED",1309,44,F,B,501,SINGLE FAMILY DWELLING,,,AA,Adult Arrest,320,,,,7800 S  DENKER                       AV,,33.9709,-118.3112
240704214,01/05/2024 12:00:00 AM,01/05/2024 12:00:00 AM,1326,07,Wilshire,0722,1,442,SHOPLIFTING - PETTY THEFT ($950 & UNDER),0325 1822,0,X,X,417,THE BEVERLY CONNECTION,,,IC,Invest Cont,442,,,,8400    BEVERLY                      BL,,34.0761,-118.3732
241004864,01/24/2024 12:00:00 AM,01/24/2024 12:00:00 AM,0300,10,West Valley,1005,1,331,THEFT FROM MOTOR VEHICLE - GRAND ($950.01 AND OVER),1822 0344 0385 1300,37,M,F,501,SINGLE FAMILY DWELLING,,,IC,Invest Cont,331,,,,8000    LINDLEY                      AV,,34.2157,-118.5273
242112342,10/13/2024 12:00:00 AM,09/14/2024 12:00:00 AM,0818,21,Topanga,2175,2,354,THEFT OF IDENTITY,0377,37,F,W,501,SINGLE FAMILY DWELLING,,,IC,Invest Cont,354,,,,22600    COLLINS                      ST,,34.1739,-118.619
241312323,08/18/2024 12:00:00 AM,07/01/2024 12:00:00 AM,2205,13,Newton,1365,2,956,"LETTERS, LEWD  -  TELEPHONE CALLS, LEWD",0913 1906,39,F,B,710,OTHER PREMISE,,,IC,Invest Cont,956,,,,5200    LATHAM                       ST,,33.9957,-118.2514
242106057,02/20/2024 12:00:00 AM,01/14/2024 12:00:00 AM,2030,21,Topanga,2155,1,236,INTIMATE PARTNER - AGGRAVATED ASSAULT,0400 1813 2000 0913 0334,57,F,B,501,SINGLE FAMILY DWELLING,200,KNIFE WITH BLADE 6INCHES OR LESS,AO,Adult Other,236,,,,6000    POMEGRANATE                  LN,,34.1807,-118.6105
240207845,03/16/2024 12:00:00 AM,03/12/2024 12:00:00 AM,1855,02,Rampart,0231,2,354,THEFT OF IDENTITY,0930 1822 0100,35,M,I,502,"MULTI-UNIT DWELLING (APARTMENT, DUPLEX, ETC)",,,IC,Invest Cont,354,,,,100 N  DILLON                       ST,,34.0722,-118.2831
241200525,01/29/2024 12:00:00 AM,01/29/2024 12:00:00 AM,1530,12,77th Street,1235,1,310,BURGLARY,1402 0329,0,X,X,401,MINI-MART,,,AO,Adult Other,310,998,,,6100 S  NORMANDIE                    AV,,33.9841,-118.3003
240113389,06/25/2024 12:00:00 AM,06/05/2024 12:00:00 AM,0800,01,Central,0159,1,440,THEFT PLAIN - PETTY ($950 & UNDER),0910 0344,0,X,X,116,OTHER/OUTSIDE,,,IC,Invest Cont,440,,,,E  7TH,IMPERIAL,34.0346,-118.2312
241412941,09/04/2024 12:00:00 AM,09/03/2024 12:00:00 AM,1930,14,Pacific,1409,1,420,THEFT FROM MOTOR VEHICLE - PETTY ($950 & UNDER),0344 1300,32,M,O,101,STREET,,,IC,Invest Cont,420,,,,3600    CARDIFF                      AV,,34.0286,-118.3983
241112432,11/26/2024 12:00:00 AM,11/26/2024 12:00:00 AM,0700,11,Northeast,1134,1,420,THEFT FROM MOTOR VEHICLE - PETTY ($950 & UNDER),,0,,,101,STREET,,,IC,Invest Cont,420,,,,2100 W  AVENUE 31,,34.1041,-118.2335
240512935,11/27/2024 12:00:00 AM,10/15/2024 12:00:00 AM,1200,05,Harbor,0559,1,341,"THEFT-GRAND ($950.01 & OVER)EXCPT,GUNS,FOWL,LIVESTK,PROD",,0,,,101,STREET,,,IC,Invest Cont,341,,,,600    TERMINAL                     WY,,33.743,-118.2625
240804938,01/27/2024 12:00:00 AM,01/26/2024 12:00:00 AM,1900,08,West LA,0898,1,510,VEHICLE - STOLEN,,0,,,101,STREET,,,IC,Invest Cont,510,,,,3000    LIVONIA                      AV,,34.0332,-118.3913
240311399,06/14/2024 12:00:00 AM,06/14/2024 12:00:00 AM,2210,03,Southwest,0392,1,510,VEHICLE - STOLEN,,0,,,101,STREET,,,IC,Invest Cont,510,,,,2800 W  48TH                         ST,,34,-118.3236
241312520,08/25/2024 12:00:00 AM,08/25/2024 12:00:00 AM,1830,13,Newton,1321,1,510,VEHICLE - STOLEN,,0,,,101,STREET,,,IC,Invest Cont,510,,,,2500 S  GRAND                        AV,,34.0274,-118.2717
240217941,12/10/2024 12:00:00 AM,12/09/2024 12:00:00 AM,2300,02,Rampart,0249,1,510,VEHICLE - STOLEN,,0,,,101,STREET,,,IC,Invest Cont,510,,,,500 S  BIXEL                        ST,,34.0549,-118.2614
241305396,01/28/2024 12:00:00 AM,01/27/2024 12:00:00 AM,2200,13,Newton,1372,1,330,BURGLARY FROM VEHICLE,0344 1307,30,F,H,101,STREET,,,IC,Invest Cont,330,,,,5300 S  SAN PEDRO                    ST,,33.9938,-118.2701
242110649,07/30/2024 12:00:00 AM,07/30/2024 12:00:00 AM,0134,21,Topanga,2161,1,510,VEHICLE - STOLEN,,0,,,101,STREET,,,IC,Invest Cont,510,,,,23800    BESSEMER                     ST,,34.1809,-118.6442
240105866,01/27/2024 12:00:00 AM,01/25/2024 12:00:00 AM,2100,01,Central,0182,1,510,VEHICLE - STOLEN,,0,,,108,PARKING LOT,,,IC,Invest Cont,510,,,,900 S  HILL                         ST,,34.042,-118.2625
241506627,02/25/2024 12:00:00 AM,02/24/2024 12:00:00 AM,0700,15,N Hollywood,1543,1,510,VEHICLE - STOLEN,,0,,,101,STREET,,,AA,Adult Arrest,510,,,,5300    HERMITAGE                    AV,,34.1667,-118.4004
240907481,04/01/2024 12:00:00 AM,04/01/2024 12:00:00 AM,1650,09,Van Nuys,0933,1,330,BURGLARY FROM VEHICLE,1822 1609 0344,38,M,H,101,STREET,,,IC,Invest Cont,330,,,,14600    SYLVAN                       ST,,34.1847,-118.4509
240109312,03/20/2024 12:00:00 AM,03/20/2024 12:00:00 AM,1520,01,Central,0153,2,888,TRESPASSING,0910 1501,0,X,X,902,MTA - RED LINE - PERSHING SQUARE,,,IC,Invest Cont,888,,,,500 S  HILL                         ST,,34.0488,-118.2518
241105054,01/21/2024 12:00:00 AM,01/20/2024 12:00:00 AM,1100,11,Northeast,1102,2,740,"VANDALISM - FELONY ($400 & OVER, ALL CHURCH VANDALISMS)",0329 1300 1307,25,F,H,210,RESTAURANT/FAST FOOD,,,IC,Invest Cont,740,,,,2900    LOS FELIZ                    BL,,34.1265,-118.2629
240506480,03/05/2024 12:00:00 AM,03/05/2024 12:00:00 AM,1430,05,Harbor,0505,1,520,VEHICLE - ATTEMPT STOLEN,1307 1822 1609 0329,38,M,H,108,PARKING LOT,,,IC,Invest Cont,520,,,,19500 S  VERMONT                      AV,,33.8542,-118.2905
241407881,03/22/2024 12:00:00 AM,03/22/2024 12:00:00 AM,0120,14,Pacific,1431,1,330,BURGLARY FROM VEHICLE,0344 1307 1609,33,M,W,103,ALLEY,,,IC,Invest Cont,330,,,,300    MILDRED                      AV,,33.9868,-118.469
240606280,02/18/2024 12:00:00 AM,02/09/2024 12:00:00 AM,1200,06,Hollywood,0678,1,420,THEFT FROM MOTOR VEHICLE - PETTY ($950 & UNDER),,0,,,101,STREET,,,IC,Invest Cont,420,,,,900 N  OXFORD                       AV,,34.0862,-118.3078
240705948,02/15/2024 12:00:00 AM,02/15/2024 12:00:00 AM,1055,07,Wilshire,0762,1,341,"THEFT-GRAND ($950.01 & OVER)EXCPT,GUNS,FOWL,LIVESTK,PROD",1822 0344,30,F,H,501,SINGLE FAMILY DWELLING,,,IC,Invest Cont,341,,,,1600 S  FAIRFAX                      AV,,34.0483,-118.372
241907170,03/26/2024 12:00:00 AM,03/26/2024 12:00:00 AM,1200,19,Mission,1907,2,901,VIOLATION OF RESTRAINING ORDER,2038,38,F,B,501,SINGLE FAMILY DWELLING,,,IC,Invest Cont,901,,,,12900    NEWTON                       ST,,34.3,-118.4139
241111467,10/17/2024 12:00:00 AM,10/14/2024 12:00:00 AM,1510,11,Northeast,1143,1,331,THEFT FROM MOTOR VEHICLE - GRAND ($950.01 AND OVER),0385,78,M,C,504,OTHER RESIDENCE,,,IC,Invest Cont,331,,,,3700    EVANS                        ST,,34.1056,-118.2728
241404854,01/23/2024 12:00:00 AM,01/20/2024 12:00:00 AM,0600,14,Pacific,1455,1,310,BURGLARY,1501,58,F,W,501,SINGLE FAMILY DWELLING,,,IC,Invest Cont,310,,,,12500    ROSY                         CI,,33.9842,-118.417
242010392,06/26/2024 12:00:00 AM,06/25/2024 12:00:00 AM,0419,20,Olympic,2005,1,420,THEFT FROM MOTOR VEHICLE - PETTY ($950 & UNDER),0344 1822 2032,38,M,F,108,PARKING LOT,,,IC,Invest Cont,420,,,,500 N  HARVARD                      BL,,34.0799,-118.3046
241306239,02/17/2024 12:00:00 AM,02/17/2024 12:00:00 AM,1700,13,Newton,1367,2,930,CRIMINAL THREATS - NO WEAPON DISPLAYED,2000 0432 0421 1814 0913,41,F,B,102,SIDEWALK,511,VERBAL THREAT,IC,Invest Cont,930,,,,1500 E  51ST                         ST,,33.9967,-118.2478
241400759,04/28/2024 12:00:00 AM,04/27/2024 12:00:00 AM,2300,14,Pacific,1495,1,330,BURGLARY FROM VEHICLE,1402 0344 1307,30,F,B,101,STREET,,,IC,Invest Cont,330,998,,,SEPULVEDA EASTWAY,WESTCHESTER PKWY,33.9546,-118.3947
241404624,01/16/2024 12:00:00 AM,01/15/2024 12:00:00 AM,2100,14,Pacific,1424,1,510,VEHICLE - STOLEN,,0,,,101,STREET,,,IC,Invest Cont,510,,,,12000    NATIONAL                     BL,,34.0215,-118.441
241814175,10/26/2024 12:00:00 AM,10/24/2024 12:00:00 AM,1500,18,Southeast,1832,1,510,VEHICLE - STOLEN,,0,,,101,STREET,,,IC,Invest Cont,510,,,,100 W  104TH                        ST,,33.9419,-118.2739
240710897,08/22/2024 12:00:00 AM,08/19/2024 12:00:00 AM,1310,07,Wilshire,0765,1,442,SHOPLIFTING - PETTY THEFT ($950 & UNDER),0325,23,X,X,203,OTHER BUSINESS,,,IC,Invest Cont,442,,,,1300 S  LA BREA                      AV,,34.0501,-118.3442
240807817,04/15/2024 12:00:00 AM,04/15/2024 12:00:00 AM,1822,08,West LA,0852,1,442,SHOPLIFTING - PETTY THEFT ($950 & UNDER),0325 1822 0378 1420 2028,0,X,X,203,OTHER BUSINESS,,,IC,Invest Cont,442,,,,11800    SANTA MONICA                 BL,,34.0428,-118.4582
240904766,01/22/2024 12:00:00 AM,01/20/2024 12:00:00 AM,1900,09,Van Nuys,0911,1,331,THEFT FROM MOTOR VEHICLE - GRAND ($950.01 AND OVER),0344 0385 1602,48,F,W,101,STREET,,,IC,Invest Cont,331,,,,6400    ORION                        AV,,34.1866,-118.4706
240105910,01/28/2024 12:00:00 AM,01/28/2024 12:00:00 AM,0140,01,Central,0185,1,230,"ASSAULT WITH DEADLY WEAPON, AGGRAVATED ASSAULT",0444 0429 2034 2047 1822 2033,31,F,H,102,SIDEWALK,400,"STRONG-ARM (HANDS, FIST, FEET OR BODILY FORCE)",IC,Invest Cont,230,,,,1000 S  HILL                         ST,,34.0417,-118.2584
241206972,02/20/2024 12:00:00 AM,01/03/2024 12:00:00 AM,1800,12,77th Street,1218,2,930,CRIMINAL THREATS - NO WEAPON DISPLAYED,0913 2000 1814 0421 0319,30,F,H,501,SINGLE FAMILY DWELLING,511,VERBAL THREAT,AA,Adult Arrest,930,,,,500 W  54TH                         ST,,33.9933,-118.2827
240212068,07/18/2024 12:00:00 AM,07/18/2024 12:00:00 AM,0835,02,Rampart,0221,2,740,"VANDALISM - FELONY ($400 & OVER, ALL CHURCH VANDALISMS)",0913 1300 0329,30,F,H,511,PROJECT/TENEMENT/PUBLIC HOUSING,,,IC,Invest Cont,740,,,,300 N  VERMONT                      AV,,34.0777,-118.2961
240809483,07/11/2024 12:00:00 AM,07/11/2024 12:00:00 AM,1330,08,West LA,0839,1,442,SHOPLIFTING - PETTY THEFT ($950 & UNDER),1822 0378 0325,0,X,X,203,OTHER BUSINESS,,,IC,Invest Cont,442,,,,10200    SANTA MONICA                 BL,,34.0611,-118.4184
241400642,02/28/2024 12:00:00 AM,02/27/2024 12:00:00 AM,1530,14,Pacific,1453,1,330,BURGLARY FROM VEHICLE,1609 1307 1402 0344,22,F,O,108,PARKING LOT,312,PIPE/METAL PIPE,IC,Invest Cont,330,998,,,4000    GLENCOE                      AV,,33.9918,-118.4446
240405499,02/15/2024 12:00:00 AM,02/11/2024 12:00:00 AM,1800,04,Hollenbeck,0487,2,740,"VANDALISM - FELONY ($400 & OVER, ALL CHURCH VANDALISMS)",0329 1300,21,M,H,101,STREET,,,IC,Invest Cont,740,,,,1100    EUCLID                       AV,,34.0276,-118.2146
240108872,03/11/2024 12:00:00 AM,03/10/2024 12:00:00 AM,1555,01,Central,0181,1,341,"THEFT-GRAND ($950.01 & OVER)EXCPT,GUNS,FOWL,LIVESTK,PROD",0344,33,M,W,713,CONVENTION CENTER,,,IC,Invest Cont,341,,,,1200 S  FIGUEROA                     ST,,34.0431,-118.2692
241111321,10/11/2024 12:00:00 AM,09/13/2024 12:00:00 AM,1700,11,Northeast,1132,2,740,"VANDALISM - FELONY ($400 & OVER, ALL CHURCH VANDALISMS)",0329 1300,47,M,W,101,STREET,,,IC,Invest Cont,740,,,,2800    AVENEL                       ST,,34.1087,-118.2695
241709570,05/10/2024 12:00:00 AM,05/10/2024 12:00:00 AM,2020,17,Devonshire,1793,1,331,THEFT FROM MOTOR VEHICLE - GRAND ($950.01 AND OVER),0344 1606 2032 0377 1300,49,F,W,404,DEPARTMENT STORE,,,IC,Invest Cont,331,,,,8800    TAMPA                        AV,,34.2299,-118.5535
240511635,09/30/2024 12:00:00 AM,09/30/2024 12:00:00 AM,0030,05,Harbor,0501,1,420,THEFT FROM MOTOR VEHICLE - PETTY ($950 & UNDER),0344 1300 1606,30,F,C,104,DRIVEWAY,,,IC,Invest Cont,420,,,,1100 W  187TH                        ST,,33.8613,-118.293
241505081,01/22/2024 12:00:00 AM,01/01/2024 12:00:00 AM,0415,15,N Hollywood,1519,1,420,THEFT FROM MOTOR VEHICLE - PETTY ($950 & UNDER),1822 0344,0,X,X,501,SINGLE FAMILY DWELLING,,,IC,Invest Cont,420,,,,6400 N  CLYBOURN                     AV,,34.1867,-118.3638
241208631,03/19/2024 12:00:00 AM,03/19/2024 12:00:00 AM,1318,12,77th Street,1263,2,762,LEWD CONDUCT,1822 0522 0216 0315 0529 0601,20,F,B,203,OTHER BUSINESS,400,"STRONG-ARM (HANDS, FIST, FEET OR BODILY FORCE)",IC,Invest Cont,762,,,,1800 W  MANCHESTER                   AV,,33.9636,-118.3112
240610624,07/18/2024 12:00:00 AM,07/18/2024 12:00:00 AM,1630,06,Hollywood,0626,1,420,THEFT FROM MOTOR VEHICLE - PETTY ($950 & UNDER),,0,,,101,STREET,,,IC,Invest Cont,420,,,,IVAR                         AV,FRANKLIN                     AV,34.1053,-118.329
240308529,03/23/2024 12:00:00 AM,03/22/2024 12:00:00 AM,0900,03,Southwest,0396,2,740,"VANDALISM - FELONY ($400 & OVER, ALL CHURCH VANDALISMS)",0329 1307 1822,35,F,H,101,STREET,,,IC,Invest Cont,740,,,,MENLO,43RD                         ST,34.0055,-118.29
241311141,07/10/2024 12:00:00 AM,07/10/2024 12:00:00 AM,0420,13,Newton,1342,2,740,"VANDALISM - FELONY ($400 & OVER, ALL CHURCH VANDALISMS)",0329,0,M,W,203,OTHER BUSINESS,,,IC,Invest Cont,740,,,,3500 S  SAN PEDRO                    ST,,34.0144,-118.2705
241707021,03/13/2024 12:00:00 AM,03/13/2024 12:00:00 AM,0220,17,Devonshire,1762,1,210,ROBBERY,0344 1300 0216 1602 0329 0385,35,F,H,101,STREET,106,UNKNOWN FIREARM,IC,Invest Cont,210,,,,9500    COMANCHE                     AV,,34.243,-118.5727
242108813,05/06/2024 12:00:00 AM,05/06/2024 12:00:00 AM,1210,21,Topanga,2187,1,343,SHOPLIFTING-GRAND THEFT ($950.01 & OVER),0325 1402 1420,35,M,X,203,OTHER BUSINESS,,,IC,Invest Cont,343,998,,,5300    TOPANGA CANYON               BL,,34.166,-118.6058
241105986,02/22/2024 12:00:00 AM,02/20/2024 12:00:00 AM,0947,11,Northeast,1183,1,442,SHOPLIFTING - PETTY THEFT ($950 & UNDER),0325,0,X,X,403,DRUG STORE,,,IC,Invest Cont,442,,,,1600 W  SUNSET                       BL,,34.0832,-118.2572
241808401,04/03/2024 12:00:00 AM,04/03/2024 12:00:00 AM,0810,18,Southeast,1839,2,354,THEFT OF IDENTITY,1822 0922,27,F,H,502,"MULTI-UNIT DWELLING (APARTMENT, DUPLEX, ETC)",,,IC,Invest Cont,354,,,,10600    GORMAN                       AV,,33.9397,-118.2307
242004471,01/14/2024 12:00:00 AM,01/14/2024 12:00:00 AM,1900,20,Olympic,2054,1,761,BRANDISH WEAPON,0421 0312 0334 0345 0369 0432 1822,23,M,H,102,SIDEWALK,102,HAND GUN,IC,Invest Cont,761,,,,SAN MARINO,ARDMORE,34.0545,-118.3021
241905377,02/05/2024 12:00:00 AM,02/02/2024 12:00:00 AM,1800,19,Mission,1991,1,420,THEFT FROM MOTOR VEHICLE - PETTY ($950 & UNDER),,0,,,101,STREET,,,IC,Invest Cont,420,,,,8200 N  SEPULVEDA                    BL,,34.2184,-118.4698
241211743,05/17/2024 12:00:00 AM,05/16/2024 12:00:00 AM,2100,12,77th Street,1245,1,510,VEHICLE - STOLEN,,0,,,101,STREET,,,IC,Invest Cont,510,,,,69TH                         ST,NORMANDIE,33.977,-118.3003
240120702,11/02/2024 12:00:00 AM,10/31/2024 12:00:00 AM,0025,01,Central,0111,1,352,PICKPOCKET,0344,25,F,O,735,NIGHT CLUB (OPEN EVENINGS ONLY),,,IC,Invest Cont,352,,,,600 N  SPRING                       ST,,34.0582,-118.2387
241110600,09/09/2024 12:00:00 AM,09/02/2024 12:00:00 AM,2300,11,Northeast,1143,1,341,"THEFT-GRAND ($950.01 & OVER)EXCPT,GUNS,FOWL,LIVESTK,PROD",0344,0,X,X,101,STREET,,,IC,Invest Cont,341,,,,3700    TRACY                        ST,,34.1041,-118.2734
240112993,06/15/2024 12:00:00 AM,06/15/2024 12:00:00 AM,0001,01,Central,0148,1,330,BURGLARY FROM VEHICLE,1300 0329 2034 1310,51,M,B,101,STREET,,,IC,Invest Cont,330,,,,400    TOWNE                        AV,,34.0444,-118.2407
240805615,02/13/2024 12:00:00 AM,01/08/2024 12:00:00 AM,1245,08,West LA,0842,1,440,THEFT PLAIN - PETTY ($950 & UNDER),0325 0344 1822 0394,49,M,K,702,OFFICE BUILDING/OFFICE,,,IC,Invest Cont,440,,,,11700    WILSHIRE                     BL,,34.0495,-118.4609
240505317,02/03/2024 12:00:00 AM,02/03/2024 12:00:00 AM,2220,05,Harbor,0564,2,850,INDECENT EXPOSURE,1822 0529 2004,29,F,B,502,"MULTI-UNIT DWELLING (APARTMENT, DUPLEX, ETC)",,,IC,Invest Cont,850,,,,400 W  3RD                          ST,,33.7415,-118.2857
241004714,01/20/2024 12:00:00 AM,01/19/2024 12:00:00 AM,1030,10,West Valley,1037,1,341,"THEFT-GRAND ($950.01 & OVER)EXCPT,GUNS,FOWL,LIVESTK,PROD",1822 0344,12,F,B,720,JUNIOR HIGH SCHOOL,,,IC,Invest Cont,341,,,,17100    VANOWEN                      ST,,34.1939,-118.5055
241006948,03/23/2024 12:00:00 AM,03/21/2024 12:00:00 AM,1300,10,West Valley,1029,2,940,EXTORTION,0800,33,F,H,502,"MULTI-UNIT DWELLING (APARTMENT, DUPLEX, ETC)",,,IC,Invest Cont,940,,,,6800    WOODLEY                      AV,,34.1939,-118.4837
241509076,04/14/2024 12:00:00 AM,04/14/2024 12:00:00 AM,2230,15,N Hollywood,1516,2,626,INTIMATE PARTNER - SIMPLE ASSAULT,2002 1601 1813 0416 2000,29,F,H,502,"MULTI-UNIT DWELLING (APARTMENT, DUPLEX, ETC)",400,"STRONG-ARM (HANDS, FIST, FEET OR BODILY FORCE)",AO,Adult Other,626,,,,6700    TROOST                       AV,,34.1922,-118.3866
240207835,03/16/2024 12:00:00 AM,03/15/2024 12:00:00 AM,2300,02,Rampart,0235,1,331,THEFT FROM MOTOR VEHICLE - GRAND ($950.01 AND OVER),0344 2032 1822,80,M,K,707,GARAGE/CARPORT,,,IC,Invest Cont,331,,,,200 N  LAKE                         ST,,34.0684,-118.2705
242108882,05/06/2024 12:00:00 AM,03/15/2024 12:00:00 AM,1020,21,Topanga,2156,2,354,THEFT OF IDENTITY,0930,49,M,O,502,"MULTI-UNIT DWELLING (APARTMENT, DUPLEX, ETC)",,,IC,Invest Cont,354,,,,21600    ERWIN                        ST,,34.1829,-118.6002
241815087,12/02/2024 12:00:00 AM,11/27/2024 12:00:00 AM,1415,18,Southeast,1827,2,740,"VANDALISM - FELONY ($400 & OVER, ALL CHURCH VANDALISMS)",1822 0329 1300,20,M,B,122,"VEHICLE, PASSENGER/TRUCK",,,IC,Invest Cont,740,,,,10100    BEACH                        ST,,33.945,-118.2413
240408693,07/08/2024 12:00:00 AM,07/02/2024 12:00:00 AM,0002,04,Hollenbeck,0456,2,354,THEFT OF IDENTITY,0100,30,F,H,501,SINGLE FAMILY DWELLING,,,IC,Invest Cont,354,,,,900 N  FICKETT                      ST,,34.0512,-118.2025
240507470,04/01/2024 12:00:00 AM,03/28/2024 12:00:00 AM,1700,05,Harbor,0541,1,331,THEFT FROM MOTOR VEHICLE - GRAND ($950.01 AND OVER),0344 1300,59,M,W,104,DRIVEWAY,,,IC,Invest Cont,331,,,,1200 N  PARK WESTERN                 DR,,33.756,-118.2993
241306202,02/17/2024 12:00:00 AM,02/16/2024 12:00:00 AM,2300,13,Newton,1313,1,510,VEHICLE - STOLEN,,0,,,101,STREET,,,IC,Invest Cont,510,,,,1600    PALOMA                       ST,,34.0268,-118.2513
241010617,08/21/2024 12:00:00 AM,08/02/2024 12:00:00 AM,0702,10,West Valley,1075,1,440,THEFT PLAIN - PETTY ($950 & UNDER),1822 0344,56,F,W,504,OTHER RESIDENCE,,,IC,Invest Cont,440,,,,LINDLEY,VENTURA                      BL,34.1652,-118.5272
242105267,01/31/2024 12:00:00 AM,01/31/2024 12:00:00 AM,1540,21,Topanga,2157,2,745,VANDALISM - MISDEAMEANOR ($399 OR UNDER),0329,0,M,W,242,"DISCOUNT STORE (99 CENT,DOLLAR,ETC.",,,IC,Invest Cont,745,,,,6800    DE SOTO                      AV,,34.1938,-118.5884
241910553,07/31/2024 12:00:00 AM,07/31/2024 12:00:00 AM,0800,19,Mission,1991,1,510,VEHICLE - STOLEN,,0,,,101,STREET,,,IC,Invest Cont,510,,,,8200    LANGDON                      AV,,34.2198,-118.4694
241413781,09/27/2024 12:00:00 AM,09/26/2024 12:00:00 AM,1515,14,Pacific,1494,1,440,THEFT PLAIN - PETTY ($950 & UNDER),1822 0344,52,F,W,212,TRANSPORTATION FACILITY (AIRPORT),500,UNKNOWN WEAPON/OTHER WEAPON,IC,Invest Cont,440,,,,300    WORLD                        WY,,33.9455,-118.4001
241806604,02/26/2024 12:00:00 AM,02/26/2024 12:00:00 AM,0218,18,Southeast,1822,2,930,CRIMINAL THREATS - NO WEAPON DISPLAYED,1822 0443 0432,25,M,O,402,MARKET,113,SIMULATED GUN,IC,Invest Cont,930,,,,9900 S  BROADWAY,,33.9465,-118.2781
240105971,01/28/2024 12:00:00 AM,01/28/2024 12:00:00 AM,1140,01,Central,0152,1,210,ROBBERY,1402 0344 0337 0443 1822,20,F,O,401,MINI-MART,113,SIMULATED GUN,IC,Invest Cont,210,998,,,600 S  FLOWER                       ST,,34.0502,-118.2575
240105742,01/25/2024 12:00:00 AM,01/25/2024 12:00:00 AM,1340,01,Central,0158,1,230,"ASSAULT WITH DEADLY WEAPON, AGGRAVATED ASSAULT",0602 1218 2004 0334 0421 0416 0913 0561 1402,43,F,B,502,"MULTI-UNIT DWELLING (APARTMENT, DUPLEX, ETC)",102,HAND GUN,IC,Invest Cont,230,998,,,500    CERES                        AV,,34.0414,-118.2399
241808488,04/06/2024 12:00:00 AM,04/06/2024 12:00:00 AM,1700,18,Southeast,1823,1,510,VEHICLE - STOLEN,,0,,,101,STREET,,,IC,Invest Cont,510,,,,200 E  CENTURY                      BL,,33.9456,-118.2717
241409669,05/20/2024 12:00:00 AM,05/20/2024 12:00:00 AM,1200,14,Pacific,1414,1,420,THEFT FROM MOTOR VEHICLE - PETTY ($950 & UNDER),,0,,,101,STREET,,,IC,Invest Cont,420,,,,600    BROADWAY,,33.9946,-118.4682
241105741,02/15/2024 12:00:00 AM,02/14/2024 12:00:00 AM,1830,11,Northeast,1127,2,901,VIOLATION OF RESTRAINING ORDER,2038,31,F,W,501,SINGLE FAMILY DWELLING,,,IC,Invest Cont,901,,,,5900    WEAVER                       ST,,34.1212,-118.1902
241911014,08/18/2024 12:00:00 AM,08/15/2024 12:00:00 AM,1400,19,Mission,1962,1,331,THEFT FROM MOTOR VEHICLE - GRAND ($950.01 AND OVER),0385,28,M,H,101,STREET,,,IC,Invest Cont,331,,,,NORDHOFF                     ST,LEMONA                       AV,34.2355,-118.4588
240810615,09/06/2024 12:00:00 AM,09/05/2024 12:00:00 AM,1600,08,West LA,0852,1,510,VEHICLE - STOLEN,,0,,,101,STREET,,,IC,Invest Cont,510,,,,1700    BARRY                        AV,,34.042,-118.4531
241205624,01/26/2024 12:00:00 AM,01/26/2024 12:00:00 AM,2300,12,77th Street,1205,1,761,BRANDISH WEAPON,0361 0603 0913 0334,25,M,B,101,STREET,102,HAND GUN,IC,Invest Cont,761,,,,5100 S  VERMONT                      AV,,33.9974,-118.2982
241511637,06/27/2024 12:00:00 AM,06/27/2024 12:00:00 AM,1921,15,N Hollywood,1525,1,331,THEFT FROM MOTOR VEHICLE - GRAND ($950.01 AND OVER),0352 1822 1606 1300 0344,29,F,W,108,PARKING LOT,,,IC,Invest Cont,331,,,,6100    LAUREL CANYON                BL,,34.1814,-118.3965
240508170,04/21/2024 12:00:00 AM,04/20/2024 12:00:00 AM,0845,05,Harbor,0513,1,510,VEHICLE - STOLEN,,0,,,101,STREET,,,IC,Invest Cont,510,,,,1400 W  PACIFIC COAST                HY,,33.7907,-118.2829
241705838,02/13/2024 12:00:00 AM,02/12/2024 12:00:00 AM,1630,17,Devonshire,1749,1,330,BURGLARY FROM VEHICLE,1202 1602 0329 0385 0344,64,F,H,116,OTHER/OUTSIDE,,,IC,Invest Cont,330,,,,10600    WOODLEY                      AV,,34.2628,-118.4848
240313093,08/10/2024 12:00:00 AM,08/10/2024 12:00:00 AM,1710,03,Southwest,0311,2,888,TRESPASSING,0910 1501,23,X,X,950,MTA - EXPO LINE - LA CIENEGA/JEFFERSON,,,IC,Invest Cont,888,,,,5600 W  JEFFERSON                    BL,,34.0265,-118.3717
240706572,03/02/2024 12:00:00 AM,03/01/2024 12:00:00 AM,1000,07,Wilshire,0727,1,310,BURGLARY,1822 1609 0321 0344,35,F,O,501,SINGLE FAMILY DWELLING,,,IC,Invest Cont,310,,,,100 N  CITRUS                       AV,,34.0736,-118.3397
240205583,01/30/2024 12:00:00 AM,01/27/2024 12:00:00 AM,1830,02,Rampart,0218,2,624,BATTERY - SIMPLE ASSAULT,0432 0603 0361 0913 0421 0444,35,M,H,121,YARD (RESIDENTIAL/BUSINESS),511,VERBAL THREAT,IC,Invest Cont,624,930,,,600    LAVETA                       TR,,34.0693,-118.2583
240411173,10/31/2024 12:00:00 AM,10/30/2024 12:00:00 AM,1700,04,Hollenbeck,0421,1,420,THEFT FROM MOTOR VEHICLE - PETTY ($950 & UNDER),,0,,,101,STREET,,,IC,Invest Cont,420,,,,2100 N  BROADWAY,,34.0732,-118.2189
240405559,02/18/2024 12:00:00 AM,02/17/2024 12:00:00 AM,2300,04,Hollenbeck,0489,1,510,VEHICLE - STOLEN,,0,,,101,STREET,,,IC,Invest Cont,510,,,,2800    CAMULOS                      PL,,34.0255,-118.2161
241304890,01/20/2024 12:00:00 AM,01/16/2024 12:00:00 AM,2100,13,Newton,1362,1,230,"ASSAULT WITH DEADLY WEAPON, AGGRAVATED ASSAULT",0302 0421 0422 0913 1251 1258,12,F,H,502,"MULTI-UNIT DWELLING (APARTMENT, DUPLEX, ETC)",102,HAND GUN,AO,Adult Other,230,,,,5100    AVALON                       BL,,33.9981,-118.2697
241907621,04/08/2024 12:00:00 AM,04/07/2024 12:00:00 AM,1600,19,Mission,1982,2,237,CHILD NEGLECT (SEE 300 W.I.C.),1402 0553 1258 0913,5,F,H,502,"MULTI-UNIT DWELLING (APARTMENT, DUPLEX, ETC)",,,AO,Adult Other,237,998,,,8800    BURNET                       AV,,34.2301,-118.4633
240510433,08/01/2024 12:00:00 AM,07/28/2024 12:00:00 AM,1730,05,Harbor,0521,1,522,"VEHICLE, STOLEN - OTHER (MOTORIZED SCOOTERS, BIKES, ETC)",,0,,,101,STREET,,,IC,Invest Cont,522,,,,28000 S  WESTERN                      AV,,33.7694,-118.2955
240810784,09/15/2024 12:00:00 AM,09/14/2024 12:00:00 AM,2200,08,West LA,0887,1,510,VEHICLE - STOLEN,,0,,,101,STREET,,,IC,Invest Cont,510,,,,9400    HARGIS                       ST,,34.0371,-118.394
240509373,06/05/2024 12:00:00 AM,05/31/2024 12:00:00 AM,1923,05,Harbor,0501,2,740,"VANDALISM - FELONY ($400 & OVER, ALL CHURCH VANDALISMS)",1822 0329,0,X,X,605,AUTOMATED TELLER MACHINE (ATM),,,IC,Invest Cont,740,,,,800 W  190TH                        ST,,33.8603,-118.2872
241809381,04/27/2024 12:00:00 AM,04/26/2024 12:00:00 AM,2300,18,Southeast,1806,1,510,VEHICLE - STOLEN,,0,,,101,STREET,,,IC,Invest Cont,510,,,,700 E  90TH                         ST,,33.9547,-118.263
241205474,01/23/2024 12:00:00 AM,01/23/2024 12:00:00 AM,1908,12,77th Street,1208,1,210,ROBBERY,0910 0344 0346 0400 1822,28,F,H,801,MTA BUS,400,"STRONG-ARM (HANDS, FIST, FEET OR BODILY FORCE)",IC,Invest Cont,210,,,,VERNON,HOOVER,34.0037,-118.2872
240811512,10/21/2024 12:00:00 AM,10/18/2024 12:00:00 AM,1322,08,West LA,0852,1,442,SHOPLIFTING - PETTY THEFT ($950 & UNDER),1822 2028 0325,0,X,X,203,OTHER BUSINESS,,,IC,Invest Cont,442,,,,11800    SANTA MONICA                 BL,,34.0428,-118.4582
240906131,02/28/2024 12:00:00 AM,02/27/2024 12:00:00 AM,1500,09,Van Nuys,0914,1,330,BURGLARY FROM VEHICLE,0344 1307,70,M,B,101,STREET,,,IC,Invest Cont,330,,,,15200    VOSE                         ST,,34.1985,-118.464
241004467,01/13/2024 12:00:00 AM,01/13/2024 12:00:00 AM,2316,10,West Valley,1065,2,753,DISCHARGE FIREARMS/SHOTS FIRED,0329 1300 1822 0334,59,F,O,101,STREET,102,HAND GUN,IC,Invest Cont,753,,,,5400    ZELZAH                       AV,,34.1686,-118.522
241010138,07/25/2024 12:00:00 AM,07/24/2024 12:00:00 AM,1000,10,West Valley,1025,1,420,THEFT FROM MOTOR VEHICLE - PETTY ($950 & UNDER),,0,,,108,PARKING LOT,,,IC,Invest Cont,420,,,,18300    VANOWEN                      ST,,34.1975,-118.5273
240114801,07/17/2024 12:00:00 AM,07/14/2024 12:00:00 AM,2006,01,Central,0159,1,330,BURGLARY FROM VEHICLE,1307 0344 0329,43,M,W,101,STREET,,,IC,Invest Cont,330,,,,400    MOLINO                       ST,,34.042,-118.234
240907843,04/09/2024 12:00:00 AM,04/07/2024 12:00:00 AM,2120,09,Van Nuys,0919,2,745,VANDALISM - MISDEAMEANOR ($399 OR UNDER),0329,63,F,W,501,SINGLE FAMILY DWELLING,,,IC,Invest Cont,745,,,,13500    CREWE                        ST,,34.1966,-118.4269
240907948,04/13/2024 12:00:00 AM,04/13/2024 12:00:00 AM,1310,09,Van Nuys,0926,1,442,SHOPLIFTING - PETTY THEFT ($950 & UNDER),0325,20,M,H,405,CLOTHING STORE,,,IC,Invest Cont,442,,,,6500    VAN NUYS                     BL,,34.1903,-118.4399
241812483,08/24/2024 12:00:00 AM,08/22/2024 12:00:00 AM,1118,18,Southeast,1802,1,420,THEFT FROM MOTOR VEHICLE - PETTY ($950 & UNDER),1822 0385,55,M,H,504,OTHER RESIDENCE,,,IC,Invest Cont,420,,,,91ST                         ST,GRAND                        AV,33.9543,-118.2803
242111980,09/27/2024 12:00:00 AM,07/08/2024 12:00:00 AM,1348,21,Topanga,2143,1,442,SHOPLIFTING - PETTY THEFT ($950 & UNDER),0325 0352,50,M,W,404,DEPARTMENT STORE,,,IC,Invest Cont,442,,,,6600    FALLBROOK                    AV,,34.1883,-118.6274
241204128,01/02/2024 12:00:00 AM,01/02/2024 12:00:00 AM,1855,12,77th Street,1239,1,230,"ASSAULT WITH DEADLY WEAPON, AGGRAVATED ASSAULT",0906 1822 1100 1407 1402 0430 2004,24,M,H,108,PARKING LOT,102,HAND GUN,AA,Adult Arrest,230,998,,,5800 S  FIGUEROA                     ST,,33.9892,-118.2827
241712379,08/28/2024 12:00:00 AM,08/28/2024 12:00:00 AM,1530,17,Devonshire,1781,1,510,VEHICLE - STOLEN,,0,,,104,DRIVEWAY,,,IC,Invest Cont,510,,,,20300    LONDELIUS                    ST,,34.2291,-118.5755
240609009,05/06/2024 12:00:00 AM,05/05/2024 12:00:00 AM,1315,06,Hollywood,0615,1,330,BURGLARY FROM VEHICLE,0377 1300 1609 1822 0344 1501,20,F,H,101,STREET,,,IC,Invest Cont,330,,,,3400    WONDER VIEW                  DR,,34.1297,-118.3407
240118671,09/18/2024 12:00:00 AM,09/18/2024 12:00:00 AM,1800,01,Central,0128,1,330,BURGLARY FROM VEHICLE,1300 0344 1307,29,F,W,108,PARKING LOT,,,IC,Invest Cont,330,,,,300 E  2ND                          ST,,34.0498,-118.24
240710796,08/19/2024 12:00:00 AM,08/17/2024 12:00:00 AM,1400,07,Wilshire,0747,1,420,THEFT FROM MOTOR VEHICLE - PETTY ($950 & UNDER),,0,,,101,STREET,,,IC,Invest Cont,420,,,,1100 S  CITRUS                       AV,,34.0551,-118.3419
241212951,06/27/2024 12:00:00 AM,06/02/2024 12:00:00 AM,0820,12,77th Street,1267,2,354,THEFT OF IDENTITY,0100 1822,44,F,B,501,SINGLE FAMILY DWELLING,,,IC,Invest Cont,354,,,,700 W  83RD                         ST,,33.9632,-118.2861
241912456,10/19/2024 12:00:00 AM,10/16/2024 12:00:00 AM,2000,19,Mission,1959,1,420,THEFT FROM MOTOR VEHICLE - PETTY ($950 & UNDER),,0,,,101,STREET,,,IC,Invest Cont,420,,,,10500    SHARP                        AV,,34.2609,-118.4401
241311579,07/26/2024 12:00:00 AM,07/26/2024 12:00:00 AM,1130,13,Newton,1317,1,510,VEHICLE - STOLEN,,0,,,101,STREET,,,IC,Invest Cont,510,,,,14TH                         ST,HOOPER                       AV,34.0265,-118.243
240607886,03/27/2024 12:00:00 AM,03/26/2024 12:00:00 AM,0400,06,Hollywood,0632,1,236,INTIMATE PARTNER - AGGRAVATED ASSAULT,0913 2000 0400 0416,27,F,W,501,SINGLE FAMILY DWELLING,400,"STRONG-ARM (HANDS, FIST, FEET OR BODILY FORCE)",IC,Invest Cont,236,,,,2300    STANLEY HILLS                DR,,34.1127,-118.3757
241906685,03/13/2024 12:00:00 AM,03/13/2024 12:00:00 AM,1022,19,Mission,1975,1,210,ROBBERY,0325 1822,0,M,O,405,CLOTHING STORE,513,STUN GUN,AA,Adult Arrest,210,,,,9000    WOODMAN                      AV,,34.2342,-118.4436
241313073,09/15/2024 12:00:00 AM,09/13/2024 12:00:00 AM,2130,13,Newton,1347,1,330,BURGLARY FROM VEHICLE,0344 0358 1307 1822,57,M,B,101,STREET,500,UNKNOWN WEAPON/OTHER WEAPON,IC,Invest Cont,330,,,,1300 E  41ST                         ST,,34.0096,-118.244
240115931,07/26/2024 12:00:00 AM,07/26/2024 12:00:00 AM,0920,01,Central,0176,1,330,BURGLARY FROM VEHICLE,0344 1307 0329,38,F,W,102,SIDEWALK,,,IC,Invest Cont,330,,,,700    MAPLE                        AV,,34.0425,-118.2493
241804632,01/13/2024 12:00:00 AM,01/13/2024 12:00:00 AM,1615,18,Southeast,1826,2,623,BATTERY POLICE (SIMPLE),1822 0416 1212,0,X,X,101,STREET,400,"STRONG-ARM (HANDS, FIST, FEET OR BODILY FORCE)",AO,Adult Other,623,,,,103RD                        ST,SUCCESS,33.9433,-118.2492
241912990,11/08/2024 12:00:00 AM,11/06/2024 12:00:00 AM,0501,19,Mission,1908,2,354,THEFT OF IDENTITY,0929,65,M,B,501,SINGLE FAMILY DWELLING,,,IC,Invest Cont,354,,,,13000    ANGELES TRAIL                WY,,34.3083,-118.4045
240116684,08/13/2024 12:00:00 AM,08/13/2024 12:00:00 AM,0730,01,Central,0119,2,888,TRESPASSING,0910,0,X,X,900,MTA - RED LINE - UNION STATION,,,IC,Invest Cont,888,,,,800 N  ALAMEDA                      ST,,34.0561,-118.2375
240909172,05/17/2024 12:00:00 AM,05/17/2024 12:00:00 AM,0015,09,Van Nuys,0985,1,331,THEFT FROM MOTOR VEHICLE - GRAND ($950.01 AND OVER),0344 1602,27,M,W,101,STREET,,,IC,Invest Cont,331,,,,4500    HAZELTINE                    AV,,34.153,-118.44
241812815,09/04/2024 12:00:00 AM,08/26/2024 12:00:00 AM,1800,18,Southeast,1844,1,440,THEFT PLAIN - PETTY ($950 & UNDER),1822 0344 0394,51,M,B,119,"PORCH, RESIDENTIAL",,,IC,Invest Cont,440,,,,800 E  IMPERIAL                     HY,,33.9345,-118.2623
240113489,06/27/2024 12:00:00 AM,06/26/2024 12:00:00 AM,2237,01,Central,0171,2,956,"LETTERS, LEWD  -  TELEPHONE CALLS, LEWD",1906 1822,40,M,W,503,HOTEL,,,IC,Invest Cont,956,,,,900 S  FIGUEROA                     ST,,34.0457,-118.2665
241714276,11/17/2024 12:00:00 AM,11/16/2024 12:00:00 AM,1700,17,Devonshire,1792,1,341,"THEFT-GRAND ($950.01 & OVER)EXCPT,GUNS,FOWL,LIVESTK,PROD",,0,,,121,YARD (RESIDENTIAL/BUSINESS),,,IC,Invest Cont,341,,,,19900    COMMUNITY                    ST,,34.2222,-118.5667
240312007,07/03/2024 12:00:00 AM,07/02/2024 12:00:00 AM,1335,03,Southwest,0354,1,330,BURGLARY FROM VEHICLE,1822 0344 0385 1601,38,F,W,101,STREET,,,IC,Invest Cont,330,,,,3500    4TH                          AV,,34.0241,-118.3213
242008285,03/19/2024 12:00:00 AM,02/25/2024 12:00:00 AM,0455,20,Olympic,2038,1,341,"THEFT-GRAND ($950.01 & OVER)EXCPT,GUNS,FOWL,LIVESTK,PROD",1822 0344 0377,35,F,W,728,ELEVATOR,,,IC,Invest Cont,341,,,,3100    WILSHIRE                     BL,,34.0618,-118.2891
241312105,08/12/2024 12:00:00 AM,08/11/2024 12:00:00 AM,0218,13,Newton,1309,2,740,"VANDALISM - FELONY ($400 & OVER, ALL CHURCH VANDALISMS)",0329 1300,29,F,H,122,"VEHICLE, PASSENGER/TRUCK",,,IC,Invest Cont,740,,,,1400 S  SANTA FE                     AV,,34.0276,-118.2299
240906002,02/25/2024 12:00:00 AM,02/14/2024 12:00:00 AM,0207,09,Van Nuys,0941,2,930,CRIMINAL THREATS - NO WEAPON DISPLAYED,0422 1822,0,X,X,752,FIRE STATION,511,VERBAL THREAT,IC,Invest Cont,930,,,,14600    OXNARD                       ST,,34.1794,-118.4509
240812260,11/25/2024 12:00:00 AM,11/24/2024 12:00:00 AM,1510,08,West LA,0802,1,341,"THEFT-GRAND ($950.01 & OVER)EXCPT,GUNS,FOWL,LIVESTK,PROD",0344,0,X,X,203,OTHER BUSINESS,,,IC,Invest Cont,341,,,,1000    SWARTHMORE                   AV,,34.0474,-118.5258
240712401,11/01/2024 12:00:00 AM,11/01/2024 12:00:00 AM,0321,07,Wilshire,0753,1,352,PICKPOCKET,0344 1822,24,F,B,735,NIGHT CLUB (OPEN EVENINGS ONLY),,,IC,Invest Cont,352,,,,FAIRFAX                      AV,OLYMPIC,34.0582,-118.3639
241911627,09/06/2024 12:00:00 AM,09/05/2024 12:00:00 AM,2230,19,Mission,1944,2,740,"VANDALISM - FELONY ($400 & OVER, ALL CHURCH VANDALISMS)",0329 0311,48,M,X,721,HIGH SCHOOL,,,IC,Invest Cont,740,,,,11100    OMELVENY                     AV,,34.2722,-118.4417
241412591,08/25/2024 12:00:00 AM,08/25/2024 12:00:00 AM,2000,14,Pacific,1477,1,330,BURGLARY FROM VEHICLE,0344,41,F,W,101,STREET,,,IC,Invest Cont,330,,,,7800    VICKSBURG                    AV,,33.9696,-118.3937
240107400,02/17/2024 12:00:00 AM,02/17/2024 12:00:00 AM,1855,01,Central,0111,1,220,ATTEMPTED ROBBERY,1822 1501,0,X,X,210,RESTAURANT/FAST FOOD,400,"STRONG-ARM (HANDS, FIST, FEET OR BODILY FORCE)",IC,Invest Cont,220,,,,700 W  CESAR E CHAVEZ               AV,,34.0606,-118.2439
241307592,03/08/2024 12:00:00 AM,03/08/2024 12:00:00 AM,1553,13,Newton,1321,2,624,BATTERY - SIMPLE ASSAULT,1251 0400 0416,15,F,B,103,ALLEY,400,"STRONG-ARM (HANDS, FIST, FEET OR BODILY FORCE)",IC,Invest Cont,624,,,,1900    MAPLE                        AV,,34.0289,-118.2686
241510413,05/13/2024 12:00:00 AM,05/13/2024 12:00:00 AM,1845,15,N Hollywood,1525,1,442,SHOPLIFTING - PETTY THEFT ($950 & UNDER),1822 0325 1402,0,X,X,405,CLOTHING STORE,400,"STRONG-ARM (HANDS, FIST, FEET OR BODILY FORCE)",AO,Adult Other,442,998,,,6100    LAUREL CANYON                BL,,34.1814,-118.3965
241711516,07/26/2024 12:00:00 AM,07/26/2024 12:00:00 AM,1500,17,Devonshire,1787,1,510,VEHICLE - STOLEN,,0,,,101,STREET,,,IC,Invest Cont,510,,,,ZELZAH                       AV,NORDHOFF                     ST,34.2357,-118.5232
240909998,06/26/2024 12:00:00 AM,06/24/2024 12:00:00 AM,1600,09,Van Nuys,0914,1,510,VEHICLE - STOLEN,,0,,,101,STREET,,,IC,Invest Cont,510,,,,6900    VESPER                       AV,,34.1961,-118.451
242110355,07/15/2024 12:00:00 AM,07/14/2024 12:00:00 AM,1900,21,Topanga,2157,1,510,VEHICLE - STOLEN,,0,,,108,PARKING LOT,,,IC,Invest Cont,510,,,,6700    ETON                         AV,,34.1926,-118.5955
240711377,09/14/2024 12:00:00 AM,09/10/2024 12:00:00 AM,1645,07,Wilshire,0758,1,510,VEHICLE - STOLEN,,0,,,101,STREET,,,IC,Invest Cont,510,,,,PICO                         BL,QUEEN ANNE,34.0484,-118.3326
240806379,03/01/2024 12:00:00 AM,03/01/2024 12:00:00 AM,0822,08,West LA,0852,1,442,SHOPLIFTING - PETTY THEFT ($950 & UNDER),0325 0104 0344,0,X,X,404,DEPARTMENT STORE,,,IC,Invest Cont,442,,,,11800    SANTA MONICA                 BL,,34.0428,-118.4582
241405589,02/07/2024 12:00:00 AM,02/07/2024 12:00:00 AM,0305,14,Pacific,1457,1,331,THEFT FROM MOTOR VEHICLE - GRAND ($950.01 AND OVER),0344 1300 0385,28,F,W,501,SINGLE FAMILY DWELLING,,,IC,Invest Cont,331,,,,12000    CULVER                       DR,,33.9901,-118.412
242005261,01/28/2024 12:00:00 AM,01/28/2024 12:00:00 AM,1000,20,Olympic,2076,2,930,CRIMINAL THREATS - NO WEAPON DISPLAYED,1241 1821 0421 0432 2003,55,F,W,502,"MULTI-UNIT DWELLING (APARTMENT, DUPLEX, ETC)",511,VERBAL THREAT,AO,Adult Other,930,,,,1500 S  NEW HAMPSHIRE                AV,,34.0449,-118.2924
240314503,09/20/2024 12:00:00 AM,09/20/2024 12:00:00 AM,0720,03,Southwest,0338,2,623,BATTERY POLICE (SIMPLE),0104 0325 0416 0446 1822 2004,51,M,H,102,SIDEWALK,400,"STRONG-ARM (HANDS, FIST, FEET OR BODILY FORCE)",IC,Invest Cont,623,,,,3100 S  HOOVER                       ST,,34.0268,-118.2896
240207736,03/13/2024 12:00:00 AM,02/16/2024 12:00:00 AM,1030,02,Rampart,0238,1,220,ATTEMPTED ROBBERY,0342 0334 0355 0400 0416 0913 1824,16,M,H,704,ELEMENTARY SCHOOL,102,HAND GUN,AO,Adult Other,220,,,,1200    COLTON                       ST,,34.0621,-118.2546
240410472,10/01/2024 12:00:00 AM,10/01/2024 12:00:00 AM,0819,04,Hollenbeck,0464,2,888,TRESPASSING,2004 0910,0,X,X,962,MTA - GOLD LINE - SOTO,,,IC,Invest Cont,888,,,,2300 E  1ST                          ST,,34.0442,-118.2109
241404330,01/06/2024 12:00:00 AM,01/06/2024 12:00:00 AM,1330,14,Pacific,1431,2,624,BATTERY - SIMPLE ASSAULT,0400,34,M,W,102,SIDEWALK,400,"STRONG-ARM (HANDS, FIST, FEET OR BODILY FORCE)",IC,Invest Cont,624,,,,3300    FAIRVIEW                     RD,,33.988,-118.4703
241507931,03/21/2024 12:00:00 AM,03/20/2024 12:00:00 AM,0830,15,N Hollywood,1538,2,946,OTHER MISCELLANEOUS CRIME,1501 0913 0361,63,M,H,501,SINGLE FAMILY DWELLING,,,AO,Adult Other,946,,,,11300    TIARA                        ST,,34.1785,-118.377
240610435,07/10/2024 12:00:00 AM,07/06/2024 12:00:00 AM,1800,06,Hollywood,0636,1,510,VEHICLE - STOLEN,,0,,,108,PARKING LOT,,,IC,Invest Cont,510,,,,1800    WHITLEY                      AV,,34.1035,-118.3334
240314611,09/15/2024 12:00:00 AM,09/15/2024 12:00:00 AM,1117,03,Southwest,0321,2,888,TRESPASSING,0910 1501,23,X,X,950,MTA - EXPO LINE - LA CIENEGA/JEFFERSON,515,PHYSICAL PRESENCE,IC,Invest Cont,888,,,,5600 W  JEFFERSON                    BL,,34.0258,-118.3668
242010276,07/19/2024 12:00:00 AM,07/17/2024 12:00:00 AM,1800,20,Olympic,2069,1,330,BURGLARY FROM VEHICLE,1822 0344 1601,24,F,B,101,STREET,,,IC,Invest Cont,330,,,,1200    ELDEN                        AV,,34.0491,-118.2877
241711291,07/18/2024 12:00:00 AM,07/17/2024 12:00:00 AM,1900,17,Devonshire,1701,1,352,PICKPOCKET,0344,53,F,H,404,DEPARTMENT STORE,,,IC,Invest Cont,352,,,,20000    RINALDI                      ST,,34.2756,-118.5702
241406500,02/24/2024 12:00:00 AM,02/24/2024 12:00:00 AM,2100,14,Pacific,1431,2,624,BATTERY - SIMPLE ASSAULT,0416,28,F,W,117,BEACH,400,"STRONG-ARM (HANDS, FIST, FEET OR BODILY FORCE)",IC,Invest Cont,624,,,,OCEAN FRONT                  WK,MARKET,33.9874,-118.4741
241105488,02/08/2024 12:00:00 AM,02/04/2024 12:00:00 AM,1900,11,Northeast,1179,2,664,"BUNCO, PETTY THEFT",1822 0100,29,F,H,501,SINGLE FAMILY DWELLING,,,IC,Invest Cont,664,,,,100 E  AVENUE 40,,34.0921,-118.2105
241908454,05/01/2024 12:00:00 AM,04/18/2024 12:00:00 AM,1825,19,Mission,1954,1,442,SHOPLIFTING - PETTY THEFT ($950 & UNDER),0325 1822 2028,20,F,H,404,DEPARTMENT STORE,,,IC,Invest Cont,442,,,,10300 N  SEPULVEDA                    BL,,34.2573,-118.4673
241310359,06/07/2024 12:00:00 AM,06/03/2024 12:00:00 AM,0515,13,Newton,1309,2,740,"VANDALISM - FELONY ($400 & OVER, ALL CHURCH VANDALISMS)",0329,0,M,W,121,YARD (RESIDENTIAL/BUSINESS),,,IC,Invest Cont,740,,,,S  SANTA FE                     AV,E  OLYMPIC                      BL,34.0256,-118.2299
241105756,02/16/2024 12:00:00 AM,02/14/2024 12:00:00 AM,2130,11,Northeast,1152,1,440,THEFT PLAIN - PETTY ($950 & UNDER),0344,43,M,O,501,SINGLE FAMILY DWELLING,,,IC,Invest Cont,440,,,,1500 N  COMMONWEALTH                 AV,,34.0982,-118.2852
241309864,06/01/2024 12:00:00 AM,05/30/2024 12:00:00 AM,1950,13,Newton,1372,2,890,FAILURE TO YIELD,1501 1822 1309 1402 1407,23,X,X,101,STREET,,,AA,Adult Arrest,890,998,,,54TH,MAIN,33.9933,-118.274
241415114,11/16/2024 12:00:00 AM,11/15/2024 12:00:00 AM,1530,14,Pacific,1458,1,330,BURGLARY FROM VEHICLE,1300 0352 0344 1606,19,F,H,101,STREET,,,IC,Invest Cont,330,,,,4700 S  SLAUSON                      AV,,33.9966,-118.4116
241006908,03/21/2024 12:00:00 AM,03/11/2024 12:00:00 AM,0101,10,West Valley,1067,2,740,"VANDALISM - FELONY ($400 & OVER, ALL CHURCH VANDALISMS)",0913 0329 0311,39,F,W,702,OFFICE BUILDING/OFFICE,,,AA,Adult Arrest,740,,,,17300    VENTURA                      BL,,34.166,-118.5095
241406837,03/03/2024 12:00:00 AM,03/03/2024 12:00:00 AM,0400,14,Pacific,1474,1,230,"ASSAULT WITH DEADLY WEAPON, AGGRAVATED ASSAULT",1408 0602 0913 0562 0400 0447,55,F,W,501,SINGLE FAMILY DWELLING,500,UNKNOWN WEAPON/OTHER WEAPON,AA,Adult Arrest,230,,,,8300    FORDHAM                      RD,,33.9633,-118.4188
240204268,01/05/2024 12:00:00 AM,01/05/2024 12:00:00 AM,1030,02,Rampart,0251,2,354,THEFT OF IDENTITY,0377 0344 1822 0910 2051 2049,91,M,O,801,MTA BUS,,,IC,Invest Cont,354,,,,2600    WILSHIRE                     BL,,34.0605,-118.2814
241105242,02/03/2024 12:00:00 AM,02/02/2024 12:00:00 AM,2115,11,Northeast,1171,1,510,VEHICLE - STOLEN,,0,,,101,STREET,,,IC,Invest Cont,510,,,,2300    EDGEMONT                     ST,,34.0917,-118.2741
241710434,06/17/2024 12:00:00 AM,06/16/2024 12:00:00 AM,0900,17,Devonshire,1776,1,341,"THEFT-GRAND ($950.01 & OVER)EXCPT,GUNS,FOWL,LIVESTK,PROD",1602 0344,0,X,X,102,SIDEWALK,,,IC,Invest Cont,341,,,,GERALD                       AV,PLUMMER                      ST,34.243,-118.4949
241910065,07/12/2024 12:00:00 AM,07/12/2024 12:00:00 AM,0500,19,Mission,1966,1,510,VEHICLE - STOLEN,,0,,,101,STREET,,,IC,Invest Cont,510,,,,9400    VAN NUYS                     BL,,34.2386,-118.4464
240710288,07/25/2024 12:00:00 AM,07/25/2024 12:00:00 AM,0330,07,Wilshire,0782,1,510,VEHICLE - STOLEN,,0,,,108,PARKING LOT,,,IC,Invest Cont,510,,,,6000    CADILLAC                     AV,,34.0374,-118.3742
240907720,04/07/2024 12:00:00 AM,04/07/2024 12:00:00 AM,1057,09,Van Nuys,0904,1,343,SHOPLIFTING-GRAND THEFT ($950.01 & OVER),0325 1402,0,X,X,404,DEPARTMENT STORE,,,AA,Adult Arrest,343,998,,,7900 N  SEPULVEDA                    BL,,34.2141,-118.4662
240404793,01/19/2024 12:00:00 AM,01/19/2024 12:00:00 AM,1400,04,Hollenbeck,0469,2,740,"VANDALISM - FELONY ($400 & OVER, ALL CHURCH VANDALISMS)",0329 0311,0,X,X,203,OTHER BUSINESS,,,IC,Invest Cont,740,,,,500 S  INDIANA                      ST,,34.0333,-118.1946
240805617,02/09/2024 12:00:00 AM,02/07/2024 12:00:00 AM,1453,08,West LA,0831,1,440,THEFT PLAIN - PETTY ($950 & UNDER),1822 0344 0394,48,F,W,119,"PORCH, RESIDENTIAL",,,IC,Invest Cont,440,,,,11900    DARLINGTON                   AV,,34.05,-118.4674
240706271,02/23/2024 12:00:00 AM,02/23/2024 12:00:00 AM,1430,07,Wilshire,0722,1,442,SHOPLIFTING - PETTY THEFT ($950 & UNDER),0344,23,X,X,417,THE BEVERLY CONNECTION,,,IC,Invest Cont,442,,,,8400    BEVERLY                      BL,,34.0761,-118.3732
241807978,03/25/2024 12:00:00 AM,03/24/2024 12:00:00 AM,2200,18,Southeast,1864,1,510,VEHICLE - STOLEN,,0,,,101,STREET,,,IC,Invest Cont,510,,,,800 E  116TH                        ST,,33.9292,-118.2604
242012307,10/02/2024 12:00:00 AM,09/27/2024 12:00:00 AM,1900,20,Olympic,2046,1,440,THEFT PLAIN - PETTY ($950 & UNDER),0394 0344 1822 2032,21,F,W,502,"MULTI-UNIT DWELLING (APARTMENT, DUPLEX, ETC)",,,IC,Invest Cont,440,,,,800 S  NEW HAMPSHIRE                AV,,34.0577,-118.2929
242109206,05/19/2024 12:00:00 AM,05/16/2024 12:00:00 AM,1900,21,Topanga,2185,1,510,VEHICLE - STOLEN,,0,,,108,PARKING LOT,,,IC,Invest Cont,510,,,,22100    VENTURA                      BL,,34.1686,-118.6086
240113690,06/29/2024 12:00:00 AM,06/28/2024 12:00:00 AM,1116,01,Central,0161,1,442,SHOPLIFTING - PETTY THEFT ($950 & UNDER),0344 1822,0,X,X,404,DEPARTMENT STORE,,,IC,Invest Cont,442,,,,700 S  FIGUEROA                     ST,,34.0483,-118.2631
241209571,04/06/2024 12:00:00 AM,04/06/2024 12:00:00 AM,0440,12,77th Street,1245,2,624,BATTERY - SIMPLE ASSAULT,1820 0913 2004 0444 0416 0446,0,F,B,502,"MULTI-UNIT DWELLING (APARTMENT, DUPLEX, ETC)",400,"STRONG-ARM (HANDS, FIST, FEET OR BODILY FORCE)",IC,Invest Cont,624,,,,6500 S  NORMANDIE                    AV,,33.9806,-118.3003
240713254,12/12/2024 12:00:00 AM,10/23/2024 12:00:00 AM,2215,07,Wilshire,0705,2,740,"VANDALISM - FELONY ($400 & OVER, ALL CHURCH VANDALISMS)",0329,43,F,W,502,"MULTI-UNIT DWELLING (APARTMENT, DUPLEX, ETC)",,,IC,Invest Cont,740,,,,500 N  ALTA VISTA                   BL,,34.0803,-118.3474
240607165,03/10/2024 12:00:00 AM,03/10/2024 12:00:00 AM,0840,06,Hollywood,0647,2,626,INTIMATE PARTNER - SIMPLE ASSAULT,0913 1813 1501 1601 1814 2000 0417,32,F,H,502,"MULTI-UNIT DWELLING (APARTMENT, DUPLEX, ETC)",400,"STRONG-ARM (HANDS, FIST, FEET OR BODILY FORCE)",IC,Invest Cont,626,,,,1500    VINE                         ST,,34.098,-118.3266
241511891,07/08/2024 12:00:00 AM,04/01/2024 12:00:00 AM,1400,15,N Hollywood,1585,2,354,THEFT OF IDENTITY,1822 0935,35,M,W,502,"MULTI-UNIT DWELLING (APARTMENT, DUPLEX, ETC)",,,IC,Invest Cont,354,,,,10900    BLUFFSIDE                    DR,,34.1412,-118.3681
240913108,11/18/2024 12:00:00 AM,11/17/2024 12:00:00 AM,2230,09,Van Nuys,0911,1,510,VEHICLE - STOLEN,,0,,,101,STREET,,,IC,Invest Cont,510,,,,15600    VANOWEN                      ST,,34.1939,-118.4729
240810509,08/30/2024 12:00:00 AM,08/26/2024 12:00:00 AM,0945,08,West LA,0805,2,354,THEFT OF IDENTITY,0928 1822,82,F,W,501,SINGLE FAMILY DWELLING,,,IC,Invest Cont,354,,,,2100    ROSCOMARE                    RD,,34.1016,-118.4698
240308834,04/04/2024 12:00:00 AM,04/04/2024 12:00:00 AM,1100,03,Southwest,0392,2,888,TRESPASSING,0910 1501 2024,23,X,X,973,,,,IC,Invest Cont,888,,,,4300    CRENSHAW                     BL,,33.9952,-118.3309
240605558,01/30/2024 12:00:00 AM,01/29/2024 12:00:00 AM,1515,06,Hollywood,0657,2,624,BATTERY - SIMPLE ASSAULT,0919 0319 0447 0400 1300 1202 1501,69,F,B,101,STREET,500,UNKNOWN WEAPON/OTHER WEAPON,IC,Invest Cont,624,,,,1000 N  RIDGEWOOD                    PL,,34.0878,-118.3146
241904274,01/09/2024 12:00:00 AM,01/09/2024 12:00:00 AM,0225,19,Mission,1963,1,230,"ASSAULT WITH DEADLY WEAPON, AGGRAVATED ASSAULT",0443 0302 0344 0213 1607 1822,28,M,H,501,SINGLE FAMILY DWELLING,109,SEMI-AUTOMATIC PISTOL,IC,Invest Cont,230,,,,14600    PLUMMER                      ST,,34.2454,-118.4505
241109097,07/04/2024 12:00:00 AM,06/30/2024 12:00:00 AM,2043,11,Northeast,1128,1,442,SHOPLIFTING - PETTY THEFT ($950 & UNDER),0325,0,X,X,405,CLOTHING STORE,,,IC,Invest Cont,442,,,,6200    YORK                         BL,,34.1155,-118.1843
241415735,12/09/2024 12:00:00 AM,12/09/2024 12:00:00 AM,1145,14,Pacific,1494,2,946,OTHER MISCELLANEOUS CRIME,1300 1822,33,M,B,212,TRANSPORTATION FACILITY (AIRPORT),307,VEHICLE,AA,Adult Arrest,946,,,,300    WORLD WAY,,33.9455,-118.4001
240122010,12/02/2024 12:00:00 AM,12/01/2024 12:00:00 AM,1835,01,Central,0182,1,331,THEFT FROM MOTOR VEHICLE - GRAND ($950.01 AND OVER),1300 0344 0329 0321,23,F,K,123,PARKING UNDERGROUND/BUILDING,,,IC,Invest Cont,331,,,,1200 S  GRAND                        AV,,34.0401,-118.2633
241806910,03/02/2024 12:00:00 AM,03/02/2024 12:00:00 AM,1820,18,Southeast,1804,2,740,"VANDALISM - FELONY ($400 & OVER, ALL CHURCH VANDALISMS)",1822 0329 1300,52,M,H,122,"VEHICLE, PASSENGER/TRUCK",,,IC,Invest Cont,740,,,,8800 S  CENTRAL                      AV,,33.9574,-118.2564
240509569,06/15/2024 12:00:00 AM,06/15/2024 12:00:00 AM,0405,05,Harbor,0506,1,510,VEHICLE - STOLEN,,0,,,108,PARKING LOT,,,IC,Invest Cont,510,,,,1600 W  CARSON                       ST,,33.8315,-118.3065
242008269,04/11/2024 12:00:00 AM,04/10/2024 12:00:00 AM,1448,20,Olympic,2053,1,440,THEFT PLAIN - PETTY ($950 & UNDER),0344 0361 0394 0913,36,M,A,502,"MULTI-UNIT DWELLING (APARTMENT, DUPLEX, ETC)",,,IC,Invest Cont,440,,,,900 S  OXFORD                       AV,,34.0529,-118.3074
242005002,01/24/2024 12:00:00 AM,01/24/2024 12:00:00 AM,0800,20,Olympic,2041,1,420,THEFT FROM MOTOR VEHICLE - PETTY ($950 & UNDER),,0,,,101,STREET,,,IC,Invest Cont,420,,,,3900 W  9TH                          ST,,34.0559,-118.3165
240212631,08/04/2024 12:00:00 AM,08/04/2024 12:00:00 AM,1600,02,Rampart,0251,1,510,VEHICLE - STOLEN,,0,,,101,STREET,,,IC,Invest Cont,510,,,,300 S  RAMPART                      BL,,34.0663,-118.2789
240810582,09/04/2024 12:00:00 AM,08/30/2024 12:00:00 AM,0900,08,West LA,0814,1,510,VEHICLE - STOLEN,,0,,,101,STREET,,,IC,Invest Cont,510,,,,500    BELOIT                       AV,,34.065,-118.4622
241214077,08/04/2024 12:00:00 AM,08/03/2024 12:00:00 AM,1730,12,77th Street,1269,1,510,VEHICLE - STOLEN,,0,,,101,STREET,,,IC,Invest Cont,510,,,,900 E  84TH                         PL,,33.962,-118.2586
240311509,06/18/2024 12:00:00 AM,06/18/2024 12:00:00 AM,1135,03,Southwest,0373,1,442,SHOPLIFTING - PETTY THEFT ($950 & UNDER),0104 0325 1822,23,X,X,403,DRUG STORE,,,IC,Invest Cont,442,,,,3700    CRENSHAW                     BL,,34.0199,-118.3351
241514586,10/11/2024 12:00:00 AM,10/11/2024 12:00:00 AM,1140,15,N Hollywood,1525,2,354,THEFT OF IDENTITY,0377,40,M,W,502,"MULTI-UNIT DWELLING (APARTMENT, DUPLEX, ETC)",,,IC,Invest Cont,354,,,,6100    LAUREL CANYON                BL,,34.1814,-118.3965
240304846,01/17/2024 12:00:00 AM,01/16/2024 12:00:00 AM,2330,03,Southwest,0315,2,626,INTIMATE PARTNER - SIMPLE ASSAULT,0416 0446 0913 1242 1243 1813 1821 2000,26,F,H,501,SINGLE FAMILY DWELLING,400,"STRONG-ARM (HANDS, FIST, FEET OR BODILY FORCE)",IC,Invest Cont,626,,,,2200 W  26TH                         PL,,34.0317,-118.3152
242108724,05/03/2024 12:00:00 AM,05/02/2024 12:00:00 AM,2300,21,Topanga,2149,1,310,BURGLARY,1602 0397 0344,50,M,W,120,STORAGE SHED,,,IC,Invest Cont,310,,,,19700    VANOWEN                      ST,,34.1938,-118.5622
242007024,03/10/2024 12:00:00 AM,03/09/2024 12:00:00 AM,1900,20,Olympic,2039,1,420,THEFT FROM MOTOR VEHICLE - PETTY ($950 & UNDER),,0,,,101,STREET,,,IC,Invest Cont,420,,,,2900    LEEWARD                      AV,,34.0587,-118.2869
242004333,01/11/2024 12:00:00 AM,01/11/2024 12:00:00 AM,0830,20,Olympic,2029,2,745,VANDALISM - MISDEAMEANOR ($399 OR UNDER),0202 0329 0311 1822 0216 0906 1309,0,X,X,720,JUNIOR HIGH SCHOOL,,,IC,Invest Cont,745,,,,600    SHATTO                       PL,,34.0637,-118.2899
240210630,06/04/2024 12:00:00 AM,06/04/2024 12:00:00 AM,1119,02,Rampart,0246,2,888,TRESPASSING,1822 0910 2052 1501,0,X,X,904,MTA - RED LINE - WESTLAKE/MACARTHUR PARK,,,IC,Invest Cont,888,,,,600 S  ALVARADO                     ST,,34.0595,-118.2749
240510863,08/23/2024 12:00:00 AM,08/22/2024 12:00:00 AM,0100,05,Harbor,0505,2,745,VANDALISM - MISDEAMEANOR ($399 OR UNDER),0329,0,M,O,702,OFFICE BUILDING/OFFICE,,,IC,Invest Cont,745,,,,900    KNOX                         ST,,33.8542,-118.2905
241607003,04/06/2024 12:00:00 AM,04/06/2024 12:00:00 AM,0030,16,Foothill,1661,1,510,VEHICLE - STOLEN,,0,,,108,PARKING LOT,,,IC,Invest Cont,510,,,,9300    LAUREL CANYON                BL,,34.237,-118.4116
241211631,05/13/2024 12:00:00 AM,04/28/2024 12:00:00 AM,0800,12,77th Street,1245,2,354,THEFT OF IDENTITY,0100 0930 1822,59,F,B,501,SINGLE FAMILY DWELLING,,,IC,Invest Cont,354,,,,1100 W  64TH                         ST,,33.9814,-118.2937
240313408,08/22/2024 12:00:00 AM,08/11/2024 12:00:00 AM,2200,03,Southwest,0312,1,510,VEHICLE - STOLEN,,0,,,707,GARAGE/CARPORT,,,IC,Invest Cont,510,,,,2800 S  LA BREA                      AV,,34.0289,-118.3563
241800521,01/16/2024 12:00:00 AM,01/16/2024 12:00:00 AM,0312,18,Southeast,1801,1,330,BURGLARY FROM VEHICLE,0913 1402 0344 1609 1300 0400,38,F,B,101,STREET,,,AA,Adult Arrest,330,998,,,900 W  88TH                         ST,,33.958,-118.2894
241512206,07/20/2024 12:00:00 AM,07/20/2024 12:00:00 AM,1200,15,N Hollywood,1532,2,888,TRESPASSING,1822 1501,37,F,W,501,SINGLE FAMILY DWELLING,,,IC,Invest Cont,888,,,,6100    LAURELGROVE                  AV,,34.1812,-118.4009
240805997,02/21/2024 12:00:00 AM,02/21/2024 12:00:00 AM,1111,08,West LA,0852,1,442,SHOPLIFTING - PETTY THEFT ($950 & UNDER),1822 0325,0,X,X,203,OTHER BUSINESS,,,IC,Invest Cont,442,,,,11800    SANTA MONICA                 BL,,34.0428,-118.4582
240500528,01/24/2024 12:00:00 AM,01/24/2024 12:00:00 AM,1000,05,Harbor,0563,1,520,VEHICLE - ATTEMPT STOLEN,0918 1300 1402 1607 2004,46,M,H,101,STREET,,,AA,Adult Arrest,520,998,,,900 W  17TH                         ST,,33.7288,-118.2968
241713734,10/22/2024 12:00:00 AM,10/21/2024 12:00:00 AM,1200,17,Devonshire,1794,2,956,"LETTERS, LEWD  -  TELEPHONE CALLS, LEWD",1906 0913 1817,0,X,X,719,MEDICAL/DENTAL OFFICES,,,IC,Invest Cont,956,,,,8500    RESEDA                       BL,,34.2246,-118.5361
240710117,07/15/2024 12:00:00 AM,07/12/2024 12:00:00 AM,2101,07,Wilshire,0769,1,420,THEFT FROM MOTOR VEHICLE - PETTY ($950 & UNDER),0325 1300,68,F,H,101,STREET,,,IC,Invest Cont,420,,,,1500    3RD                          AV,,34.0454,-118.3201
240404010,01/01/2024 12:00:00 AM,01/01/2024 12:00:00 AM,0430,04,Hollenbeck,0427,2,624,BATTERY - SIMPLE ASSAULT,0342 0400 0416 1202,67,M,H,102,SIDEWALK,400,"STRONG-ARM (HANDS, FIST, FEET OR BODILY FORCE)",IC,Invest Cont,624,,,,4600    TWINING                      ST,,34.0841,-118.1847
240613867,12/09/2024 12:00:00 AM,12/08/2024 12:00:00 AM,1345,06,Hollywood,0663,1,310,BURGLARY,1822 0344 1300 1501,17,X,X,502,"MULTI-UNIT DWELLING (APARTMENT, DUPLEX, ETC)",500,UNKNOWN WEAPON/OTHER WEAPON,IC,Invest Cont,310,,,,6600    SANTA MONICA                 BL,,34.0907,-118.3332
241714652,12/02/2024 12:00:00 AM,12/01/2024 12:00:00 AM,0125,17,Devonshire,1785,1,330,BURGLARY FROM VEHICLE,0344,39,M,W,103,ALLEY,,,IC,Invest Cont,330,,,,18600    NORDHOFF                     ST,,34.2355,-118.5389
240705282,01/31/2024 12:00:00 AM,01/28/2024 12:00:00 AM,2157,07,Wilshire,0737,1,510,VEHICLE - STOLEN,,0,,,208,AUTO SALES LOT,,,IC,Invest Cont,510,,,,400 S  LA BREA                      AV,,34.0669,-118.344
240204885,01/18/2024 12:00:00 AM,01/17/2024 12:00:00 AM,2230,02,Rampart,0211,1,761,BRANDISH WEAPON,0361 0913 0421 0432 0334,25,M,H,502,"MULTI-UNIT DWELLING (APARTMENT, DUPLEX, ETC)",511,VERBAL THREAT,IC,Invest Cont,761,930,,,500 N  MARIPOSA                     AV,,34.079,-118.2992
240504823,01/22/2024 12:00:00 AM,01/22/2024 12:00:00 AM,1500,05,Harbor,0503,2,626,INTIMATE PARTNER - SIMPLE ASSAULT,2000 0913 1814 0419 0416,30,F,H,501,SINGLE FAMILY DWELLING,400,"STRONG-ARM (HANDS, FIST, FEET OR BODILY FORCE)",IC,Invest Cont,626,,,,1000    BAYVIEW                      LN,,33.7918,-118.2938
240405554,02/17/2024 12:00:00 AM,02/17/2024 12:00:00 AM,2300,04,Hollenbeck,0497,2,901,VIOLATION OF RESTRAINING ORDER,2038,55,M,H,501,SINGLE FAMILY DWELLING,,,IC,Invest Cont,901,,,,3300    ESTRADA                      ST,,34.0217,-118.2075
240307261,03/04/2024 12:00:00 AM,03/02/2024 12:00:00 AM,1915,03,Southwest,0337,1,331,THEFT FROM MOTOR VEHICLE - GRAND ($950.01 AND OVER),1606 0344 0385 1300 1822,53,M,A,101,STREET,,,IC,Invest Cont,331,,,,2900    DALTON                       AV,,34.0291,-118.304
241509703,04/27/2024 12:00:00 AM,04/27/2024 12:00:00 AM,2008,15,N Hollywood,1506,1,442,SHOPLIFTING - PETTY THEFT ($950 & UNDER),1822 0325,0,X,X,203,OTHER BUSINESS,,,IC,Invest Cont,442,,,,7100    VINELAND                     AV,,34.2027,-118.3745
240316167,11/12/2024 12:00:00 AM,11/10/2024 12:00:00 AM,0015,03,Southwest,0378,1,352,PICKPOCKET,0344 1822,25,F,H,739,SPORTS ARENA,,,IC,Invest Cont,352,,,,3900 S  FIGUEROA                     ST,,34.0146,-118.2872
240613307,11/13/2024 12:00:00 AM,05/04/2024 12:00:00 AM,1830,06,Hollywood,0639,2,354,THEFT OF IDENTITY,1822 0930 0929 1501,34,F,O,502,"MULTI-UNIT DWELLING (APARTMENT, DUPLEX, ETC)",,,IC,Invest Cont,354,,,,1800 N  HARVARD                      BL,,34.1039,-118.305
241313923,10/15/2024 12:00:00 AM,10/14/2024 12:00:00 AM,2300,13,Newton,1333,1,210,ROBBERY,0916 0344 0432 0416 0417 0400,40,M,H,101,STREET,400,"STRONG-ARM (HANDS, FIST, FEET OR BODILY FORCE)",IC,Invest Cont,210,,,,SAN PEDRO,29TH                         ST,34.0189,-118.263
242109859,06/21/2024 12:00:00 AM,06/19/2024 12:00:00 AM,2100,21,Topanga,2126,1,510,VEHICLE - STOLEN,,0,,,104,DRIVEWAY,,,IC,Invest Cont,510,,,,20700    STAGG                        ST,,34.2112,-118.5842
240505461,02/08/2024 12:00:00 AM,02/08/2024 12:00:00 AM,1053,05,Harbor,0557,1,440,THEFT PLAIN - PETTY ($950 & UNDER),0394 0344,36,M,W,121,YARD (RESIDENTIAL/BUSINESS),,,IC,Invest Cont,440,,,,500 W  SANTA CRUZ                   ST,,33.7412,-118.2924
241413218,09/16/2024 12:00:00 AM,09/16/2024 12:00:00 AM,2041,14,Pacific,1494,1,230,"ASSAULT WITH DEADLY WEAPON, AGGRAVATED ASSAULT",0334,25,F,W,212,TRANSPORTATION FACILITY (AIRPORT),207,OTHER KNIFE,AO,Adult Other,230,761,,,500    WORLD WAY,,33.9427,-118.4049
240311606,06/23/2024 12:00:00 AM,06/22/2024 12:00:00 AM,1800,03,Southwest,0331,1,510,VEHICLE - STOLEN,,0,,,101,STREET,,,IC,Invest Cont,510,,,,3100 S  LA BREA                      AV,,34.026,-118.3546
240410634,10/07/2024 12:00:00 AM,10/07/2024 12:00:00 AM,1545,04,Hollenbeck,0462,1,510,VEHICLE - STOLEN,,0,,,101,STREET,,,IC,Invest Cont,510,,,,700 S  BOYLE                        AV,,34.0386,-118.2201
240611636,08/30/2024 12:00:00 AM,08/30/2024 12:00:00 AM,1530,06,Hollywood,0645,1,330,BURGLARY FROM VEHICLE,1501 1822 1300 0344 1302,29,F,O,404,DEPARTMENT STORE,,,IC,Invest Cont,330,,,,7000    HOLLYWOOD                    BL,,34.1015,-118.3417
240407872,05/29/2024 12:00:00 AM,05/29/2024 12:00:00 AM,0555,04,Hollenbeck,0499,1,510,VEHICLE - STOLEN,,0,,,104,DRIVEWAY,,,IC,Invest Cont,510,,,,3500 E  8TH                          ST,,34.0205,-118.2024
240105024,01/16/2024 12:00:00 AM,01/16/2024 12:00:00 AM,1132,01,Central,0146,2,624,BATTERY - SIMPLE ASSAULT,0416 1822,29,F,H,406,OTHER STORE,400,"STRONG-ARM (HANDS, FIST, FEET OR BODILY FORCE)",IC,Invest Cont,624,,,,200    WINSTON                      ST,,34.0467,-118.247
240311913,06/27/2024 12:00:00 AM,06/27/2024 12:00:00 AM,1410,03,Southwest,0321,2,888,TRESPASSING,0910 1822,23,X,X,950,MTA - EXPO LINE - LA CIENEGA/JEFFERSON,,,IC,Invest Cont,888,,,,3400    LA CIENEGA                   BL,,34.0265,-118.3721
241307419,03/14/2024 12:00:00 AM,03/14/2024 12:00:00 AM,0400,13,Newton,1352,1,510,VEHICLE - STOLEN,,0,,,108,PARKING LOT,,,IC,Invest Cont,510,,,,4400    AVALON                       BL,,34.0035,-118.2691
240408277,06/18/2024 12:00:00 AM,05/28/2024 12:00:00 AM,1127,04,Hollenbeck,0499,1,442,SHOPLIFTING - PETTY THEFT ($950 & UNDER),0325,0,X,X,403,DRUG STORE,,,IC,Invest Cont,442,,,,3600 E  OLYMPIC                      BL,,34.0188,-118.2011
240909666,06/11/2024 12:00:00 AM,06/11/2024 12:00:00 AM,0310,09,Van Nuys,0994,1,510,VEHICLE - STOLEN,,0,,,101,STREET,,,IC,Invest Cont,510,,,,3900    DIXIE CANYON                 AV,,34.138,-118.4376
241511685,06/29/2024 12:00:00 AM,06/23/2024 12:00:00 AM,1600,15,N Hollywood,1585,1,341,"THEFT-GRAND ($950.01 & OVER)EXCPT,GUNS,FOWL,LIVESTK,PROD",,0,,,101,STREET,,,IC,Invest Cont,341,,,,10900    BLUFFSIDE                    DR,,34.1412,-118.3681
240511208,09/10/2024 12:00:00 AM,08/16/2024 12:00:00 AM,1004,05,Harbor,0527,1,341,"THEFT-GRAND ($950.01 & OVER)EXCPT,GUNS,FOWL,LIVESTK,PROD",,0,,,710,OTHER PREMISE,,,IC,Invest Cont,341,,,,600 W  HARRY BRIDGE                 BL,,33.7626,-118.2687
240117607,08/26/2024 12:00:00 AM,08/26/2024 12:00:00 AM,1530,01,Central,0153,2,888,TRESPASSING,0910 1501,0,X,X,902,MTA - RED LINE - PERSHING SQUARE,,,IC,Invest Cont,888,,,,500 S  HILL                         ST,,34.0488,-118.2518
241306300,02/18/2024 12:00:00 AM,02/18/2024 12:00:00 AM,0200,13,Newton,1309,1,210,ROBBERY,0344 0416 1822 0342,33,M,H,102,SIDEWALK,400,"STRONG-ARM (HANDS, FIST, FEET OR BODILY FORCE)",IC,Invest Cont,210,,,,8TH                          ST,SANTA FE,34.0296,-118.23
241904157,01/04/2024 12:00:00 AM,01/03/2024 12:00:00 AM,1626,19,Mission,1995,1,440,THEFT PLAIN - PETTY ($950 & UNDER),0394,41,M,F,119,"PORCH, RESIDENTIAL",,,IC,Invest Cont,440,,,,14500    BLYTHE                       ST,,34.2152,-118.4488
240113722,06/30/2024 12:00:00 AM,06/30/2024 12:00:00 AM,0550,01,Central,0119,2,888,TRESPASSING,1501 0910,0,X,X,900,MTA - RED LINE - UNION STATION,,,IC,Invest Cont,888,,,,800 N  ALAMEDA                      ST,,34.0561,-118.2375
240122286,12/08/2024 12:00:00 AM,12/05/2024 12:00:00 AM,1830,01,Central,0139,1,330,BURGLARY FROM VEHICLE,1307 0344 0329,44,M,W,101,STREET,,,IC,Invest Cont,330,,,,900 E  2ND                          ST,,34.0472,-118.2342
242010345,07/25/2024 12:00:00 AM,07/23/2024 12:00:00 AM,1715,20,Olympic,2031,1,510,VEHICLE - STOLEN,,0,,,108,PARKING LOT,,,IC,Invest Cont,510,,,,3900    WILSHIRE                     BL,,34.0617,-118.3115
240307762,03/14/2024 12:00:00 AM,03/14/2024 12:00:00 AM,0515,03,Southwest,0397,2,626,INTIMATE PARTNER - SIMPLE ASSAULT,2000 1814 0408 0416 0419,38,F,B,501,SINGLE FAMILY DWELLING,400,"STRONG-ARM (HANDS, FIST, FEET OR BODILY FORCE)",IC,Invest Cont,626,,,,1000 W  42ND                         ST,,34.0073,-118.2916
240609764,06/09/2024 12:00:00 AM,06/09/2024 12:00:00 AM,1325,06,Hollywood,0646,1,352,PICKPOCKET,1822 0344,25,M,W,101,STREET,,,IC,Invest Cont,352,,,,6700    HOLLYWOOD                    BL,,34.1016,-118.3361
241410752,04/16/2024 12:00:00 AM,04/16/2024 12:00:00 AM,0845,14,Pacific,1466,2,354,THEFT OF IDENTITY,0377,24,M,O,501,SINGLE FAMILY DWELLING,,,IC,Invest Cont,354,,,,6900    KENTWOOD                     CT,,33.9814,-118.3992
241309968,06/04/2024 12:00:00 AM,06/04/2024 12:00:00 AM,1118,13,Newton,1321,2,888,TRESPASSING,0910,0,X,X,942,MTA - EXPO LINE - LATTC/ORTHO INSTITUTE,,,IC,Invest Cont,888,,,,2400 S  FLOWER                       ST,,34.0293,-118.2736
241510498,05/15/2024 12:00:00 AM,05/09/2024 12:00:00 AM,1800,15,N Hollywood,1526,1,331,THEFT FROM MOTOR VEHICLE - GRAND ($950.01 AND OVER),0385 1822 1300 0344,24,M,H,101,STREET,,,IC,Invest Cont,331,,,,11400    VICTORY                      BL,,34.1867,-118.3791
241405923,01/28/2024 12:00:00 AM,01/27/2024 12:00:00 AM,1738,14,Pacific,1463,1,442,SHOPLIFTING - PETTY THEFT ($950 & UNDER),0325 0344,0,X,X,407,HARDWARE/BUILDING SUPPLY,,,IC,Invest Cont,442,,,,12900 W  JEFFERSON                    BL,,33.9805,-118.4111
241005787,02/19/2024 12:00:00 AM,02/19/2024 12:00:00 AM,1235,10,West Valley,1034,1,310,BURGLARY,1822 0314 0344 1309,35,M,W,501,SINGLE FAMILY DWELLING,,,IC,Invest Cont,310,933,,,6200    ENFIELD                      AV,,34.1819,-118.524
241505626,02/01/2024 12:00:00 AM,02/01/2024 12:00:00 AM,1700,15,N Hollywood,1519,2,624,BATTERY - SIMPLE ASSAULT,0416,21,M,W,101,STREET,400,"STRONG-ARM (HANDS, FIST, FEET OR BODILY FORCE)",IC,Invest Cont,624,,,,6500    VINELAND                     AV,,34.1885,-118.3703
240609147,05/11/2024 12:00:00 AM,05/10/2024 12:00:00 AM,2130,06,Hollywood,0643,1,331,THEFT FROM MOTOR VEHICLE - GRAND ($950.01 AND OVER),1822 0344 1501,28,M,A,707,GARAGE/CARPORT,,,IC,Invest Cont,331,,,,N  LA BREA                      AV,SUNSET                       BL,34.098,-118.3443
240511422,09/18/2024 12:00:00 AM,04/25/2024 12:00:00 AM,1635,05,Harbor,0567,1,440,THEFT PLAIN - PETTY ($950 & UNDER),0344,55,M,H,504,OTHER RESIDENCE,,,IC,Invest Cont,440,,,,300 W  17TH                         ST,,33.7288,-118.2836
240910590,07/29/2024 12:00:00 AM,06/26/2024 12:00:00 AM,0227,09,Van Nuys,0981,2,745,VANDALISM - MISDEAMEANOR ($399 OR UNDER),0329 1300 1307,38,M,H,123,PARKING UNDERGROUND/BUILDING,,,IC,Invest Cont,745,,,,4300 N  SEPULVEDA                    BL,,34.1537,-118.4662
242105365,02/03/2024 12:00:00 AM,02/03/2024 12:00:00 AM,2040,21,Topanga,2156,1,210,ROBBERY,1822 0945 2028 0325 0444 2004,37,M,X,404,DEPARTMENT STORE,400,"STRONG-ARM (HANDS, FIST, FEET OR BODILY FORCE)",AA,Adult Arrest,210,,,,21900    VANOWEN                      ST,,34.1938,-118.6044
240708802,05/13/2024 12:00:00 AM,04/23/2024 12:00:00 AM,1411,07,Wilshire,0722,1,442,SHOPLIFTING - PETTY THEFT ($950 & UNDER),0325 1822,0,X,X,404,DEPARTMENT STORE,,,IC,Invest Cont,442,,,,8400    BEVERLY                      BL,,34.0761,-118.3732
240212433,07/29/2024 12:00:00 AM,07/28/2024 12:00:00 AM,2330,02,Rampart,0266,1,330,BURGLARY FROM VEHICLE,0344 0352 1300 0329 1822 1609 1307,30,M,H,101,STREET,,,IC,Invest Cont,330,,,,1600 W  7TH                          ST,,34.0539,-118.2712
242106396,02/29/2024 12:00:00 AM,02/29/2024 12:00:00 AM,1500,21,Topanga,2156,1,330,BURGLARY FROM VEHICLE,0344 1609,53,M,W,108,PARKING LOT,,,AO,Adult Other,330,,,,6600    TOPANGA CANYON               BL,,34.1904,-118.6059
241104738,01/20/2024 12:00:00 AM,01/20/2024 12:00:00 AM,0300,11,Northeast,1118,1,236,INTIMATE PARTNER - AGGRAVATED ASSAULT,0913 2000 0411,37,F,H,101,STREET,500,UNKNOWN WEAPON/OTHER WEAPON,AO,Adult Other,236,,,,5700    MARMION                      WY,,34.1105,-118.1935
240612965,10/28/2024 12:00:00 AM,10/17/2024 12:00:00 AM,1100,06,Hollywood,0656,1,341,"THEFT-GRAND ($950.01 & OVER)EXCPT,GUNS,FOWL,LIVESTK,PROD",1501 1822 0344,24,F,B,507,CONDOMINIUM/TOWNHOUSE,,,IC,Invest Cont,341,,,,6100    ELEANOR                      AV,,34.0898,-118.3244
240109465,03/23/2024 12:00:00 AM,03/23/2024 12:00:00 AM,0100,01,Central,0164,2,740,"VANDALISM - FELONY ($400 & OVER, ALL CHURCH VANDALISMS)",0329 1307,41,M,B,122,"VEHICLE, PASSENGER/TRUCK",,,IC,Invest Cont,740,,,,600 S  SPRING                       ST,,34.046,-118.251
240608497,04/14/2024 12:00:00 AM,04/14/2024 12:00:00 AM,0022,06,Hollywood,0636,1,352,PICKPOCKET,1501,24,F,I,733,BAR/SPORTS BAR (OPEN DAY & NIGHT),,,IC,Invest Cont,352,,,,1700 N  HUDSON                       AV,,34.1016,-118.3321
240510259,07/22/2024 12:00:00 AM,07/15/2024 12:00:00 AM,0001,05,Harbor,0599,1,510,VEHICLE - STOLEN,,0,,,710,OTHER PREMISE,,,IC,Invest Cont,510,,,,2500    NAVY                         WY,,33.7315,-118.2399
240211750,07/08/2024 12:00:00 AM,07/05/2024 12:00:00 AM,1700,02,Rampart,0257,1,420,THEFT FROM MOTOR VEHICLE - PETTY ($950 & UNDER),,0,,,101,STREET,,,IC,Invest Cont,420,,,,1500    SHATTO                       ST,,34.0554,-118.2679
241507790,03/19/2024 12:00:00 AM,03/18/2024 12:00:00 AM,1145,15,N Hollywood,1599,2,626,INTIMATE PARTNER - SIMPLE ASSAULT,1309 1813 2000 0400 0416,40,F,W,501,SINGLE FAMILY DWELLING,400,"STRONG-ARM (HANDS, FIST, FEET OR BODILY FORCE)",IC,Invest Cont,626,,,,7000    PACIFIC VIEW                 DR,,34.1207,-118.346
241305129,01/25/2024 12:00:00 AM,01/24/2024 12:00:00 AM,2200,13,Newton,1324,1,510,VEHICLE - STOLEN,,0,,,101,STREET,,,IC,Invest Cont,510,,,,1300 E  22ND                         ST,,34.0216,-118.2531
240711675,09/26/2024 12:00:00 AM,09/26/2024 12:00:00 AM,0430,07,Wilshire,0721,2,888,TRESPASSING,1822 2004,0,X,X,701,HOSPITAL,,,IC,Invest Cont,888,,,,8700 W  BEVERLY                      BL,,34.0768,-118.3806
241405662,01/30/2024 12:00:00 AM,01/30/2024 12:00:00 AM,1332,14,Pacific,1469,1,442,SHOPLIFTING - PETTY THEFT ($950 & UNDER),0325 2028 0344,30,M,H,402,MARKET,,,IC,Invest Cont,442,,,,6800    LA CIENEGA                   BL,,33.9761,-118.3726
240105044,01/16/2024 12:00:00 AM,01/16/2024 12:00:00 AM,0730,01,Central,0111,1,520,VEHICLE - ATTEMPT STOLEN,1306 0386 0329 1612,56,M,B,123,PARKING UNDERGROUND/BUILDING,,,IC,Invest Cont,520,,,,700    YALE                         ST,,34.0612,-118.2417
240710962,08/26/2024 12:00:00 AM,08/24/2024 12:00:00 AM,1630,07,Wilshire,0753,1,440,THEFT PLAIN - PETTY ($950 & UNDER),0344 1822 0394,31,M,W,502,"MULTI-UNIT DWELLING (APARTMENT, DUPLEX, ETC)",,,IC,Invest Cont,440,,,,5800    SAN VICENTE                  BL,,34.0551,-118.3581
240316629,11/29/2024 12:00:00 AM,11/23/2024 12:00:00 AM,0940,03,Southwest,0328,1,352,PICKPOCKET,1822 0344,24,M,W,203,OTHER BUSINESS,,,IC,Invest Cont,352,,,,600 W  JEFFERSON                    BL,,34.0225,-118.2812
241911336,09/01/2024 12:00:00 AM,09/01/2024 12:00:00 AM,1415,19,Mission,1988,2,888,TRESPASSING,0603,65,M,W,501,SINGLE FAMILY DWELLING,,,IC,Invest Cont,888,,,,13300    WENTWORTH                    ST,,34.2289,-118.4224
241415515,12/02/2024 12:00:00 AM,03/12/2024 12:00:00 AM,0900,14,Pacific,1454,2,354,THEFT OF IDENTITY,0377 1822 0928,61,M,W,501,SINGLE FAMILY DWELLING,,,IC,Invest Cont,354,,,,12900    ADMIRAL                      AV,,33.9855,-118.4289
241507663,03/15/2024 12:00:00 AM,03/14/2024 12:00:00 AM,0650,15,N Hollywood,1538,1,310,BURGLARY,0344 1607 1822,0,M,O,203,OTHER BUSINESS,,,IC,Invest Cont,310,,,,11300    BURBANK                      BL,,34.1758,-118.3746
241611552,11/26/2024 12:00:00 AM,11/24/2024 12:00:00 AM,0900,16,Foothill,1622,1,331,THEFT FROM MOTOR VEHICLE - GRAND ($950.01 AND OVER),0344 0385,28,F,W,501,SINGLE FAMILY DWELLING,,,IC,Invest Cont,331,,,,13900    DEL SUR                      ST,,34.2733,-118.4358
240506477,03/05/2024 12:00:00 AM,03/05/2024 12:00:00 AM,1530,05,Harbor,0521,1,510,VEHICLE - STOLEN,,0,,,101,STREET,,,IC,Invest Cont,510,,,,28100 S  WESTERN                      AV,,33.7694,-118.2955
240504464,01/13/2024 12:00:00 AM,01/12/2024 12:00:00 AM,2000,05,Harbor,0587,2,901,VIOLATION OF RESTRAINING ORDER,2038,24,F,W,501,SINGLE FAMILY DWELLING,511,VERBAL THREAT,AA,Adult Arrest,901,,,,2400 S  CAROLINA                     ST,,33.7218,-118.2911
241405094,01/26/2024 12:00:00 AM,01/23/2024 12:00:00 AM,0430,14,Pacific,1488,1,510,VEHICLE - STOLEN,,0,,,108,PARKING LOT,,,IC,Invest Cont,510,,,,5700 W  CENTURY                      BL,,33.9456,-118.3797
241409228,05/03/2024 12:00:00 AM,03/21/2024 12:00:00 AM,1100,14,Pacific,1488,2,668,"EMBEZZLEMENT, GRAND THEFT ($950.01 & OVER)",,0,,,203,OTHER BUSINESS,,,IC,Invest Cont,668,,,,9000    BELLANCA                     AV,,33.9551,-118.3805
240710691,08/11/2024 12:00:00 AM,08/10/2024 12:00:00 AM,1340,07,Wilshire,0724,1,440,THEFT PLAIN - PETTY ($950 & UNDER),1822 0344,27,F,H,210,RESTAURANT/FAST FOOD,,,IC,Invest Cont,440,,,,100    THE GROVE                    DR,,34.0736,-118.3563
241005117,01/31/2024 12:00:00 AM,01/30/2024 12:00:00 AM,1715,10,West Valley,1004,1,310,BURGLARY,1822 0344 1402,0,M,O,702,OFFICE BUILDING/OFFICE,,,IC,Invest Cont,310,998,,,18300    ROSCOE                       BL,,34.2208,-118.5317
240806460,03/02/2024 12:00:00 AM,02/29/2024 12:00:00 AM,2143,08,West LA,0817,1,442,SHOPLIFTING - PETTY THEFT ($950 & UNDER),1822 0325,0,X,X,404,DEPARTMENT STORE,,,IC,Invest Cont,442,,,,10800    WEYBURN                      AV,,34.0623,-118.4434
240117395,08/22/2024 12:00:00 AM,08/21/2024 12:00:00 AM,2130,01,Central,0162,1,330,BURGLARY FROM VEHICLE,1300 0344 1307,38,M,W,108,PARKING LOT,,,IC,Invest Cont,330,,,,700 S  HOPE                         ST,,34.048,-118.2577
241713080,09/24/2024 12:00:00 AM,01/15/2024 12:00:00 AM,0001,17,Devonshire,1738,2,812,CRM AGNST CHLD (13 OR UNDER) (14-15 & SUSP 10 YRS OLDER),1251 0545 0503 0913 0522 1258 0558,7,M,I,501,SINGLE FAMILY DWELLING,400,"STRONG-ARM (HANDS, FIST, FEET OR BODILY FORCE)",IC,Invest Cont,812,,,,10900    WOODLEY                      AV,,34.2685,-118.4847
240409795,08/30/2024 12:00:00 AM,08/24/2024 12:00:00 AM,0955,04,Hollenbeck,0497,1,440,THEFT PLAIN - PETTY ($950 & UNDER),0344 0325,0,X,X,203,OTHER BUSINESS,,,IC,Invest Cont,440,,,,2700 E  OLYMPIC                      BL,,34.0243,-118.2198
240106873,02/09/2024 12:00:00 AM,02/09/2024 12:00:00 AM,1545,01,Central,0154,1,230,"ASSAULT WITH DEADLY WEAPON, AGGRAVATED ASSAULT",1822 0345 1281 1218 2047 0334 0416,38,M,H,102,SIDEWALK,102,HAND GUN,IC,Invest Cont,230,,,,6TH                          ST,LOS ANGELES                  ST,34.0453,-118.249
240207369,03/06/2024 12:00:00 AM,03/06/2024 12:00:00 AM,1425,02,Rampart,0246,2,888,TRESPASSING,0910 1822 1501,0,X,X,904,MTA - RED LINE - WESTLAKE/MACARTHUR PARK,,,IC,Invest Cont,888,,,,600 S  ALVARADO                     ST,,34.0595,-118.2749
241904169,01/05/2024 12:00:00 AM,01/05/2024 12:00:00 AM,1715,19,Mission,1951,2,626,INTIMATE PARTNER - SIMPLE ASSAULT,2004 1218 2000 0913 1814 0448 0401 1300,53,F,H,505,MOTEL,400,"STRONG-ARM (HANDS, FIST, FEET OR BODILY FORCE)",AO,Adult Other,626,,,,10600 N  SEPULVEDA                    BL,,34.2631,-118.4674
241004229,01/05/2024 12:00:00 AM,01/03/2024 12:00:00 AM,2300,10,West Valley,1029,1,330,BURGLARY FROM VEHICLE,0344 1822 1609 0377,29,M,W,101,STREET,,,IC,Invest Cont,330,,,,GLORIA                       AV,HART                         ST,34.1976,-118.4793
241407540,03/18/2024 12:00:00 AM,03/15/2024 12:00:00 AM,0730,14,Pacific,1454,2,745,VANDALISM - MISDEAMEANOR ($399 OR UNDER),0329,0,X,X,203,OTHER BUSINESS,,,IC,Invest Cont,745,,,,4700    LINCOLN                      BL,,33.98,-118.4384
240804614,01/17/2024 12:00:00 AM,01/17/2024 12:00:00 AM,0001,08,West LA,0893,2,624,BATTERY - SIMPLE ASSAULT,0400 0416,27,F,B,101,STREET,400,"STRONG-ARM (HANDS, FIST, FEET OR BODILY FORCE)",IC,Invest Cont,624,,,,EXPOSITION                   BL,SEPULVEDA                    BL,34.0348,-118.4365
240908034,04/16/2024 12:00:00 AM,04/15/2024 12:00:00 AM,2020,09,Van Nuys,0905,1,236,INTIMATE PARTNER - AGGRAVATED ASSAULT,2000 1402 0416 0445 0417 0447 0429 1814 0913 1414,27,F,H,502,"MULTI-UNIT DWELLING (APARTMENT, DUPLEX, ETC)",400,"STRONG-ARM (HANDS, FIST, FEET OR BODILY FORCE)",AO,Adult Other,236,998,,,14700    SHERMAN                      WY,,34.2013,-118.4541
241504574,01/11/2024 12:00:00 AM,01/11/2024 12:00:00 AM,1036,15,N Hollywood,1501,2,956,"LETTERS, LEWD  -  TELEPHONE CALLS, LEWD",1906,44,M,W,504,OTHER RESIDENCE,,,IC,Invest Cont,956,,,,7600    FULTON                       AV,,34.2084,-118.4235
240908866,05/08/2024 12:00:00 AM,05/07/2024 12:00:00 AM,1214,09,Van Nuys,0904,1,442,SHOPLIFTING - PETTY THEFT ($950 & UNDER),0325,38,M,H,405,CLOTHING STORE,,,IC,Invest Cont,442,,,,7900 N  SEPULVEDA                    BL,,34.2141,-118.4662
240505169,01/30/2024 12:00:00 AM,01/29/2024 12:00:00 AM,0225,05,Harbor,0524,1,331,THEFT FROM MOTOR VEHICLE - GRAND ($950.01 AND OVER),0385 1300 0344,27,F,O,501,SINGLE FAMILY DWELLING,,,IC,Invest Cont,331,,,,W  F                            ST,KING                         AV,33.7764,-118.2752
241309748,05/29/2024 12:00:00 AM,05/18/2024 12:00:00 AM,1718,13,Newton,1307,1,440,THEFT PLAIN - PETTY ($950 & UNDER),0344,40,M,A,203,OTHER BUSINESS,,,IC,Invest Cont,440,,,,700    GLADYS                       AV,,34.0387,-118.2439
240121890,11/29/2024 12:00:00 AM,10/30/2024 12:00:00 AM,2050,01,Central,0192,2,740,"VANDALISM - FELONY ($400 & OVER, ALL CHURCH VANDALISMS)",0329 1300,34,M,H,122,"VEHICLE, PASSENGER/TRUCK",,,IC,Invest Cont,740,,,,200 W  14TH                         ST,,34.0361,-118.2634
241305023,01/21/2024 12:00:00 AM,01/21/2024 12:00:00 AM,1830,13,Newton,1317,2,623,BATTERY POLICE (SIMPLE),0400 1212 0416,0,M,H,101,STREET,400,"STRONG-ARM (HANDS, FIST, FEET OR BODILY FORCE)",IC,Invest Cont,623,,,,16TH                         ST,LONG BEACH,34.0233,-118.2424
241509996,05/04/2024 12:00:00 AM,05/02/2024 12:00:00 AM,1600,15,N Hollywood,1505,1,510,VEHICLE - STOLEN,,0,,,101,STREET,,,IC,Invest Cont,510,,,,SATICOY,TROOST,34.2085,-118.3867
240116104,08/04/2024 12:00:00 AM,08/04/2024 12:00:00 AM,0001,01,Central,0185,1,331,THEFT FROM MOTOR VEHICLE - GRAND ($950.01 AND OVER),0344,49,M,W,108,PARKING LOT,,,IC,Invest Cont,331,,,,900 S  BROADWAY,,34.0423,-118.2561
240411253,11/04/2024 12:00:00 AM,11/04/2024 12:00:00 AM,1140,04,Hollenbeck,0477,1,331,THEFT FROM MOTOR VEHICLE - GRAND ($950.01 AND OVER),0344 1300,19,M,H,101,STREET,,,IC,Invest Cont,331,,,,2800 E  7TH                          ST,,34.0298,-118.2114
242105891,02/16/2024 12:00:00 AM,02/15/2024 12:00:00 AM,1800,21,Topanga,2128,1,510,VEHICLE - STOLEN,,0,,,707,GARAGE/CARPORT,,,IC,Invest Cont,510,,,,7600    OSO                          AV,,34.2084,-118.5754
240809278,06/27/2024 12:00:00 AM,04/19/2024 12:00:00 AM,0829,08,West LA,0858,1,331,THEFT FROM MOTOR VEHICLE - GRAND ($950.01 AND OVER),1822 0344 1300,29,M,H,710,OTHER PREMISE,,,IC,Invest Cont,331,,,,8900 W  PICO                         BL,,34.0552,-118.3857
240806976,03/15/2024 12:00:00 AM,03/15/2024 12:00:00 AM,1940,08,West LA,0835,1,341,"THEFT-GRAND ($950.01 & OVER)EXCPT,GUNS,FOWL,LIVESTK,PROD",0342 0325,0,X,X,401,MINI-MART,,,IC,Invest Cont,341,,,,11000 W  OLYMPIC                      BL,,34.0462,-118.4361
240905440,02/09/2024 12:00:00 AM,02/08/2024 12:00:00 AM,2031,09,Van Nuys,0923,1,331,THEFT FROM MOTOR VEHICLE - GRAND ($950.01 AND OVER),0344 0385 1602,30,F,H,101,STREET,,,IC,Invest Cont,331,,,,15100    ARCHWOOD                     ST,,34.1929,-118.4619
241313911,10/14/2024 12:00:00 AM,10/14/2024 12:00:00 AM,0800,13,Newton,1393,1,510,VEHICLE - STOLEN,,0,,,101,STREET,,,IC,Invest Cont,510,,,,6900 S  MAIN                         ST,,33.9786,-118.2761
241608369,05/20/2024 12:00:00 AM,05/14/2024 12:00:00 AM,0330,16,Foothill,1664,1,341,"THEFT-GRAND ($950.01 & OVER)EXCPT,GUNS,FOWL,LIVESTK,PROD",0344,0,X,X,702,OFFICE BUILDING/OFFICE,,,IC,Invest Cont,341,,,,9700    GLENOAKS                     BL,,34.2429,-118.3887
240209720,05/11/2024 12:00:00 AM,05/10/2024 12:00:00 AM,2200,02,Rampart,0269,1,420,THEFT FROM MOTOR VEHICLE - PETTY ($950 & UNDER),,0,,,101,STREET,,,IC,Invest Cont,420,,,,700    COLUMBIA                     AV,,34.0527,-118.2686
241404863,01/19/2024 12:00:00 AM,01/18/2024 12:00:00 AM,1600,14,Pacific,1464,1,341,"THEFT-GRAND ($950.01 & OVER)EXCPT,GUNS,FOWL,LIVESTK,PROD",0325 0342 0380 0344,0,X,X,406,OTHER STORE,,,IC,Invest Cont,341,,,,12700    MILLENNIUM                   DR,,33.9754,-118.4178
241610462,09/20/2024 12:00:00 AM,09/20/2024 12:00:00 AM,1030,16,Foothill,1684,2,930,CRIMINAL THREATS - NO WEAPON DISPLAYED,0421 1822,27,M,H,210,RESTAURANT/FAST FOOD,511,VERBAL THREAT,IC,Invest Cont,930,,,,8200    LAUREL CANYON                BL,,34.2197,-118.3965
241305905,02/11/2024 12:00:00 AM,02/10/2024 12:00:00 AM,2140,13,Newton,1393,2,740,"VANDALISM - FELONY ($400 & OVER, ALL CHURCH VANDALISMS)",0329 1307 1822,46,M,H,122,"VEHICLE, PASSENGER/TRUCK",,,IC,Invest Cont,740,,,,200 W  70TH                         ST,,33.9765,-118.2764
240508971,05/15/2024 12:00:00 AM,02/15/2024 12:00:00 AM,1600,05,Harbor,0558,1,440,THEFT PLAIN - PETTY ($950 & UNDER),0344,0,X,X,203,OTHER BUSINESS,,,IC,Invest Cont,440,,,,BERTH,93,33.7489,-118.2798
240410314,09/24/2024 12:00:00 AM,08/02/2024 12:00:00 AM,0015,04,Hollenbeck,0424,1,330,BURGLARY FROM VEHICLE,0344,52,M,H,707,GARAGE/CARPORT,,,IC,Invest Cont,330,,,,2200    PARKSIDE                     AV,,34.0705,-118.2001
241505689,02/03/2024 12:00:00 AM,02/02/2024 12:00:00 AM,1830,15,N Hollywood,1539,2,740,"VANDALISM - FELONY ($400 & OVER, ALL CHURCH VANDALISMS)",0906 0329,36,F,F,504,OTHER RESIDENCE,,,IC,Invest Cont,740,,,,10700    OXNARD                       ST,,34.1794,-118.3638
241300687,07/03/2024 12:00:00 AM,06/30/2024 12:00:00 AM,2300,13,Newton,1393,2,623,BATTERY POLICE (SIMPLE),0416 1300 1212,0,M,H,101,STREET,400,"STRONG-ARM (HANDS, FIST, FEET OR BODILY FORCE)",IC,Invest Cont,623,,,,100 W  70TH                         ST,,33.9765,-118.2739
242107914,04/12/2024 12:00:00 AM,04/12/2024 12:00:00 AM,0242,21,Topanga,2113,1,510,VEHICLE - STOLEN,,0,,,101,STREET,,,IC,Invest Cont,510,,,,7800    SAUSALITO                    AV,,34.2119,-118.6157
240805307,02/05/2024 12:00:00 AM,02/05/2024 12:00:00 AM,1520,08,West LA,0893,1,310,BURGLARY,0352 1822 1609 0344 0358,53,F,A,501,SINGLE FAMILY DWELLING,,,IC,Invest Cont,310,,,,2700    VETERAN                      AV,,34.0337,-118.427
240105450,01/21/2024 12:00:00 AM,01/21/2024 12:00:00 AM,0940,01,Central,0111,1,251,SHOTS FIRED AT INHABITED DWELLING,0450 0913 0907 2000 1100 1402 0334 0421,24,F,H,502,"MULTI-UNIT DWELLING (APARTMENT, DUPLEX, ETC)",102,HAND GUN,AA,Adult Arrest,251,998,,,500 N  FIGUEROA                     ST,,34.0615,-118.247
241006818,03/19/2024 12:00:00 AM,03/14/2024 12:00:00 AM,1909,10,West Valley,1015,1,440,THEFT PLAIN - PETTY ($950 & UNDER),1300 1309 0344 1817 0913,0,M,O,247,CAR WASH,,,AA,Adult Arrest,440,,,,7300    RESEDA                       BL,,34.203,-118.536
240608223,04/04/2024 12:00:00 AM,04/04/2024 12:00:00 AM,1300,06,Hollywood,0639,1,510,VEHICLE - STOLEN,0216 1822 1300 1402 2004,56,M,H,101,STREET,,,AA,Adult Arrest,510,998,,,LOMA VISTA,SERRANO,34.1036,-118.3049
242109078,05/13/2024 12:00:00 AM,05/13/2024 12:00:00 AM,2100,21,Topanga,2189,2,740,"VANDALISM - FELONY ($400 & OVER, ALL CHURCH VANDALISMS)",0329 1307,35,M,O,101,STREET,,,AO,Adult Other,740,,,,5300    QUAKERTOWN                   AV,,34.1659,-118.5696
240315844,11/01/2024 12:00:00 AM,10/31/2024 12:00:00 AM,2330,03,Southwest,0338,1,522,"VEHICLE, STOLEN - OTHER (MOTORIZED SCOOTERS, BIKES, ETC)",,0,,,101,STREET,,,IC,Invest Cont,522,,,,3100    MCCLINTOCK                   AV,,34.0274,-118.285
241909973,07/07/2024 12:00:00 AM,07/06/2024 12:00:00 AM,1900,19,Mission,1924,1,510,VEHICLE - STOLEN,,0,,,101,STREET,,,IC,Invest Cont,510,,,,ASTORIA,EL DORADO,34.2943,-118.4578
241413408,09/21/2024 12:00:00 AM,09/18/2024 12:00:00 AM,1840,14,Pacific,1463,1,341,"THEFT-GRAND ($950.01 & OVER)EXCPT,GUNS,FOWL,LIVESTK,PROD",0344,36,M,C,707,GARAGE/CARPORT,,,IC,Invest Cont,341,,,,5500    WESTLAWN                     AV,,33.981,-118.4149
241809278,04/24/2024 12:00:00 AM,04/23/2024 12:00:00 AM,1900,18,Southeast,1851,1,420,THEFT FROM MOTOR VEHICLE - PETTY ($950 & UNDER),,0,,,101,STREET,,,IC,Invest Cont,420,,,,500 W  130TH                        ST,,33.9144,-118.2827
240809040,06/13/2024 12:00:00 AM,06/13/2024 12:00:00 AM,1955,08,West LA,0892,1,341,"THEFT-GRAND ($950.01 & OVER)EXCPT,GUNS,FOWL,LIVESTK,PROD",0394,46,F,B,145,MAIL BOX,,,IC,Invest Cont,341,,,,2400    CORINTH                      AV,,34.0343,-118.4393
242006339,02/25/2024 12:00:00 AM,02/24/2024 12:00:00 AM,1700,20,Olympic,2022,1,510,VEHICLE - STOLEN,,0,,,108,PARKING LOT,,,IC,Invest Cont,510,,,,400 S  ST ANDREWS                   PL,,34.0672,-118.3116
240211970,07/16/2024 12:00:00 AM,07/16/2024 12:00:00 AM,1600,02,Rampart,0251,1,510,VEHICLE - STOLEN,,0,,,101,STREET,,,AA,Adult Arrest,510,,,,400 S  RAMPART                      BL,,34.0649,-118.2798
240306762,02/23/2024 12:00:00 AM,02/10/2024 12:00:00 AM,1000,03,Southwest,0399,2,626,INTIMATE PARTNER - SIMPLE ASSAULT,1276 0913 2000 0416 0446 0444 0429 0408 1814,25,F,B,502,"MULTI-UNIT DWELLING (APARTMENT, DUPLEX, ETC)",400,"STRONG-ARM (HANDS, FIST, FEET OR BODILY FORCE)",AO,Adult Other,626,,,,4200 S  FIGUEROA                     ST,,34.0072,-118.2827
241005225,02/02/2024 12:00:00 AM,02/02/2024 12:00:00 AM,1800,10,West Valley,1094,2,946,OTHER MISCELLANEOUS CRIME,0913 0603,66,M,O,501,SINGLE FAMILY DWELLING,,,AO,Adult Other,946,,,,4500    WHITE OAK                    PL,,34.1509,-118.5222
241010110,07/23/2024 12:00:00 AM,07/23/2024 12:00:00 AM,1230,10,West Valley,1067,1,341,"THEFT-GRAND ($950.01 & OVER)EXCPT,GUNS,FOWL,LIVESTK,PROD",1822 0344,35,F,W,717,HEALTH SPA/GYM,,,IC,Invest Cont,341,,,,17400    VENTURA                      BL,,34.166,-118.5095
240313756,09/01/2024 12:00:00 AM,08/23/2024 12:00:00 AM,1030,03,Southwest,0328,1,522,"VEHICLE, STOLEN - OTHER (MOTORIZED SCOOTERS, BIKES, ETC)",,0,,,707,GARAGE/CARPORT,,,IC,Invest Cont,522,,,,600 W  28TH                         ST,,34.0261,-118.2774
240213369,08/23/2024 12:00:00 AM,08/23/2024 12:00:00 AM,0200,02,Rampart,0205,1,510,VEHICLE - STOLEN,,0,,,101,STREET,,,IC,Invest Cont,510,,,,900 N  VENDOME                      ST,,34.0823,-118.2755
241410244,06/06/2024 12:00:00 AM,06/03/2024 12:00:00 AM,1700,14,Pacific,1412,1,480,BIKE - STOLEN,0344,60,M,W,102,SIDEWALK,,,IC,Invest Cont,480,,,,500    OCEAN FRONT                  WK,,33.9933,-118.4765
240708334,04/22/2024 12:00:00 AM,03/15/2024 12:00:00 AM,1935,07,Wilshire,0753,1,330,BURGLARY FROM VEHICLE,1300 0344,31,M,H,507,CONDOMINIUM/TOWNHOUSE,,,IC,Invest Cont,330,,,,1200 S  OGDEN                        DR,,34.054,-118.3633
241414208,10/14/2024 12:00:00 AM,10/14/2024 12:00:00 AM,0900,14,Pacific,1465,2,740,"VANDALISM - FELONY ($400 & OVER, ALL CHURCH VANDALISMS)",0329,55,M,O,108,PARKING LOT,,,IC,Invest Cont,740,,,,5000 S  CENTINELA                    AV,,33.9867,-118.4155
241907340,04/01/2024 12:00:00 AM,03/31/2024 12:00:00 AM,0200,19,Mission,1906,1,230,"ASSAULT WITH DEADLY WEAPON, AGGRAVATED ASSAULT",0445 0561 0913 1817,28,M,H,501,SINGLE FAMILY DWELLING,207,OTHER KNIFE,AO,Adult Other,230,,,,13600    ELDRIDGE                     AV,,34.3188,-118.4257
242112334,10/12/2024 12:00:00 AM,10/12/2024 12:00:00 AM,1815,21,Topanga,2156,1,442,SHOPLIFTING - PETTY THEFT ($950 & UNDER),0325,50,M,W,404,DEPARTMENT STORE,,,IC,Invest Cont,442,,,,6500    TOPANGA CANYON               BL,,34.1886,-118.6059
241410493,06/14/2024 12:00:00 AM,06/11/2024 12:00:00 AM,1800,14,Pacific,1406,1,331,THEFT FROM MOTOR VEHICLE - GRAND ($950.01 AND OVER),0344,27,M,H,103,ALLEY,,,IC,Invest Cont,331,,,,3600    KEYSTONE                     AV,,34.0238,-118.4095
242109972,06/26/2024 12:00:00 AM,06/25/2024 12:00:00 AM,1500,21,Topanga,2139,1,440,THEFT PLAIN - PETTY ($950 & UNDER),0394,26,F,H,501,SINGLE FAMILY DWELLING,,,IC,Invest Cont,440,,,,20200    SHERMAN                      WY,,34.2011,-118.5734
241904923,01/24/2024 12:00:00 AM,01/24/2024 12:00:00 AM,1450,19,Mission,1955,2,626,INTIMATE PARTNER - SIMPLE ASSAULT,2000 0913 0416 1813,36,M,H,102,SIDEWALK,400,"STRONG-ARM (HANDS, FIST, FEET OR BODILY FORCE)",AA,Adult Arrest,626,,,,14900    CLYMER                       ST,,34.2626,-118.4564
241514000,09/19/2024 12:00:00 AM,09/18/2024 12:00:00 AM,1500,15,N Hollywood,1524,2,624,BATTERY - SIMPLE ASSAULT,0444 0913,13,F,H,722,COLLEGE/JUNIOR COLLEGE/UNIVERSITY,400,"STRONG-ARM (HANDS, FIST, FEET OR BODILY FORCE)",AO,Adult Other,624,,,,6500    LAUREL CANYON                BL,,34.1869,-118.3987
241506199,02/15/2024 12:00:00 AM,02/12/2024 12:00:00 AM,1000,15,N Hollywood,1585,2,740,"VANDALISM - FELONY ($400 & OVER, ALL CHURCH VANDALISMS)",1306 1606 0344 0329 1300,34,F,W,502,"MULTI-UNIT DWELLING (APARTMENT, DUPLEX, ETC)",,,IC,Invest Cont,740,,,,4100    ARCH                         DR,,34.1417,-118.3719
241506593,02/23/2024 12:00:00 AM,01/10/2024 12:00:00 AM,1200,15,N Hollywood,1516,2,649,DOCUMENT FORGERY / STOLEN FELONY,1822 0924,32,F,B,502,"MULTI-UNIT DWELLING (APARTMENT, DUPLEX, ETC)",,,IC,Invest Cont,649,,,,6600    BECK                         AV,,34.1903,-118.3835
242005703,02/10/2024 12:00:00 AM,02/09/2024 12:00:00 AM,2330,20,Olympic,2034,2,624,BATTERY - SIMPLE ASSAULT,0216 1810 0446 0416,29,M,H,502,"MULTI-UNIT DWELLING (APARTMENT, DUPLEX, ETC)",400,"STRONG-ARM (HANDS, FIST, FEET OR BODILY FORCE)",IC,Invest Cont,624,,,,700 S  NORMANDIE                    AV,,34.0596,-118.3022
241610446,09/20/2024 12:00:00 AM,09/19/2024 12:00:00 AM,2300,16,Foothill,1693,1,510,VEHICLE - STOLEN,,0,,,101,STREET,,,IC,Invest Cont,510,,,,12300    SATICOY                      ST,,34.2121,-118.4021
240812611,12/15/2024 12:00:00 AM,12/14/2024 12:00:00 AM,1415,08,West LA,0804,2,745,VANDALISM - MISDEAMEANOR ($399 OR UNDER),0329 1822 1300 1307,38,M,C,108,PARKING LOT,,,IC,Invest Cont,745,,,,1200    GETTY CENTER                 DR,,34.0886,-118.4764
241904747,01/20/2024 12:00:00 AM,01/20/2024 12:00:00 AM,0310,19,Mission,1985,1,440,THEFT PLAIN - PETTY ($950 & UNDER),1822 0371 0906 0344,22,M,H,108,PARKING LOT,,,IC,Invest Cont,440,,,,ROSCOE                       BL,VAN NUYS                     BL,34.2215,-118.4488
240511624,09/28/2024 12:00:00 AM,04/24/2024 12:00:00 AM,1500,05,Harbor,0585,2,745,VANDALISM - MISDEAMEANOR ($399 OR UNDER),0329 1300 1307,29,F,H,122,"VEHICLE, PASSENGER/TRUCK",,,IC,Invest Cont,745,,,,500 W  23RD                         ST,,33.7233,-118.288
240606875,03/04/2024 12:00:00 AM,03/03/2024 12:00:00 AM,1700,06,Hollywood,0639,1,331,THEFT FROM MOTOR VEHICLE - GRAND ($950.01 AND OVER),1822 0344 1501 1300,26,M,O,101,STREET,,,IC,Invest Cont,331,,,,1700 N  KINGSLEY                     DR,,34.1018,-118.3035
240510499,08/03/2024 12:00:00 AM,08/03/2024 12:00:00 AM,1145,05,Harbor,0569,2,740,"VANDALISM - FELONY ($400 & OVER, ALL CHURCH VANDALISMS)",0311 0329,0,X,X,109,PARK/PLAYGROUND,,,IC,Invest Cont,740,,,,100 W  22ND                         ST,,33.7256,-118.2804
240307663,03/12/2024 12:00:00 AM,02/09/2024 12:00:00 AM,1105,03,Southwest,0316,2,662,"BUNCO, GRAND THEFT",0701 1822 1900,27,F,B,501,SINGLE FAMILY DWELLING,,,IC,Invest Cont,662,,,,1800 W  ADAMS                        BL,,34.0349,-118.3046
241010396,08/08/2024 12:00:00 AM,08/08/2024 12:00:00 AM,1710,10,West Valley,1088,1,341,"THEFT-GRAND ($950.01 & OVER)EXCPT,GUNS,FOWL,LIVESTK,PROD",1822 0344,69,M,W,717,HEALTH SPA/GYM,,,IC,Invest Cont,341,,,,16800    VENTURA                      BL,,34.1588,-118.4993
240511140,09/06/2024 12:00:00 AM,09/04/2024 12:00:00 AM,2100,05,Harbor,0585,2,740,"VANDALISM - FELONY ($400 & OVER, ALL CHURCH VANDALISMS)",0329 1300,59,F,W,102,SIDEWALK,,,IC,Invest Cont,740,,,,1000 W  18TH                         ST,,33.7243,-118.2963
241806770,02/29/2024 12:00:00 AM,02/27/2024 12:00:00 AM,0600,18,Southeast,1831,1,510,VEHICLE - STOLEN,,0,,,101,STREET,,,IC,Invest Cont,510,,,,FIGUEROA                     ST,127TH                        ST,33.9176,-118.2829
240809626,07/17/2024 12:00:00 AM,07/17/2024 12:00:00 AM,1415,08,West LA,0855,1,510,VEHICLE - STOLEN,,0,,,108,PARKING LOT,,,IC,Invest Cont,510,,,,10900    SANTA MONICA                 BL,,34.0506,-118.4346
240405637,02/20/2024 12:00:00 AM,02/18/2024 12:00:00 AM,2100,04,Hollenbeck,0497,1,510,VEHICLE - STOLEN,,0,,,101,STREET,,,IC,Invest Cont,510,,,,OLYMPIC                      BL,CAMULOS                      ST,34.0225,-118.2156
241913751,12/15/2024 12:00:00 AM,12/14/2024 12:00:00 AM,0700,19,Mission,1983,1,420,THEFT FROM MOTOR VEHICLE - PETTY ($950 & UNDER),,0,,,101,STREET,,,IC,Invest Cont,420,,,,15100    PARTHENIA                    ST,,34.2282,-118.4611
240217187,11/19/2024 12:00:00 AM,11/19/2024 12:00:00 AM,0045,02,Rampart,0269,1,510,VEHICLE - STOLEN,,0,,,101,STREET,,,IC,Invest Cont,510,,,,GARLAND                      AV,7TH                          ST,34.0517,-118.2663
240507057,03/22/2024 12:00:00 AM,03/21/2024 12:00:00 AM,2300,05,Harbor,0567,1,510,VEHICLE - STOLEN,,0,,,101,STREET,,,IC,Invest Cont,510,,,,MESA,15TH                         ST,33.7306,-118.2858
241606376,03/15/2024 12:00:00 AM,02/15/2024 12:00:00 AM,1210,16,Foothill,1619,1,440,THEFT PLAIN - PETTY ($950 & UNDER),0344,31,M,W,116,OTHER/OUTSIDE,,,IC,Invest Cont,440,,,,10800    REDMONT                      AV,,34.2655,-118.2931
241610096,09/01/2024 12:00:00 AM,08/31/2024 12:00:00 AM,0745,16,Foothill,1653,1,510,VEHICLE - STOLEN,,0,,,101,STREET,,,IC,Invest Cont,510,,,,12800    KELOWNA                      ST,,34.2564,-118.4118
241509906,05/02/2024 12:00:00 AM,05/01/2024 12:00:00 AM,1907,15,N Hollywood,1523,1,310,BURGLARY,0314 0344 1822 1606,58,F,W,501,SINGLE FAMILY DWELLING,,,IC,Invest Cont,310,,,,6200    WHITSETT                     AV,,34.1849,-118.4095
240105373,01/20/2024 12:00:00 AM,01/18/2024 12:00:00 AM,1930,01,Central,0119,1,341,"THEFT-GRAND ($950.01 & OVER)EXCPT,GUNS,FOWL,LIVESTK,PROD",1822 0400 0344 1815,28,F,X,101,STREET,400,"STRONG-ARM (HANDS, FIST, FEET OR BODILY FORCE)",IC,Invest Cont,341,,,,800 N  ALAMEDA                      ST,,34.0561,-118.2375
241804895,01/20/2024 12:00:00 AM,01/20/2024 12:00:00 AM,0300,18,Southeast,1821,2,624,BATTERY - SIMPLE ASSAULT,1202 1822 0416 0429,67,M,B,108,PARKING LOT,400,"STRONG-ARM (HANDS, FIST, FEET OR BODILY FORCE)",IC,Invest Cont,624,,,,500 W  CENTURY                      BL,,33.9455,-118.2826
240707585,03/26/2024 12:00:00 AM,03/22/2024 12:00:00 AM,1930,07,Wilshire,0742,2,354,THEFT OF IDENTITY,0100 1822,59,F,O,501,SINGLE FAMILY DWELLING,,,IC,Invest Cont,354,,,,6600    MOORE                        DR,,34.0602,-118.3727
241513328,09/01/2024 12:00:00 AM,08/30/2024 12:00:00 AM,0600,15,N Hollywood,1529,1,420,THEFT FROM MOTOR VEHICLE - PETTY ($950 & UNDER),,0,,,101,STREET,,,IC,Invest Cont,420,,,,10500    ERWIN                        ST,,34.1831,-118.3594
240811628,10/25/2024 12:00:00 AM,10/06/2024 12:00:00 AM,1010,08,West LA,0817,1,440,THEFT PLAIN - PETTY ($950 & UNDER),0394,20,F,Z,145,MAIL BOX,,,IC,Invest Cont,440,,,,1000    GLENDON                      AV,,34.0625,-118.444
241109363,07/18/2024 12:00:00 AM,07/14/2024 12:00:00 AM,2210,11,Northeast,1162,1,440,THEFT PLAIN - PETTY ($950 & UNDER),2014 0344,44,M,W,122,"VEHICLE, PASSENGER/TRUCK",,,IC,Invest Cont,440,,,,SANTA MONICA                 BL,GATEWAY                      AV,34.0923,-118.2817
240612502,10/09/2024 12:00:00 AM,09/06/2024 12:00:00 AM,1345,06,Hollywood,0666,2,956,"LETTERS, LEWD  -  TELEPHONE CALLS, LEWD",1906 0913,34,F,B,504,OTHER RESIDENCE,,,IC,Invest Cont,956,,,,6200 W  SUNSET                       BL,,34.098,-118.3237
240912590,10/25/2024 12:00:00 AM,10/02/2024 12:00:00 AM,1940,09,Van Nuys,0915,1,331,THEFT FROM MOTOR VEHICLE - GRAND ($950.01 AND OVER),0385 1602 0344,44,F,H,101,STREET,,,IC,Invest Cont,331,,,,14200    ENADIA                       WY,,34.2003,-118.4428
241405858,01/27/2024 12:00:00 AM,01/27/2024 12:00:00 AM,1210,14,Pacific,1487,1,330,BURGLARY FROM VEHICLE,1609 0344 1300,22,F,H,108,PARKING LOT,,,IC,Invest Cont,330,,,,8900 S  SEPULVEDA                    BL,,33.9559,-118.3962
240912312,10/15/2024 12:00:00 AM,10/09/2024 12:00:00 AM,2030,09,Van Nuys,0937,1,520,VEHICLE - ATTEMPT STOLEN,0329 1609,27,M,W,122,"VEHICLE, PASSENGER/TRUCK",,,IC,Invest Cont,520,,,,WOODMAN                      AV,VICTORY                      BL,34.1867,-118.4313
240404440,01/15/2024 12:00:00 AM,01/15/2024 12:00:00 AM,1740,04,Hollenbeck,0464,2,901,VIOLATION OF RESTRAINING ORDER,2038 0329,55,F,H,501,SINGLE FAMILY DWELLING,,,IC,Invest Cont,901,,,,200 N  CHICAGO                      ST,,34.0462,-118.2114
241505653,02/02/2024 12:00:00 AM,01/24/2024 12:00:00 AM,1200,15,N Hollywood,1526,2,662,"BUNCO, GRAND THEFT",0800,47,F,H,501,SINGLE FAMILY DWELLING,,,IC,Invest Cont,662,,,,6100    TUJUNGA                      AV,,34.1849,-118.3834
241610413,09/17/2024 12:00:00 AM,08/31/2024 12:00:00 AM,1540,16,Foothill,1676,2,354,THEFT OF IDENTITY,0928 0927,48,F,W,501,SINGLE FAMILY DWELLING,,,IC,Invest Cont,354,,,,10600    PAWNEE                       ST,,34.2231,-118.3629
242007153,03/13/2024 12:00:00 AM,03/06/2024 12:00:00 AM,1800,20,Olympic,2019,2,888,TRESPASSING,1822 1606,41,F,O,502,"MULTI-UNIT DWELLING (APARTMENT, DUPLEX, ETC)",,,IC,Invest Cont,888,,,,3300 W  2ND                          ST,,34.0704,-118.2868
241207782,03/04/2024 12:00:00 AM,03/02/2024 12:00:00 AM,2100,12,77th Street,1232,2,946,OTHER MISCELLANEOUS CRIME,,35,M,W,501,SINGLE FAMILY DWELLING,,,IC,Invest Cont,946,,,,5800    CRENSHAW                     BL,,33.989,-118.3308
242108786,05/05/2024 12:00:00 AM,05/05/2024 12:00:00 AM,0730,21,Topanga,2139,1,510,VEHICLE - STOLEN,,0,,,101,STREET,,,IC,Invest Cont,510,,,,OAKDALE,VALERIO,34.2047,-118.5671
240610189,06/27/2024 12:00:00 AM,06/26/2024 12:00:00 AM,1200,06,Hollywood,0667,2,740,"VANDALISM - FELONY ($400 & OVER, ALL CHURCH VANDALISMS)",1822 0329 1501,41,M,B,501,SINGLE FAMILY DWELLING,500,UNKNOWN WEAPON/OTHER WEAPON,IC,Invest Cont,740,,,,6000 W  STUDIO                       CT,,34.0942,-118.322
240906489,03/06/2024 12:00:00 AM,02/11/2024 12:00:00 AM,0230,09,Van Nuys,0931,1,330,BURGLARY FROM VEHICLE,0344 1822,54,M,W,221,PUBLIC STORAGE,,,IC,Invest Cont,330,,,,15500    ERWIN                        ST,,34.183,-118.4702
242013559,11/19/2024 12:00:00 AM,11/13/2024 12:00:00 AM,1724,20,Olympic,2024,1,440,THEFT PLAIN - PETTY ($950 & UNDER),0344 0394 1822,39,F,K,502,"MULTI-UNIT DWELLING (APARTMENT, DUPLEX, ETC)",,,IC,Invest Cont,440,,,,500 S  OXFORD                       AV,,34.0653,-118.3079
241305333,01/29/2024 12:00:00 AM,01/29/2024 12:00:00 AM,0650,13,Newton,1323,2,626,INTIMATE PARTNER - SIMPLE ASSAULT,2000 1821 0447 0356,40,F,B,502,"MULTI-UNIT DWELLING (APARTMENT, DUPLEX, ETC)",510,SCALDING LIQUID,IC,Invest Cont,626,,,,900 E  25TH                         ST,,34.0208,-118.2569
240108995,03/13/2024 12:00:00 AM,03/12/2024 12:00:00 AM,1230,01,Central,0111,1,510,VEHICLE - STOLEN,,0,,,101,STREET,,,IC,Invest Cont,510,,,,N  FIGUEROA                     ST,ALPINE                       ST,34.0641,-118.2455
240310215,05/06/2024 12:00:00 AM,05/05/2024 12:00:00 AM,2130,03,Southwest,0377,1,230,"ASSAULT WITH DEADLY WEAPON, AGGRAVATED ASSAULT",0411 0445 0400 1822,35,M,B,102,SIDEWALK,218,OTHER CUTTING INSTRUMENT,IC,Invest Cont,230,,,,1200 W  39TH                         ST,,34.0155,-118.2974
241705507,02/05/2024 12:00:00 AM,02/05/2024 12:00:00 AM,2000,17,Devonshire,1752,2,740,"VANDALISM - FELONY ($400 & OVER, ALL CHURCH VANDALISMS)",0329,36,M,W,108,PARKING LOT,,,IC,Invest Cont,740,,,,21200    DEVONSHIRE                   ST,,34.2572,-118.5944
242011084,08/27/2024 12:00:00 AM,08/26/2024 12:00:00 AM,1700,20,Olympic,2001,1,510,VEHICLE - STOLEN,,0,,,101,STREET,,,IC,Invest Cont,510,,,,VAN NESS                     AV,MAPLEWOOD                    AV,34.0803,-118.3157
240121506,11/22/2024 12:00:00 AM,11/21/2024 12:00:00 AM,2230,01,Central,0162,1,330,BURGLARY FROM VEHICLE,1307 0344 0329,32,M,B,108,PARKING LOT,,,IC,Invest Cont,330,,,,800 S  HILL                         ST,,34.0462,-118.2585
240311228,06/09/2024 12:00:00 AM,06/08/2024 12:00:00 AM,0945,03,Southwest,0358,1,331,THEFT FROM MOTOR VEHICLE - GRAND ($950.01 AND OVER),1606 0344,48,M,W,722,COLLEGE/JUNIOR COLLEGE/UNIVERSITY,,,IC,Invest Cont,331,,,,3700    MCCLINTOCK                   AV,,34.0197,-118.2905
240806238,02/26/2024 12:00:00 AM,02/21/2024 12:00:00 AM,1915,08,West LA,0818,2,740,"VANDALISM - FELONY ($400 & OVER, ALL CHURCH VANDALISMS)",0326 1300,21,F,F,123,PARKING UNDERGROUND/BUILDING,,,IC,Invest Cont,740,,,,WESTWOOD,CHARLES E YOUNG              DR,34.0732,-118.4448
241809307,04/25/2024 12:00:00 AM,04/25/2024 12:00:00 AM,1825,18,Southeast,1802,2,921,HUMAN TRAFFICKING - INVOLUNTARY SERVITUDE,1402 0943,36,F,B,102,SIDEWALK,,,IC,Invest Cont,921,998,,,9100 S  FIGUEROA                     ST,,33.9542,-118.2827
241704251,01/06/2024 12:00:00 AM,01/06/2024 12:00:00 AM,1420,17,Devonshire,1721,1,310,BURGLARY,0216 0209 0206 0202 0352 0344 0321,47,F,H,501,SINGLE FAMILY DWELLING,,,IC,Invest Cont,310,,,,10800    CANOGA                       AV,,34.2663,-118.5973
240704202,01/06/2024 12:00:00 AM,01/06/2024 12:00:00 AM,0415,07,Wilshire,0747,1,761,BRANDISH WEAPON,0913 0334,32,M,H,502,"MULTI-UNIT DWELLING (APARTMENT, DUPLEX, ETC)",200,KNIFE WITH BLADE 6INCHES OR LESS,IC,Invest Cont,761,,,,800 S  MANSFIELD                    AV,,34.0605,-118.3413
241214300,08/13/2024 12:00:00 AM,08/11/2024 12:00:00 AM,1930,12,77th Street,1266,1,510,VEHICLE - STOLEN,,0,,,101,STREET,,,IC,Invest Cont,510,,,,900 W  81ST                         ST,,33.9655,-118.2897
242006365,02/05/2024 12:00:00 AM,01/19/2024 12:00:00 AM,1900,20,Olympic,2001,1,440,THEFT PLAIN - PETTY ($950 & UNDER),0394 1822 0344 2032,55,M,K,119,"PORCH, RESIDENTIAL",,,IC,Invest Cont,440,,,,5100    MAPLEWOOD                    AV,,34.0803,-118.3135
241511700,07/01/2024 12:00:00 AM,06/24/2024 12:00:00 AM,1300,15,N Hollywood,1581,1,420,THEFT FROM MOTOR VEHICLE - PETTY ($950 & UNDER),,0,,,101,STREET,,,IC,Invest Cont,420,,,,4200    WHITSETT                     AV,,34.1467,-118.4052
240405368,02/12/2024 12:00:00 AM,02/12/2024 12:00:00 AM,1300,04,Hollenbeck,0497,1,230,"ASSAULT WITH DEADLY WEAPON, AGGRAVATED ASSAULT",1309 1300 0400 0416 2000 0913 1501,41,F,H,108,PARKING LOT,307,VEHICLE,AA,Adult Arrest,230,,,,1700 S  SOTO                         ST,,34.0184,-118.2201
241809409,04/27/2024 12:00:00 AM,04/27/2024 12:00:00 AM,1400,18,Southeast,1844,2,626,INTIMATE PARTNER - SIMPLE ASSAULT,0913 1814 2000 0400 0416,33,M,B,501,SINGLE FAMILY DWELLING,400,"STRONG-ARM (HANDS, FIST, FEET OR BODILY FORCE)",AO,Adult Other,626,,,,400 E  109TH                        ST,,33.9374,-118.2673
240504241,01/06/2024 12:00:00 AM,01/06/2024 12:00:00 AM,2200,05,Harbor,0566,2,626,INTIMATE PARTNER - SIMPLE ASSAULT,2000 1814 0444 0448 0913,51,F,H,501,SINGLE FAMILY DWELLING,400,"STRONG-ARM (HANDS, FIST, FEET OR BODILY FORCE)",IC,Invest Cont,626,,,,300 W  12TH                         ST,,33.7333,-118.2836
241312993,09/12/2024 12:00:00 AM,09/12/2024 12:00:00 AM,1400,13,Newton,1321,2,888,TRESPASSING,0910 1501,0,X,X,933,MTA - BLUE LINE - GRAND/LATTC,,,IC,Invest Cont,888,,,,400 W  WASHINGTON                   BL,,34.0334,-118.2699
240806218,02/27/2024 12:00:00 AM,02/17/2024 12:00:00 AM,1100,08,West LA,0836,1,480,BIKE - STOLEN,1822 0344,27,M,W,707,GARAGE/CARPORT,,,IC,Invest Cont,480,,,,1800    FAIRBURN                     AV,,34.0548,-118.4276
241513848,09/16/2024 12:00:00 AM,09/14/2024 12:00:00 AM,1748,15,N Hollywood,1525,1,343,SHOPLIFTING-GRAND THEFT ($950.01 & OVER),0325 0344 1822,29,F,W,218,BEAUTY/BARBER SHOP,,,IC,Invest Cont,343,,,,6100    LAUREL CANYON                BL,,34.1814,-118.3965
241007164,03/29/2024 12:00:00 AM,03/04/2024 12:00:00 AM,0630,10,West Valley,1033,2,354,THEFT OF IDENTITY,1822 0922,36,M,H,501,SINGLE FAMILY DWELLING,,,IC,Invest Cont,354,,,,6500    CAPPS                        AV,,34.1885,-118.5395
241407575,03/19/2024 12:00:00 AM,02/19/2024 12:00:00 AM,0900,14,Pacific,1432,1,510,VEHICLE - STOLEN,,0,,,101,STREET,,,IC,Invest Cont,510,,,,VENICE,ABBOT KINNEY,33.9894,-118.4621
241306422,02/20/2024 12:00:00 AM,02/20/2024 12:00:00 AM,1645,13,Newton,1322,2,930,CRIMINAL THREATS - NO WEAPON DISPLAYED,0421 0913,31,M,H,101,STREET,511,VERBAL THREAT,AO,Adult Other,930,,,,2200    WALL                         ST,,34.0268,-118.2619
241608044,05/08/2024 12:00:00 AM,05/07/2024 12:00:00 AM,2130,16,Foothill,1699,1,510,VEHICLE - STOLEN,,0,,,101,STREET,,,IC,Invest Cont,510,,,,7600    DELIA                        AV,,34.2089,-118.3508
240607489,03/18/2024 12:00:00 AM,03/18/2024 12:00:00 AM,0030,06,Hollywood,0643,1,510,VEHICLE - STOLEN,,0,,,101,STREET,,,IC,Invest Cont,510,,,,1600 N  FULLER                       AV,,34.0998,-118.349
241110180,08/22/2024 12:00:00 AM,08/22/2024 12:00:00 AM,0915,11,Northeast,1118,1,420,THEFT FROM MOTOR VEHICLE - PETTY ($950 & UNDER),,0,,,108,PARKING LOT,,,IC,Invest Cont,420,,,,100 N  AVENUE 57,,34.1096,-118.1928
241414153,10/16/2024 12:00:00 AM,10/16/2024 12:00:00 AM,1202,14,Pacific,1413,1,510,VEHICLE - STOLEN,,0,,,101,STREET,,,IC,Invest Cont,510,,,,BROOKS                       AV,ABBOT KINNEY                 BL,33.9956,-118.4722
240409005,07/24/2024 12:00:00 AM,07/15/2024 12:00:00 AM,1800,04,Hollenbeck,0424,2,354,THEFT OF IDENTITY,0100,25,F,C,502,"MULTI-UNIT DWELLING (APARTMENT, DUPLEX, ETC)",,,IC,Invest Cont,354,,,,3700    BALDWIN                      ST,,34.0704,-118.2013
241307212,03/06/2024 12:00:00 AM,03/06/2024 12:00:00 AM,1300,13,Newton,1327,2,901,VIOLATION OF RESTRAINING ORDER,2038 2004 1202 0913 0432,69,F,H,501,SINGLE FAMILY DWELLING,,,IC,Invest Cont,901,,,,1500 E  23RD                         ST,,34.0181,-118.2488
241004183,01/04/2024 12:00:00 AM,01/04/2024 12:00:00 AM,2000,10,West Valley,1063,1,330,BURGLARY FROM VEHICLE,1822 0344 1609,18,M,W,108,PARKING LOT,,,IC,Invest Cont,330,,,,18800    VENTURA                      BL,,34.1715,-118.5428
240206116,02/09/2024 12:00:00 AM,02/08/2024 12:00:00 AM,1800,02,Rampart,0248,1,420,THEFT FROM MOTOR VEHICLE - PETTY ($950 & UNDER),1606 1300 0344 1822,42,M,B,101,STREET,,,IC,Invest Cont,420,,,,1200 W  6TH                          ST,,34.0579,-118.2649
240504473,01/13/2024 12:00:00 AM,01/13/2024 12:00:00 AM,1400,05,Harbor,0551,2,624,BATTERY - SIMPLE ASSAULT,1822 0416,44,M,W,108,PARKING LOT,400,"STRONG-ARM (HANDS, FIST, FEET OR BODILY FORCE)",IC,Invest Cont,624,,,,500 N  WESTERN                      AV,,33.7478,-118.3094
240110170,04/10/2024 12:00:00 AM,04/05/2024 12:00:00 AM,1730,01,Central,0171,1,230,"ASSAULT WITH DEADLY WEAPON, AGGRAVATED ASSAULT",0400 0416 1822 0319 0359,42,F,O,102,SIDEWALK,500,UNKNOWN WEAPON/OTHER WEAPON,IC,Invest Cont,230,,,,800 W  OLYMPIC                      BL,,34.045,-118.264
240409321,08/08/2024 12:00:00 AM,08/07/2024 12:00:00 AM,2230,04,Hollenbeck,0478,1,510,VEHICLE - STOLEN,,0,,,101,STREET,,,IC,Invest Cont,510,,,,3300    SABINA                       ST,,34.0302,-118.2006
242107611,04/02/2024 12:00:00 AM,04/02/2024 12:00:00 AM,1700,21,Topanga,2149,1,230,"ASSAULT WITH DEADLY WEAPON, AGGRAVATED ASSAULT",1402 1419 0913,30,M,W,101,STREET,304,CLUB/BAT,IC,Invest Cont,230,998,,,OAKDALE                      AV,HART                         ST,34.1975,-118.5666
240605500,01/21/2024 12:00:00 AM,01/20/2024 12:00:00 AM,1125,06,Hollywood,0628,1,330,BURGLARY FROM VEHICLE,1300 1609 1501,43,M,W,101,STREET,,,IC,Invest Cont,330,,,,2000    ARGYLE                       AV,,34.1071,-118.3252
240114622,07/15/2024 12:00:00 AM,07/15/2024 12:00:00 AM,0725,01,Central,0118,2,888,TRESPASSING,0910 1501 2004,0,X,X,967,MTA - GOLD LINE - CHINATOWN,,,IC,Invest Cont,888,,,,900 N  SPRING                       ST,,34.0635,-118.2357
241505881,02/08/2024 12:00:00 AM,02/08/2024 12:00:00 AM,0730,15,N Hollywood,1501,2,354,THEFT OF IDENTITY,0377,32,F,H,502,"MULTI-UNIT DWELLING (APARTMENT, DUPLEX, ETC)",,,IC,Invest Cont,354,,,,7600    FULTON                       AV,,34.2084,-118.4235
240710470,08/02/2024 12:00:00 AM,08/02/2024 12:00:00 AM,0130,07,Wilshire,0764,1,331,THEFT FROM MOTOR VEHICLE - GRAND ($950.01 AND OVER),1300 0385 1822,49,M,B,101,STREET,,,IC,Invest Cont,331,,,,1500 S  CLOVERDALE                   AV,,34.0464,-118.3522
241909226,05/31/2024 12:00:00 AM,05/30/2024 12:00:00 AM,2200,19,Mission,1995,1,510,VEHICLE - STOLEN,,0,,,707,GARAGE/CARPORT,,,IC,Invest Cont,510,,,,14600    BLYTHE                       ST,,34.2152,-118.451
242010190,07/16/2024 12:00:00 AM,07/15/2024 12:00:00 AM,2000,20,Olympic,2038,1,510,VEHICLE - STOLEN,,0,,,707,GARAGE/CARPORT,,,IC,Invest Cont,510,,,,3100    WILSHIRE                     BL,,34.0618,-118.2891
240310344,05/06/2024 12:00:00 AM,05/06/2024 12:00:00 AM,2130,03,Southwest,0313,2,745,VANDALISM - MISDEAMEANOR ($399 OR UNDER),0329 0913 1202,69,F,B,502,"MULTI-UNIT DWELLING (APARTMENT, DUPLEX, ETC)",207,OTHER KNIFE,IC,Invest Cont,745,,,,4300 W  ADAMS                        BL,,34.0326,-118.3319
241604635,01/21/2024 12:00:00 AM,01/21/2024 12:00:00 AM,2100,16,Foothill,1687,2,625,OTHER ASSAULT,1822 0416 0400 0444,67,F,W,202,LIQUOR STORE,400,"STRONG-ARM (HANDS, FIST, FEET OR BODILY FORCE)",IC,Invest Cont,625,,,,8000    VINELAND                     AV,,34.2157,-118.3703
240216104,10/17/2024 12:00:00 AM,10/15/2024 12:00:00 AM,1200,02,Rampart,0257,1,341,"THEFT-GRAND ($950.01 & OVER)EXCPT,GUNS,FOWL,LIVESTK,PROD",1815 0344,49,M,H,720,JUNIOR HIGH SCHOOL,,,IC,Invest Cont,341,,,,600 S  UNION                        AV,,34.057,-118.2691
241209426,04/02/2024 12:00:00 AM,04/02/2024 12:00:00 AM,1620,12,77th Street,1269,1,230,"ASSAULT WITH DEADLY WEAPON, AGGRAVATED ASSAULT",2000 1309 0421 0432 0319 0334 1100 0450 1814 0913,30,F,B,102,SIDEWALK,102,HAND GUN,AA,Adult Arrest,230,,,,FIGUEROA                     ST,83RD                         ST,33.9638,-118.2629
240708211,04/18/2024 12:00:00 AM,04/18/2024 12:00:00 AM,1900,07,Wilshire,0705,1,510,VEHICLE - STOLEN,,0,,,101,STREET,,,IC,Invest Cont,510,,,,900 N  LA BREA                      AV,,34.0846,-118.3464
240607363,03/13/2024 12:00:00 AM,03/13/2024 12:00:00 AM,1930,06,Hollywood,0663,1,230,"ASSAULT WITH DEADLY WEAPON, AGGRAVATED ASSAULT",1501 0400 1822 0416 0431,21,M,H,203,OTHER BUSINESS,400,"STRONG-ARM (HANDS, FIST, FEET OR BODILY FORCE)",IC,Invest Cont,230,,,,6700    SANTA MONICA                 BL,,34.0907,-118.3363
241506707,02/26/2024 12:00:00 AM,02/26/2024 12:00:00 AM,0530,15,N Hollywood,1585,2,626,INTIMATE PARTNER - SIMPLE ASSAULT,1814 2004 2060 0447 0416 1218,30,F,W,102,SIDEWALK,400,"STRONG-ARM (HANDS, FIST, FEET OR BODILY FORCE)",AO,Adult Other,626,,,,VINELAND                     AV,BLUFFSIDE,34.142,-118.3704
241804453,01/09/2024 12:00:00 AM,01/09/2024 12:00:00 AM,2100,18,Southeast,1826,2,930,CRIMINAL THREATS - NO WEAPON DISPLAYED,2000 0913 1402 1407 1814 1300 0329 1307 0432 0421,41,F,H,502,"MULTI-UNIT DWELLING (APARTMENT, DUPLEX, ETC)",400,"STRONG-ARM (HANDS, FIST, FEET OR BODILY FORCE)",AA,Adult Arrest,930,998,,,9100    COMPTON                      AV,,33.9543,-118.2475
240404622,01/21/2024 12:00:00 AM,01/21/2024 12:00:00 AM,0005,04,Hollenbeck,0469,1,230,"ASSAULT WITH DEADLY WEAPON, AGGRAVATED ASSAULT",0342 0906 0302 1822 0334,23,M,H,504,OTHER RESIDENCE,102,HAND GUN,IC,Invest Cont,230,,,,500 S  INDIANA                      ST,,34.0333,-118.1946
240405397,02/13/2024 12:00:00 AM,02/11/2024 12:00:00 AM,1441,04,Hollenbeck,0437,1,330,BURGLARY FROM VEHICLE,1300 0385 0344,41,F,H,501,SINGLE FAMILY DWELLING,,,IC,Invest Cont,330,,,,2100    MCPHERSON                    AV,,34.0679,-118.1818
241217423,11/23/2024 12:00:00 AM,11/23/2024 12:00:00 AM,0300,12,77th Street,1245,1,231,ASSAULT WITH DEADLY WEAPON ON POLICE OFFICER,1212 0447 1822 1309,26,M,H,101,STREET,500,UNKNOWN WEAPON/OTHER WEAPON,IC,Invest Cont,231,,,,GAGE                         AV,NORMANDIE                    AV,33.9824,-118.3003
240912496,10/19/2024 12:00:00 AM,10/11/2024 12:00:00 AM,0600,09,Van Nuys,0905,1,330,BURGLARY FROM VEHICLE,0344 1822,30,F,H,108,PARKING LOT,,,IC,Invest Cont,330,,,,14600    SATICOY                      ST,,34.2085,-118.4512
240907086,03/21/2024 12:00:00 AM,03/20/2024 12:00:00 AM,2230,09,Van Nuys,0963,2,740,"VANDALISM - FELONY ($400 & OVER, ALL CHURCH VANDALISMS)",0329 1822 1307,57,F,B,122,"VEHICLE, PASSENGER/TRUCK",,,IC,Invest Cont,740,,,,14700    VALLEYHEART                  DR,,34.1584,-118.4531
241509194,04/17/2024 12:00:00 AM,04/04/2024 12:00:00 AM,1608,15,N Hollywood,1532,2,354,THEFT OF IDENTITY,0377,40,F,O,502,"MULTI-UNIT DWELLING (APARTMENT, DUPLEX, ETC)",,,IC,Invest Cont,354,,,,6000    LAUREL CANYON                BL,,34.1797,-118.4014
241805801,02/07/2024 12:00:00 AM,02/07/2024 12:00:00 AM,1640,18,Southeast,1846,1,440,THEFT PLAIN - PETTY ($950 & UNDER),1822 0209 0344,21,M,H,101,STREET,,,IC,Invest Cont,440,,,,1300 E  IMPERIAL                     HY,,33.9323,-118.2502
241706073,02/20/2024 12:00:00 AM,01/30/2024 12:00:00 AM,1936,17,Devonshire,1764,1,442,SHOPLIFTING - PETTY THEFT ($950 & UNDER),0325 0352 0209 0378,0,X,X,404,DEPARTMENT STORE,,,IC,Invest Cont,442,,,,9300    TAMPA                        AV,,34.244,-118.5583
241804377,01/07/2024 12:00:00 AM,01/07/2024 12:00:00 AM,1850,18,Southeast,1862,2,932,PEEPING TOM,1822,35,F,H,501,SINGLE FAMILY DWELLING,,,IC,Invest Cont,932,,,,300 W  119TH                        ST,,33.9247,-118.2783
241910118,07/14/2024 12:00:00 AM,07/13/2024 12:00:00 AM,1330,19,Mission,1998,1,330,BURGLARY FROM VEHICLE,0385,46,F,W,101,STREET,,,IC,Invest Cont,330,,,,8200    REDBUSH                      LN,,34.2187,-118.4378
241504429,01/09/2024 12:00:00 AM,01/07/2024 12:00:00 AM,1430,15,N Hollywood,1549,2,888,TRESPASSING,0910 1822 1501 2004,0,X,X,913,MTA - RED LINE - NORTH HOLLYWOOD,,,AA,Adult Arrest,888,,,,5300    LANKERSHIM                   BL,,34.172,-118.3789
241906485,03/05/2024 12:00:00 AM,03/04/2024 12:00:00 AM,1430,19,Mission,1913,1,420,THEFT FROM MOTOR VEHICLE - PETTY ($950 & UNDER),1606 0344,30,M,H,101,STREET,,,IC,Invest Cont,420,,,,14900    NURMI                        ST,,34.3015,-118.458
241812210,08/14/2024 12:00:00 AM,08/14/2024 12:00:00 AM,0630,18,Southeast,1842,1,420,THEFT FROM MOTOR VEHICLE - PETTY ($950 & UNDER),,0,,,101,STREET,,,IC,Invest Cont,420,,,,200 W  108TH                        ST,,33.9383,-118.2762
241217054,11/11/2024 12:00:00 AM,11/10/2024 12:00:00 AM,0001,12,77th Street,1211,1,330,BURGLARY FROM VEHICLE,0344,37,F,B,104,DRIVEWAY,,,IC,Invest Cont,330,,,,5300    BRYNHURST                    AV,,33.9949,-118.3333
240606910,03/04/2024 12:00:00 AM,03/02/2024 12:00:00 AM,1130,06,Hollywood,0666,2,662,"BUNCO, GRAND THEFT",0701 1402,31,M,O,108,PARKING LOT,,,IC,Invest Cont,662,998,,,6200 W  SUNSET                       BL,,34.098,-118.3237
241714348,11/19/2024 12:00:00 AM,10/23/2024 12:00:00 AM,1600,17,Devonshire,1701,1,440,THEFT PLAIN - PETTY ($950 & UNDER),0344 0352 0394,34,M,K,119,"PORCH, RESIDENTIAL",,,IC,Invest Cont,440,,,,12000    TURTLE SPRINGS               LN,,34.2919,-118.5625
242106987,03/18/2024 12:00:00 AM,03/11/2024 12:00:00 AM,1700,21,Topanga,2155,1,330,BURGLARY FROM VEHICLE,0344 0321 1609,52,F,W,101,STREET,,,IC,Invest Cont,330,,,,22000    OXNARD                       ST,,34.1828,-118.6102
240217272,11/20/2024 12:00:00 AM,11/16/2024 12:00:00 AM,1200,02,Rampart,0299,1,310,BURGLARY,1822 1602 0344 1402,63,M,W,101,STREET,,,IC,Invest Cont,310,998,,,900    VENICE                       BL,,34.0399,-118.2755
242005458,02/01/2024 12:00:00 AM,02/01/2024 12:00:00 AM,1630,20,Olympic,2034,2,237,CHILD NEGLECT (SEE 300 W.I.C.),1251 1257,5,F,A,502,"MULTI-UNIT DWELLING (APARTMENT, DUPLEX, ETC)",,,AO,Adult Other,237,,,,700 S  KINGSLEY                     DR,,34.0597,-118.3031
240408710,07/09/2024 12:00:00 AM,06/13/2024 12:00:00 AM,2030,04,Hollenbeck,0499,1,442,SHOPLIFTING - PETTY THEFT ($950 & UNDER),0325,0,X,X,403,DRUG STORE,,,IC,Invest Cont,442,,,,3600 E  OLYMPIC                      BL,,34.0188,-118.2011
240506651,03/09/2024 12:00:00 AM,03/09/2024 12:00:00 AM,2153,05,Harbor,0585,2,930,CRIMINAL THREATS - NO WEAPON DISPLAYED,0432 0319 0421 1817 1202 0913,60,F,H,103,ALLEY,511,VERBAL THREAT,AO,Adult Other,930,,,,500 W  20TH                         ST,,33.7261,-118.288
242004392,01/12/2024 12:00:00 AM,01/12/2024 12:00:00 AM,0430,20,Olympic,2017,2,626,INTIMATE PARTNER - SIMPLE ASSAULT,0344 0400 0432 0448 1813 2000,33,F,H,502,"MULTI-UNIT DWELLING (APARTMENT, DUPLEX, ETC)",400,"STRONG-ARM (HANDS, FIST, FEET OR BODILY FORCE)",IC,Invest Cont,626,,,,200 S  KENMORE                      AV,,34.0712,-118.2966
241506790,02/28/2024 12:00:00 AM,02/23/2024 12:00:00 AM,0100,15,N Hollywood,1519,2,740,"VANDALISM - FELONY ($400 & OVER, ALL CHURCH VANDALISMS)",2034 0311 1822 0329,32,F,H,101,STREET,,,IC,Invest Cont,740,,,,6500    SATSUMA                      AV,,34.1885,-118.3671
241212794,06/22/2024 12:00:00 AM,06/20/2024 12:00:00 AM,1700,12,77th Street,1263,1,420,THEFT FROM MOTOR VEHICLE - PETTY ($950 & UNDER),,0,,,101,STREET,,,IC,Invest Cont,420,,,,8100 S  WESTERN                      AV,,33.9655,-118.309
240808193,05/05/2024 12:00:00 AM,05/05/2024 12:00:00 AM,1800,08,West LA,0823,1,330,BURGLARY FROM VEHICLE,0344,37,M,W,101,STREET,,,IC,Invest Cont,330,,,,900    TEMESCAL CANYON              RD,,34.0466,-118.5301
241006194,03/01/2024 12:00:00 AM,02/29/2024 12:00:00 AM,2300,10,West Valley,1001,1,510,VEHICLE - STOLEN,,0,,,101,STREET,,,AA,Adult Arrest,510,,,,7700    AURA                         AV,,34.2101,-118.5544
241909344,06/06/2024 12:00:00 AM,06/05/2024 12:00:00 AM,2100,19,Mission,1958,1,510,VEHICLE - STOLEN,,0,,,101,STREET,,,IC,Invest Cont,510,,,,WOODMAN                      AV,VAN NUYS                     BL,34.2471,-118.4482
241409464,05/12/2024 12:00:00 AM,05/12/2024 12:00:00 AM,1545,14,Pacific,1494,2,745,VANDALISM - MISDEAMEANOR ($399 OR UNDER),1822 0329 1300,47,F,O,102,SIDEWALK,500,UNKNOWN WEAPON/OTHER WEAPON,IC,Invest Cont,745,,,,300    WORLD                        WY,,33.9455,-118.4001
240506760,03/13/2024 12:00:00 AM,03/11/2024 12:00:00 AM,1200,05,Harbor,0513,1,420,THEFT FROM MOTOR VEHICLE - PETTY ($950 & UNDER),,0,,,101,STREET,,,IC,Invest Cont,420,,,,1300    FIGUEROA                     PL,,33.7876,-118.2821
241507953,03/21/2024 12:00:00 AM,03/21/2024 12:00:00 AM,1500,15,N Hollywood,1521,2,626,INTIMATE PARTNER - SIMPLE ASSAULT,2000 2004 1218 1814 0416,26,M,H,101,STREET,400,"STRONG-ARM (HANDS, FIST, FEET OR BODILY FORCE)",IC,Invest Cont,626,,,,13200    SHERMAN                      WY,,34.2012,-118.4205
240607648,02/28/2024 12:00:00 AM,02/23/2024 12:00:00 AM,0725,06,Hollywood,0666,1,440,THEFT PLAIN - PETTY ($950 & UNDER),1501,44,M,W,502,"MULTI-UNIT DWELLING (APARTMENT, DUPLEX, ETC)",,,IC,Invest Cont,440,,,,6100    AFTON                        PL,,34.0953,-118.3223
241600500,01/01/2024 12:00:00 AM,01/01/2024 12:00:00 AM,0010,16,Foothill,1602,1,520,VEHICLE - ATTEMPT STOLEN,1402 1501,47,F,H,101,STREET,,,IC,Invest Cont,520,998,,,12700    MERCER                       ST,,34.2783,-118.4098
240706175,02/22/2024 12:00:00 AM,02/21/2024 12:00:00 AM,1630,07,Wilshire,0702,1,420,THEFT FROM MOTOR VEHICLE - PETTY ($950 & UNDER),,0,,,101,STREET,,,IC,Invest Cont,420,,,,7500    MELROSE                      AV,,34.0837,-118.3533
241905040,01/27/2024 12:00:00 AM,01/27/2024 12:00:00 AM,1600,19,Mission,1912,2,755,BOMB SCARE,0404 1822,48,M,X,702,OFFICE BUILDING/OFFICE,501,BOMB THREAT,IC,Invest Cont,755,,,,16000    YARNELL                      ST,,34.3209,-118.4793
240106267,01/31/2024 12:00:00 AM,01/31/2024 12:00:00 AM,1745,01,Central,0119,2,888,TRESPASSING,0910 1501 2004,0,X,X,900,MTA - RED LINE - UNION STATION,,,IC,Invest Cont,888,,,,800 N  ALAMEDA                      ST,,34.0561,-118.2375
241410167,06/04/2024 12:00:00 AM,05/31/2024 12:00:00 AM,1442,14,Pacific,1494,1,440,THEFT PLAIN - PETTY ($950 & UNDER),1822 0344 1300,41,M,H,212,TRANSPORTATION FACILITY (AIRPORT),500,UNKNOWN WEAPON/OTHER WEAPON,IC,Invest Cont,440,,,,100    WORLD                        WY,,33.9455,-118.4004
241605502,02/20/2024 12:00:00 AM,02/19/2024 12:00:00 AM,1700,16,Foothill,1651,1,510,VEHICLE - STOLEN,,0,,,101,STREET,,,IC,Invest Cont,510,,,,9600    RINCON                       AV,,34.2445,-118.4155
241307021,03/03/2024 12:00:00 AM,03/03/2024 12:00:00 AM,1415,13,Newton,1395,2,740,"VANDALISM - FELONY ($400 & OVER, ALL CHURCH VANDALISMS)",0329 1307,24,M,H,122,"VEHICLE, PASSENGER/TRUCK",212,BOTTLE,AA,Adult Arrest,740,,,,CENTRAL                      AV,FLORENCE,33.9748,-118.2565
240707027,03/12/2024 12:00:00 AM,03/06/2024 12:00:00 AM,1400,07,Wilshire,0724,2,928,THREATENING PHONE CALLS/LETTERS,1912,0,X,X,415,THE GROVE,500,UNKNOWN WEAPON/OTHER WEAPON,AO,Adult Other,928,,,,100    THE GROVE                    DR,,34.0736,-118.3563
241804565,01/12/2024 12:00:00 AM,01/12/2024 12:00:00 AM,0340,18,Southeast,1834,1,440,THEFT PLAIN - PETTY ($950 & UNDER),1822 0344 0345,47,F,H,501,SINGLE FAMILY DWELLING,,,IC,Invest Cont,440,,,,10600    MCKINLEY                     AV,,33.9401,-118.2609
240306183,02/12/2024 12:00:00 AM,02/12/2024 12:00:00 AM,0445,03,Southwest,0333,1,310,BURGLARY,0329 1822 0216 1609,23,X,X,203,OTHER BUSINESS,,,IC,Invest Cont,310,,,,2800    CRENSHAW                     BL,,34.0278,-118.3378
240607895,03/26/2024 12:00:00 AM,03/26/2024 12:00:00 AM,0318,06,Hollywood,0635,2,354,THEFT OF IDENTITY,1501 1822 0930,33,F,K,502,"MULTI-UNIT DWELLING (APARTMENT, DUPLEX, ETC)",,,IC,Invest Cont,354,,,,6600    FRANKLIN                     AV,,34.1079,-118.3337
242109504,06/02/2024 12:00:00 AM,06/01/2024 12:00:00 AM,1924,21,Topanga,2114,1,442,SHOPLIFTING - PETTY THEFT ($950 & UNDER),0325 0378 0352,50,M,W,405,CLOTHING STORE,,,IC,Invest Cont,442,,,,8200    TOPANGA CANYON               BL,,34.2139,-118.6103
241513291,08/30/2024 12:00:00 AM,08/27/2024 12:00:00 AM,2100,15,N Hollywood,1505,1,420,THEFT FROM MOTOR VEHICLE - PETTY ($950 & UNDER),,0,,,101,STREET,,,IC,Invest Cont,420,,,,VALERIO                      ST,TROOST                       AV,34.2048,-118.3866
240206021,02/07/2024 12:00:00 AM,02/07/2024 12:00:00 AM,0245,02,Rampart,0246,1,121,"RAPE, FORCIBLE",1817 0913 1415 1409 0527,34,F,O,503,HOTEL,200,KNIFE WITH BLADE 6INCHES OR LESS,IC,Invest Cont,121,998,,,400 S  WESTLAKE                     AV,,34.0608,-118.2726
242005184,01/24/2024 12:00:00 AM,01/23/2024 12:00:00 AM,1800,20,Olympic,2034,1,331,THEFT FROM MOTOR VEHICLE - GRAND ($950.01 AND OVER),0344 0385 1822 1602,37,F,K,101,STREET,,,IC,Invest Cont,331,,,,600 S  ARDMORE                      AV,,34.0579,-118.302
242113016,11/09/2024 12:00:00 AM,11/09/2024 12:00:00 AM,0400,21,Topanga,2161,1,510,VEHICLE - STOLEN,,0,,,101,STREET,,,IC,Invest Cont,510,,,,24400    HATTERAS                     ST,,34.1732,-118.6561
240315971,11/03/2024 12:00:00 AM,11/02/2024 12:00:00 AM,1900,03,Southwest,0314,1,331,THEFT FROM MOTOR VEHICLE - GRAND ($950.01 AND OVER),0344 1300 1822,29,F,H,707,GARAGE/CARPORT,,,IC,Invest Cont,331,,,,3700 W  MONT CLAIR                   ST,,34.0328,-118.323
240204531,01/10/2024 12:00:00 AM,01/09/2024 12:00:00 AM,2320,02,Rampart,0257,1,331,THEFT FROM MOTOR VEHICLE - GRAND ($950.01 AND OVER),1202 0385 1300 1822 1608,67,M,O,707,GARAGE/CARPORT,,,IC,Invest Cont,331,,,,600    LUCAS                        AV,,34.0552,-118.2675
240114392,07/10/2024 12:00:00 AM,07/08/2024 12:00:00 AM,0122,01,Central,0182,1,440,THEFT PLAIN - PETTY ($950 & UNDER),0344,0,X,X,502,"MULTI-UNIT DWELLING (APARTMENT, DUPLEX, ETC)",,,IC,Invest Cont,440,,,,1000 S  HOPE                         ST,,34.0437,-118.2617
240707048,03/11/2024 12:00:00 AM,03/09/2024 12:00:00 AM,2300,07,Wilshire,0733,2,740,"VANDALISM - FELONY ($400 & OVER, ALL CHURCH VANDALISMS)",0329 0913,56,M,W,502,"MULTI-UNIT DWELLING (APARTMENT, DUPLEX, ETC)",,,IC,Invest Cont,740,,,,5700 W  6TH                          ST,,34.0649,-118.3525
241414719,10/30/2024 12:00:00 AM,10/30/2024 12:00:00 AM,0630,14,Pacific,1496,2,745,VANDALISM - MISDEAMEANOR ($399 OR UNDER),1822 0329 1300,60,M,W,102,SIDEWALK,500,UNKNOWN WEAPON/OTHER WEAPON,IC,Invest Cont,745,,,,6100 W  98TH                         ST,,33.9474,-118.3915
240613658,11/30/2024 12:00:00 AM,11/27/2024 12:00:00 AM,1830,06,Hollywood,0645,1,352,PICKPOCKET,1822 0344,72,F,W,102,SIDEWALK,,,IC,Invest Cont,352,,,,6900    HOLLYWOOD                    BL,,34.1015,-118.3401
240217420,11/21/2024 12:00:00 AM,11/21/2024 12:00:00 AM,1235,02,Rampart,0211,1,440,THEFT PLAIN - PETTY ($950 & UNDER),1822 0344,39,M,B,103,ALLEY,,,IC,Invest Cont,440,,,,4200    MELROSE                      AV,,34.0836,-118.2917
241008028,04/19/2024 12:00:00 AM,04/03/2024 12:00:00 AM,1835,10,West Valley,1017,2,740,"VANDALISM - FELONY ($400 & OVER, ALL CHURCH VANDALISMS)",1822 0329 1300,44,F,B,101,STREET,,,IC,Invest Cont,740,,,,LOUISE                       AV,SATICOY                      ST,34.2084,-118.5098
241311663,07/29/2024 12:00:00 AM,07/29/2024 12:00:00 AM,0001,13,Newton,1361,1,420,THEFT FROM MOTOR VEHICLE - PETTY ($950 & UNDER),0344 1822,32,M,H,101,STREET,,,IC,Invest Cont,420,,,,100 W  45TH                         ST,,34.0029,-118.274
240108432,03/02/2024 12:00:00 AM,03/02/2024 12:00:00 AM,1510,01,Central,0124,2,740,"VANDALISM - FELONY ($400 & OVER, ALL CHURCH VANDALISMS)",0910 0329 1402,0,X,X,135,MTA PROPERTY OR PARKING LOT,,,AA,Adult Arrest,740,998,,,SPRING                       ST,TEMPLE                       ST,34.0549,-118.2426
242110712,07/12/2024 12:00:00 AM,07/11/2024 12:00:00 AM,1130,21,Topanga,2189,1,440,THEFT PLAIN - PETTY ($950 & UNDER),0344 1202 0377,73,F,W,406,OTHER STORE,,,IC,Invest Cont,440,,,,VENTURA                      BL,WINNETKA                     AV,34.171,-118.5709
241008023,04/19/2024 12:00:00 AM,04/10/2024 12:00:00 AM,1327,10,West Valley,1023,2,354,THEFT OF IDENTITY,1822 0930,32,M,W,502,"MULTI-UNIT DWELLING (APARTMENT, DUPLEX, ETC)",,,IC,Invest Cont,354,,,,18900    KITTRIDGE                    ST,,34.1904,-118.5508
240409588,08/19/2024 12:00:00 AM,08/15/2024 12:00:00 AM,0056,04,Hollenbeck,0412,1,320,"BURGLARY, ATTEMPTED",1300 1302 0344,23,F,W,707,GARAGE/CARPORT,,,IC,Invest Cont,320,,,,300 W  AVENUE 26,,34.0798,-118.2185
240109890,04/03/2024 12:00:00 AM,04/02/2024 12:00:00 AM,2000,01,Central,0143,1,440,THEFT PLAIN - PETTY ($950 & UNDER),0344,18,M,H,717,HEALTH SPA/GYM,,,IC,Invest Cont,440,,,,400 S  BROADWAY,,34.0495,-118.2494
241004439,01/12/2024 12:00:00 AM,01/12/2024 12:00:00 AM,0900,10,West Valley,1007,2,624,BATTERY - SIMPLE ASSAULT,0429 1810 0400 0421 0913,30,F,O,501,SINGLE FAMILY DWELLING,400,"STRONG-ARM (HANDS, FIST, FEET OR BODILY FORCE)",IC,Invest Cont,624,930,,,7700    GENESTA                      AV,,34.2104,-118.5032
241108932,06/27/2024 12:00:00 AM,06/24/2024 12:00:00 AM,1655,11,Northeast,1181,2,740,"VANDALISM - FELONY ($400 & OVER, ALL CHURCH VANDALISMS)",1307 0329,37,M,H,212,TRANSPORTATION FACILITY (AIRPORT),,,IC,Invest Cont,740,,,,1200 N  ALVARADO                     ST,,34.0781,-118.2631
240613697,11/21/2024 12:00:00 AM,11/19/2024 12:00:00 AM,1730,06,Hollywood,0632,1,330,BURGLARY FROM VEHICLE,1822 0344 1300 1501,30,M,W,707,GARAGE/CARPORT,,,IC,Invest Cont,330,,,,7900 W  SUNSET                       BL,,34.0981,-118.3615
241012572,12/02/2024 12:00:00 AM,12/02/2024 12:00:00 AM,1000,10,West Valley,1025,1,510,VEHICLE - STOLEN,,0,,,101,STREET,,,IC,Invest Cont,510,,,,7000    LINDLEY                      AV,,34.1975,-118.5273
241604723,01/24/2024 12:00:00 AM,01/24/2024 12:00:00 AM,1245,16,Foothill,1684,1,230,"ASSAULT WITH DEADLY WEAPON, AGGRAVATED ASSAULT",1501 1822 2004,49,M,H,101,STREET,204,FOLDING KNIFE,AA,Adult Arrest,230,,,,LANKERSHIM,WEBB,34.2157,-118.3878
241407717,03/22/2024 12:00:00 AM,03/22/2024 12:00:00 AM,1930,14,Pacific,1403,2,888,TRESPASSING,,0,X,X,710,OTHER PREMISE,,,IC,Invest Cont,888,,,,2900 S  SEPULVEDA                    BL,,34.0286,-118.4294
242107070,03/20/2024 12:00:00 AM,03/19/2024 12:00:00 AM,2330,21,Topanga,2156,1,510,VEHICLE - STOLEN,,0,,,707,GARAGE/CARPORT,,,IC,Invest Cont,510,,,,6200    OWENSMOUTH                   AV,,34.1829,-118.6015
240212559,08/01/2024 12:00:00 AM,07/31/2024 12:00:00 AM,1800,02,Rampart,0295,1,510,VEHICLE - STOLEN,,0,,,101,STREET,,,IC,Invest Cont,510,,,,1300 S  BURLINGTON                   AV,,34.0456,-118.2789
241415754,12/10/2024 12:00:00 AM,12/03/2024 12:00:00 AM,1600,14,Pacific,1413,1,510,VEHICLE - STOLEN,,0,,,101,STREET,,,IC,Invest Cont,510,,,,1300    ELECTRIC                     AV,,33.9917,-118.4679
241908128,04/22/2024 12:00:00 AM,04/22/2024 12:00:00 AM,1245,19,Mission,1958,1,230,"ASSAULT WITH DEADLY WEAPON, AGGRAVATED ASSAULT",2004 0913 1206 0416,58,M,H,108,PARKING LOT,306,ROCK/THROWN OBJECT,IC,Invest Cont,230,,,,9700    WOODMAN                      AV,,34.2463,-118.4477
241707811,04/02/2024 12:00:00 AM,04/02/2024 12:00:00 AM,0900,17,Devonshire,1737,2,624,BATTERY - SIMPLE ASSAULT,1822 0408,57,M,O,108,PARKING LOT,400,"STRONG-ARM (HANDS, FIST, FEET OR BODILY FORCE)",IC,Invest Cont,624,,,,16900    SAN FERNANDO MISSION         BL,,34.2721,-118.5004
241008391,05/01/2024 12:00:00 AM,04/29/2024 12:00:00 AM,2130,10,West Valley,1005,1,341,"THEFT-GRAND ($950.01 & OVER)EXCPT,GUNS,FOWL,LIVESTK,PROD",1822 0344,0,M,O,101,STREET,,,IC,Invest Cont,341,,,,17900    ROSCOE                       BL,,34.2209,-118.523
241814472,10/30/2024 12:00:00 AM,10/22/2024 12:00:00 AM,0800,18,Southeast,1844,1,341,"THEFT-GRAND ($950.01 & OVER)EXCPT,GUNS,FOWL,LIVESTK,PROD",1822 0344,0,X,X,101,STREET,,,IC,Invest Cont,341,,,,11100 S  CENTRAL                      AV,,33.9345,-118.2623
242110595,07/26/2024 12:00:00 AM,07/26/2024 12:00:00 AM,1500,21,Topanga,2146,2,740,"VANDALISM - FELONY ($400 & OVER, ALL CHURCH VANDALISMS)",0329 1307 1202,62,F,W,301,GAS STATION,,,IC,Invest Cont,740,,,,TOPANGA CANYON               BL,VANOWEN                      ST,34.1942,-118.6059
240205838,02/03/2024 12:00:00 AM,02/03/2024 12:00:00 AM,0707,02,Rampart,0251,2,354,THEFT OF IDENTITY,1501 1822,44,F,H,501,SINGLE FAMILY DWELLING,,,IC,Invest Cont,354,,,,2600    WILSHIRE                     BL,,34.0605,-118.2814
241606914,04/02/2024 12:00:00 AM,04/02/2024 12:00:00 AM,1557,16,Foothill,1645,1,440,THEFT PLAIN - PETTY ($950 & UNDER),0913 0344,30,F,B,501,SINGLE FAMILY DWELLING,,,IC,Invest Cont,440,,,,12300    OSBORNE                      ST,,34.2626,-118.4094
240305446,01/27/2024 12:00:00 AM,01/27/2024 12:00:00 AM,2015,03,Southwest,0399,1,442,SHOPLIFTING - PETTY THEFT ($950 & UNDER),0104 0325 0216 0342 0352 1822,23,X,X,404,DEPARTMENT STORE,,,IC,Invest Cont,442,,,,4300 S  FIGUEROA                     ST,,34.0054,-118.2827
241415656,12/06/2024 12:00:00 AM,09/30/2024 12:00:00 AM,1047,14,Pacific,1489,2,668,"EMBEZZLEMENT, GRAND THEFT ($950.01 & OVER)",0344,0,X,X,710,OTHER PREMISE,,,IC,Invest Cont,668,,,,5500 W  98TH                         ST,,33.9478,-118.3772
241514484,10/04/2024 12:00:00 AM,10/01/2024 12:00:00 AM,1910,15,N Hollywood,1522,1,343,SHOPLIFTING-GRAND THEFT ($950.01 & OVER),1822 0325 0344,0,M,O,403,DRUG STORE,,,IC,Invest Cont,343,,,,13000    VICTORY                      BL,,34.1936,-118.4166
240611396,08/23/2024 12:00:00 AM,08/22/2024 12:00:00 AM,2300,06,Hollywood,0646,1,352,PICKPOCKET,1822 0344 1501,22,F,J,207,BAR/COCKTAIL/NIGHTCLUB,,,IC,Invest Cont,352,,,,1500    WILCOX                       AV,,34.098,-118.331
241404115,01/03/2024 12:00:00 AM,01/02/2024 12:00:00 AM,1200,14,Pacific,1494,2,930,CRIMINAL THREATS - NO WEAPON DISPLAYED,2126,0,X,X,710,OTHER PREMISE,511,VERBAL THREAT,AA,Adult Arrest,930,,,,5600 W  CENTURY                      BL,,33.9454,-118.3786
240908837,05/07/2024 12:00:00 AM,05/06/2024 12:00:00 AM,1130,09,Van Nuys,0901,2,930,CRIMINAL THREATS - NO WEAPON DISPLAYED,0443 1822,29,M,H,502,"MULTI-UNIT DWELLING (APARTMENT, DUPLEX, ETC)",511,VERBAL THREAT,IC,Invest Cont,930,,,,SHERMAN,VAN NUYS,34.2085,-118.4698
241704421,01/10/2024 12:00:00 AM,01/09/2024 12:00:00 AM,2000,17,Devonshire,1727,1,330,BURGLARY FROM VEHICLE,0386 0344,37,M,O,104,DRIVEWAY,,,IC,Invest Cont,330,,,,19100    CELTIC                       ST,,34.2692,-118.5482
241217651,12/02/2024 12:00:00 AM,10/26/2024 12:00:00 AM,1756,12,77th Street,1267,1,330,BURGLARY FROM VEHICLE,1609 0329 0344 0352,42,F,L,717,HEALTH SPA/GYM,,,IC,Invest Cont,330,,,,800 W  MANCHESTER                   AV,,33.9622,-118.285
241509855,05/01/2024 12:00:00 AM,04/08/2024 12:00:00 AM,1200,15,N Hollywood,1563,2,649,DOCUMENT FORGERY / STOLEN FELONY,1822 0924,38,F,W,501,SINGLE FAMILY DWELLING,,,IC,Invest Cont,649,,,,11400    MOORPARK                     ST,,34.1504,-118.379
241413735,10/01/2024 12:00:00 AM,09/30/2024 12:00:00 AM,1530,14,Pacific,1424,2,354,THEFT OF IDENTITY,0377 0930 1822,68,F,J,501,SINGLE FAMILY DWELLING,,,IC,Invest Cont,354,,,,3300    INGLEWOOD                    BL,,34.016,-118.4367
242006119,02/18/2024 12:00:00 AM,02/17/2024 12:00:00 AM,1700,20,Olympic,2014,1,520,VEHICLE - ATTEMPT STOLEN,1300 1307 1822 0329,0,X,X,101,STREET,,,IC,Invest Cont,520,,,,KINGSLEY,OAKWOOD,34.0726,-118.3029
240116090,08/04/2024 12:00:00 AM,08/04/2024 12:00:00 AM,1955,01,Central,0161,1,480,BIKE - STOLEN,0344 1822,18,M,H,406,OTHER STORE,,,IC,Invest Cont,480,,,,800 S  FIGUEROA                     ST,,34.0483,-118.2631
241811706,07/28/2024 12:00:00 AM,07/27/2024 12:00:00 AM,1340,18,Southeast,1804,1,510,VEHICLE - STOLEN,,0,,,101,STREET,,,IC,Invest Cont,510,,,,800 E  87TH                         PL,,33.9583,-118.2608
241412951,09/09/2024 12:00:00 AM,09/05/2024 12:00:00 AM,1530,14,Pacific,1441,1,522,"VEHICLE, STOLEN - OTHER (MOTORIZED SCOOTERS, BIKES, ETC)",,0,,,101,STREET,,,IC,Invest Cont,522,,,,2500    SPEEDWAY,,33.9826,-118.4695
241107097,03/30/2024 12:00:00 AM,03/25/2024 12:00:00 AM,1400,11,Northeast,1183,1,440,THEFT PLAIN - PETTY ($950 & UNDER),0344,31,M,W,707,GARAGE/CARPORT,,,IC,Invest Cont,440,,,,1700    GLENDALE                     BL,,34.0858,-118.2599
240407760,05/22/2024 12:00:00 AM,05/22/2024 12:00:00 AM,1355,04,Hollenbeck,0467,2,740,"VANDALISM - FELONY ($400 & OVER, ALL CHURCH VANDALISMS)",0329,0,X,X,502,"MULTI-UNIT DWELLING (APARTMENT, DUPLEX, ETC)",,,IC,Invest Cont,740,,,,100 S  SOTO                         ST,,34.0438,-118.2098
241406757,02/29/2024 12:00:00 AM,02/28/2024 12:00:00 AM,0900,14,Pacific,1488,1,420,THEFT FROM MOTOR VEHICLE - PETTY ($950 & UNDER),,0,,,101,STREET,,,IC,Invest Cont,420,,,,RAMSGATE,READING,33.959,-118.3827
240912914,11/09/2024 12:00:00 AM,11/04/2024 12:00:00 AM,1430,09,Van Nuys,0964,2,740,"VANDALISM - FELONY ($400 & OVER, ALL CHURCH VANDALISMS)",0329 1609 1602,32,M,H,109,PARK/PLAYGROUND,,,IC,Invest Cont,740,,,,14200    HUSTON                       ST,,34.1594,-118.4421
241311823,08/03/2024 12:00:00 AM,08/03/2024 12:00:00 AM,0020,13,Newton,1317,1,210,ROBBERY,0916 0344 1300 0913,43,M,H,101,STREET,500,UNKNOWN WEAPON/OTHER WEAPON,IC,Invest Cont,210,,,,WASHINGTON                   BL,LONG BEACH                   AV,34.0206,-118.2428
241104925,01/27/2024 12:00:00 AM,01/27/2024 12:00:00 AM,0302,11,Northeast,1105,1,310,BURGLARY,0344 0358 1609 1309 0216 0209 0206,0,X,X,203,OTHER BUSINESS,,,IC,Invest Cont,310,,,,2500    COLORADO                     BL,,34.1442,-118.218
240806268,02/28/2024 12:00:00 AM,02/22/2024 12:00:00 AM,1400,08,West LA,0891,1,510,VEHICLE - STOLEN,,0,,,108,PARKING LOT,,,IC,Invest Cont,510,,,,11900 W  PICO                         BL,,34.0302,-118.4486
241706557,03/02/2024 12:00:00 AM,02/27/2024 12:00:00 AM,0550,17,Devonshire,1718,1,331,THEFT FROM MOTOR VEHICLE - GRAND ($950.01 AND OVER),1602 0344 0329 0385,35,M,X,104,DRIVEWAY,,,IC,Invest Cont,331,,,,15800    KALISHER                     ST,,34.2772,-118.477
241912313,10/13/2024 12:00:00 AM,10/13/2024 12:00:00 AM,1019,19,Mission,1991,1,510,VEHICLE - STOLEN,,0,,,101,STREET,,,IC,Invest Cont,510,,,,8000 N  SEPULVEDA                    BL,,34.2184,-118.4698
242004242,01/07/2024 12:00:00 AM,01/06/2024 12:00:00 AM,2230,20,Olympic,2034,1,236,INTIMATE PARTNER - AGGRAVATED ASSAULT,0913 2000 1813 1402 0319 0448 0445 0449 0411 0429,31,F,H,502,"MULTI-UNIT DWELLING (APARTMENT, DUPLEX, ETC)",205,KITCHEN KNIFE,AA,Adult Arrest,236,998,,,700 S  NORMANDIE                    AV,,34.0596,-118.3022
241810613,06/10/2024 12:00:00 AM,06/07/2024 12:00:00 AM,2100,18,Southeast,1821,1,510,VEHICLE - STOLEN,,0,,,101,STREET,,,IC,Invest Cont,510,,,,102ND                        ST,HOOVER,33.9438,-118.287
241814650,11/14/2024 12:00:00 AM,11/11/2024 12:00:00 AM,1000,18,Southeast,1823,1,510,VEHICLE - STOLEN,,0,,,101,STREET,,,IC,Invest Cont,510,,,,10100 S  SAN PEDRO                    ST,,33.9447,-118.2695
241409409,05/10/2024 12:00:00 AM,04/09/2024 12:00:00 AM,1950,14,Pacific,1488,1,510,VEHICLE - STOLEN,,0,,,101,STREET,,,IC,Invest Cont,510,,,,5700 W  CENTURY                      BL,,33.9456,-118.3797
241509629,04/26/2024 12:00:00 AM,04/19/2024 12:00:00 AM,0001,15,N Hollywood,1524,1,341,"THEFT-GRAND ($950.01 & OVER)EXCPT,GUNS,FOWL,LIVESTK,PROD",0344 1402,70,M,W,203,OTHER BUSINESS,,,IC,Invest Cont,341,998,,,6200    LAUREL CANYON                BL,,34.1869,-118.3987
240307279,03/03/2024 12:00:00 AM,03/03/2024 12:00:00 AM,2335,03,Southwest,0378,1,230,"ASSAULT WITH DEADLY WEAPON, AGGRAVATED ASSAULT",1822 0302 0371 0906 1816 0334 1218,43,M,B,101,STREET,109,SEMI-AUTOMATIC PISTOL,AA,Adult Arrest,230,,,,FIGUEROA                     ST,N  MARTIN LUTHER KING JR        BL,34.0111,-118.2827
241805088,01/24/2024 12:00:00 AM,01/23/2024 12:00:00 AM,0620,18,Southeast,1802,2,624,BATTERY - SIMPLE ASSAULT,1822 2051 2049 0356 0910,37,M,H,801,MTA BUS,400,"STRONG-ARM (HANDS, FIST, FEET OR BODILY FORCE)",IC,Invest Cont,624,,,,200 W  MANCHESTER                   AV,,33.9601,-118.2768
241705681,02/09/2024 12:00:00 AM,02/09/2024 12:00:00 AM,2000,17,Devonshire,1768,1,310,BURGLARY,0329 0216 0206 0213 0344 1609,30,M,O,501,SINGLE FAMILY DWELLING,,,IC,Invest Cont,310,,,,17100    HALSTED                      ST,,34.2444,-118.5054
242007700,03/25/2024 12:00:00 AM,03/23/2024 12:00:00 AM,2255,20,Olympic,2069,2,745,VANDALISM - MISDEAMEANOR ($399 OR UNDER),0329 0361 0603 2002 0913,54,M,H,122,"VEHICLE, PASSENGER/TRUCK",,,AA,Adult Arrest,745,,,,1200    MENLO                        AV,,34.049,-118.2907
241415179,11/19/2024 12:00:00 AM,11/19/2024 12:00:00 AM,1705,14,Pacific,1469,1,442,SHOPLIFTING - PETTY THEFT ($950 & UNDER),1822 0344,0,X,X,402,MARKET,,,IC,Invest Cont,442,,,,6800    LA CIENEGA                   BL,,33.9761,-118.3726
241609703,08/08/2024 12:00:00 AM,07/30/2024 12:00:00 AM,1852,16,Foothill,1667,2,354,THEFT OF IDENTITY,1501,59,F,W,501,SINGLE FAMILY DWELLING,,,IC,Invest Cont,354,,,,10400    ORMOND                       ST,,34.2407,-118.3593
241004848,01/24/2024 12:00:00 AM,01/23/2024 12:00:00 AM,1800,10,West Valley,1025,1,331,THEFT FROM MOTOR VEHICLE - GRAND ($950.01 AND OVER),1822 0344,25,M,W,101,STREET,,,IC,Invest Cont,331,,,,6800    CHIMINEAS                    AV,,34.1939,-118.5284
241509909,05/03/2024 12:00:00 AM,05/02/2024 12:00:00 AM,2000,15,N Hollywood,1545,1,510,VEHICLE - STOLEN,,0,,,101,STREET,,,IC,Invest Cont,510,,,,5500    LAUREL CANYON                BL,,34.1703,-118.3965
241710066,06/03/2024 12:00:00 AM,05/23/2024 12:00:00 AM,0735,17,Devonshire,1712,1,331,THEFT FROM MOTOR VEHICLE - GRAND ($950.01 AND OVER),0344 1202 1602 0329 0385,76,F,Z,101,STREET,,,IC,Invest Cont,331,,,,11700    PORTER VALLEY                DR,,34.2839,-118.5533
241909270,06/03/2024 12:00:00 AM,06/02/2024 12:00:00 AM,1500,19,Mission,1999,1,510,VEHICLE - STOLEN,,0,,,101,STREET,,,IC,Invest Cont,510,,,,7800    WOODMAN                      AV,,34.212,-118.4309
241507325,03/09/2024 12:00:00 AM,03/08/2024 12:00:00 AM,2230,15,N Hollywood,1514,1,520,VEHICLE - ATTEMPT STOLEN,1300,26,F,O,101,STREET,,,IC,Invest Cont,520,,,,6700    RADFORD                      AV,,34.194,-118.3943
240111794,05/23/2024 12:00:00 AM,05/23/2024 12:00:00 AM,1100,01,Central,0152,1,440,THEFT PLAIN - PETTY ($950 & UNDER),0344,33,M,B,738,LIBRARY,,,IC,Invest Cont,440,,,,600 W  5TH                          ST,,34.0502,-118.2539
241506656,02/26/2024 12:00:00 AM,02/24/2024 12:00:00 AM,1400,15,N Hollywood,1517,1,420,THEFT FROM MOTOR VEHICLE - PETTY ($950 & UNDER),,0,,,101,STREET,,,IC,Invest Cont,420,,,,6700    ELMER                        AV,,34.1925,-118.3769
241409249,05/04/2024 12:00:00 AM,05/04/2024 12:00:00 AM,0001,14,Pacific,1483,1,330,BURGLARY FROM VEHICLE,1822 1609 0344 1300 0358,29,F,O,101,STREET,500,UNKNOWN WEAPON/OTHER WEAPON,IC,Invest Cont,330,,,,8700    PERSHING                     DR,,33.9547,-118.4413
240120261,10/21/2024 12:00:00 AM,10/21/2024 12:00:00 AM,1300,01,Central,0139,1,510,VEHICLE - STOLEN,,0,,,108,PARKING LOT,,,IC,Invest Cont,510,,,,E  2ND                          ST,S  GAREY                        ST,34.0472,-118.2352
241217628,12/02/2024 12:00:00 AM,12/02/2024 12:00:00 AM,0100,12,77th Street,1263,1,510,VEHICLE - STOLEN,,0,,,101,STREET,,,IC,Invest Cont,510,,,,1900 W  84TH                         ST,,33.9627,-118.3112
240612861,10/25/2024 12:00:00 AM,10/25/2024 12:00:00 AM,1230,06,Hollywood,0666,1,510,VEHICLE - STOLEN,,0,,,101,STREET,,,AA,Adult Arrest,510,,,,1200 N  CAHUENGA                     BL,,34.0925,-118.3288
240810571,09/03/2024 12:00:00 AM,09/03/2024 12:00:00 AM,1200,08,West LA,0898,1,510,VEHICLE - STOLEN,,0,,,108,PARKING LOT,,,IC,Invest Cont,510,,,,3000 S  ROBERTSON                    BL,,34.0329,-118.3899
241413750,10/01/2024 12:00:00 AM,09/30/2024 12:00:00 AM,2130,14,Pacific,1494,1,440,THEFT PLAIN - PETTY ($950 & UNDER),1822 0344,55,F,B,212,TRANSPORTATION FACILITY (AIRPORT),500,UNKNOWN WEAPON/OTHER WEAPON,IC,Invest Cont,440,,,,100    WORLD                        WY,,33.9455,-118.4004
240309100,04/11/2024 12:00:00 AM,04/09/2024 12:00:00 AM,1300,03,Southwest,0311,1,330,BURGLARY FROM VEHICLE,1822 0344 1601 1609 1307,53,M,W,101,STREET,,,IC,Invest Cont,330,,,,5300 W  JEFFERSON                    BL,,34.0265,-118.3717
242004274,01/09/2024 12:00:00 AM,01/08/2024 12:00:00 AM,2200,20,Olympic,2055,1,510,VEHICLE - STOLEN,,0,,,101,STREET,,,IC,Invest Cont,510,,,,OLYMPIC,MARIPOSA,34.0527,-118.2989
240613318,11/14/2024 12:00:00 AM,11/13/2024 12:00:00 AM,1900,06,Hollywood,0639,1,510,VEHICLE - STOLEN,,0,,,101,STREET,,,IC,Invest Cont,510,,,,1700    WINONA                       BL,,34.1018,-118.302
240805217,02/02/2024 12:00:00 AM,01/27/2024 12:00:00 AM,1021,08,West LA,0852,1,442,SHOPLIFTING - PETTY THEFT ($950 & UNDER),0325 2028,0,X,X,404,DEPARTMENT STORE,,,IC,Invest Cont,442,,,,11800    SANTA MONICA                 BL,,34.0428,-118.4582
241011957,10/28/2024 12:00:00 AM,10/27/2024 12:00:00 AM,1900,10,West Valley,1004,1,420,THEFT FROM MOTOR VEHICLE - PETTY ($950 & UNDER),,0,,,101,STREET,,,IC,Invest Cont,420,,,,8100    CANBY                        AV,,34.2177,-118.5344
240107468,02/19/2024 12:00:00 AM,02/19/2024 12:00:00 AM,1043,01,Central,0171,1,230,"ASSAULT WITH DEADLY WEAPON, AGGRAVATED ASSAULT",0445 0334 0917 1266 0345 0443 1822 0906,33,M,H,503,HOTEL,216,SCISSORS,IC,Invest Cont,230,,,,900 W  OLYMPIC                      BL,,34.0454,-118.2658
241304931,01/21/2024 12:00:00 AM,01/21/2024 12:00:00 AM,1330,13,Newton,1341,2,626,INTIMATE PARTNER - SIMPLE ASSAULT,0416 0446 0913 1814 2000,31,F,H,501,SINGLE FAMILY DWELLING,400,"STRONG-ARM (HANDS, FIST, FEET OR BODILY FORCE)",IC,Invest Cont,626,,,,300 W  39TH                         ST,,34.0126,-118.278
240106905,02/10/2024 12:00:00 AM,02/10/2024 12:00:00 AM,0930,01,Central,0185,1,341,"THEFT-GRAND ($950.01 & OVER)EXCPT,GUNS,FOWL,LIVESTK,PROD",0907 1402 0344 1822,0,X,X,201,JEWELRY STORE,,,IC,Invest Cont,341,998,,,1100    MAPLE                        AV,,34.0388,-118.2574
241913732,12/14/2024 12:00:00 AM,12/14/2024 12:00:00 AM,0830,19,Mission,1999,1,420,THEFT FROM MOTOR VEHICLE - PETTY ($950 & UNDER),,0,,,101,STREET,,,IC,Invest Cont,420,,,,13600    WILLARD                      ST,,34.2177,-118.4287
240215421,09/24/2024 12:00:00 AM,09/23/2024 12:00:00 AM,2030,02,Rampart,0292,1,330,BURGLARY FROM VEHICLE,1822 1300 1609 0329 0344,48,F,H,707,GARAGE/CARPORT,,,IC,Invest Cont,330,,,,1100 W  WASHINGTON                   BL,,34.0385,-118.2812
240609874,06/13/2024 12:00:00 AM,06/05/2024 12:00:00 AM,1240,06,Hollywood,0638,1,442,SHOPLIFTING - PETTY THEFT ($950 & UNDER),1822 0325 0104 1501,0,X,X,404,DEPARTMENT STORE,,,IC,Invest Cont,442,,,,5500    HOLLYWOOD                    BL,,34.1038,-118.3151
240809171,06/22/2024 12:00:00 AM,06/21/2024 12:00:00 AM,1300,08,West LA,0806,2,354,THEFT OF IDENTITY,1822 0100,81,F,W,501,SINGLE FAMILY DWELLING,,,IC,Invest Cont,354,,,,2300    ROSCOMARE                    RD,,34.1153,-118.4636
241813207,09/18/2024 12:00:00 AM,09/03/2024 12:00:00 AM,1750,18,Southeast,1851,2,354,THEFT OF IDENTITY,0100 1822 0923,49,M,H,501,SINGLE FAMILY DWELLING,,,IC,Invest Cont,354,,,,13200    ESTRELLA                     AV,,33.9126,-118.2861
241706389,02/20/2024 12:00:00 AM,02/13/2024 12:00:00 AM,1715,17,Devonshire,1743,2,740,"VANDALISM - FELONY ($400 & OVER, ALL CHURCH VANDALISMS)",0329,22,M,H,108,PARKING LOT,,,IC,Invest Cont,740,,,,DEVONSHIRE                   ST,RESEDA                       BL,34.2573,-118.5361
240204821,01/18/2024 12:00:00 AM,01/17/2024 12:00:00 AM,1900,02,Rampart,0291,1,510,VEHICLE - STOLEN,,0,,,101,STREET,,,IC,Invest Cont,510,,,,HOOVER                       ST,17TH                         ST,34.0423,-118.2841
240311604,06/23/2024 12:00:00 AM,06/22/2024 12:00:00 AM,0001,03,Southwest,0337,1,510,VEHICLE - STOLEN,,0,,,101,STREET,,,IC,Invest Cont,510,,,,2900    RAYMOND                      AV,,34.0289,-118.298
242013369,11/16/2024 12:00:00 AM,11/16/2024 12:00:00 AM,0510,20,Olympic,2022,1,510,VEHICLE - STOLEN,,0,,,101,STREET,,,IC,Invest Cont,510,,,,WESTERN,4TH                          ST,34.0671,-118.3091
241406158,02/17/2024 12:00:00 AM,02/15/2024 12:00:00 AM,1605,14,Pacific,1452,1,522,"VEHICLE, STOLEN - OTHER (MOTORIZED SCOOTERS, BIKES, ETC)",,0,,,707,GARAGE/CARPORT,,,IC,Invest Cont,522,,,,3700    VIA DOLCE,,33.9775,-118.4614
240117858,09/02/2024 12:00:00 AM,08/04/2024 12:00:00 AM,0700,01,Central,0147,1,440,THEFT PLAIN - PETTY ($950 & UNDER),0344 1822,0,X,X,135,MTA PROPERTY OR PARKING LOT,,,IC,Invest Cont,440,,,,400 S  SAN PEDRO                    ST,,34.0453,-118.2443
241707015,03/13/2024 12:00:00 AM,03/07/2024 12:00:00 AM,2130,17,Devonshire,1779,1,331,THEFT FROM MOTOR VEHICLE - GRAND ($950.01 AND OVER),1822 0385 1602 0344,30,M,B,101,STREET,,,IC,Invest Cont,331,,,,15700    LIGGETT                      ST,,34.2399,-118.4739
241707355,03/20/2024 12:00:00 AM,03/19/2024 12:00:00 AM,1930,17,Devonshire,1798,1,331,THEFT FROM MOTOR VEHICLE - GRAND ($950.01 AND OVER),0385 1602 0344 0329,20,F,H,101,STREET,,,IC,Invest Cont,331,,,,15800    RAYEN                        ST,,34.2319,-118.4763
240807092,03/19/2024 12:00:00 AM,03/19/2024 12:00:00 AM,1700,08,West LA,0849,1,420,THEFT FROM MOTOR VEHICLE - PETTY ($950 & UNDER),,0,,,101,STREET,,,IC,Invest Cont,420,,,,1000 S  WOOSTER                      ST,,34.0594,-118.3824
241812061,08/08/2024 12:00:00 AM,08/08/2024 12:00:00 AM,1251,18,Southeast,1862,2,888,TRESPASSING,1822 1501 0910 2004,0,X,X,895,MTA - SILVER LINE - HARBOR FWY,,,IC,Invest Cont,888,,,,11500 S  FIGUEROA                     ST,,33.928,-118.2826
240114022,07/04/2024 12:00:00 AM,07/03/2024 12:00:00 AM,1230,01,Central,0192,1,510,VEHICLE - STOLEN,,0,,,101,STREET,,,IC,Invest Cont,510,,,,1500 S  GRAND                        AV,,34.0364,-118.2659
241514841,10/24/2024 12:00:00 AM,10/24/2024 12:00:00 AM,0155,15,N Hollywood,1505,1,510,VEHICLE - STOLEN,,0,,,101,STREET,,,IC,Invest Cont,510,,,,11400    SHERMAN                      WY,,34.2012,-118.379
240309116,04/11/2024 12:00:00 AM,04/11/2024 12:00:00 AM,2223,03,Southwest,0357,2,956,"LETTERS, LEWD  -  TELEPHONE CALLS, LEWD",1906 1822,21,F,X,501,SINGLE FAMILY DWELLING,,,IC,Invest Cont,956,,,,1100 W  36TH                         ST,,34.0231,-118.2933
240107880,02/25/2024 12:00:00 AM,02/25/2024 12:00:00 AM,0640,01,Central,0128,2,888,TRESPASSING,0910 2052,0,X,X,965,MTA - GOLD LINE - LITTLE TOKYO/ARTS DISTRICT,,,IC,Invest Cont,888,,,,400 E  1ST                          ST,,34.0492,-118.2391
242006408,02/25/2024 12:00:00 AM,02/25/2024 12:00:00 AM,2020,20,Olympic,2024,1,330,BURGLARY FROM VEHICLE,1822 1307 1609 0344 0358,23,M,C,108,PARKING LOT,,,IC,Invest Cont,330,,,,3700 W  6TH                          ST,,34.0636,-118.3029
241210937,04/28/2024 12:00:00 AM,04/28/2024 12:00:00 AM,2250,12,77th Street,1283,1,341,"THEFT-GRAND ($950.01 & OVER)EXCPT,GUNS,FOWL,LIVESTK,PROD",0344 1278,31,M,H,101,STREET,400,"STRONG-ARM (HANDS, FIST, FEET OR BODILY FORCE)",IC,Invest Cont,341,,,,96TH                         ST,WESTERN                      AV,33.9487,-118.309
242105990,02/18/2024 12:00:00 AM,02/17/2024 12:00:00 AM,1725,21,Topanga,2143,1,442,SHOPLIFTING - PETTY THEFT ($950 & UNDER),0325 2028,35,M,X,404,DEPARTMENT STORE,,,AA,Adult Arrest,442,,,,6600    FALLBROOK                    AV,,34.1883,-118.6274
240708620,05/05/2024 12:00:00 AM,05/03/2024 12:00:00 AM,0001,07,Wilshire,0719,1,331,THEFT FROM MOTOR VEHICLE - GRAND ($950.01 AND OVER),0344 0385 1822,56,M,W,101,STREET,,,IC,Invest Cont,331,,,,ROSEWOOD                     AV,LUCERNE                      ST,34.079,-118.3248
240906829,03/15/2024 12:00:00 AM,03/13/2024 12:00:00 AM,1800,09,Van Nuys,0989,1,420,THEFT FROM MOTOR VEHICLE - PETTY ($950 & UNDER),,0,,,101,STREET,,,IC,Invest Cont,420,,,,13700    VENTURA                      BL,,34.148,-118.4312
242006399,02/24/2024 12:00:00 AM,02/24/2024 12:00:00 AM,1830,20,Olympic,2029,1,230,"ASSAULT WITH DEADLY WEAPON, AGGRAVATED ASSAULT",0342 0400 0416 0417 0446 1218 1822,31,M,O,402,MARKET,400,"STRONG-ARM (HANDS, FIST, FEET OR BODILY FORCE)",IC,Invest Cont,230,,,,VERMONT                      AV,3RD                          ST,34.0691,-118.2917
240411837,12/02/2024 12:00:00 AM,12/01/2024 12:00:00 AM,1700,04,Hollenbeck,0459,1,420,THEFT FROM MOTOR VEHICLE - PETTY ($950 & UNDER),,0,,,101,STREET,,,IC,Invest Cont,420,,,,3000    EAST SIDE                    BL,,34.0436,-118.2
242011173,08/27/2024 12:00:00 AM,08/26/2024 12:00:00 AM,1718,20,Olympic,2033,1,341,"THEFT-GRAND ($950.01 & OVER)EXCPT,GUNS,FOWL,LIVESTK,PROD",0344 0394 1822,27,M,F,502,"MULTI-UNIT DWELLING (APARTMENT, DUPLEX, ETC)",,,IC,Invest Cont,341,,,,900 S  OXFORD                       AV,,34.0559,-118.3078
240912834,11/05/2024 12:00:00 AM,11/02/2024 12:00:00 AM,2230,09,Van Nuys,0963,1,420,THEFT FROM MOTOR VEHICLE - PETTY ($950 & UNDER),,0,,,101,STREET,,,IC,Invest Cont,420,,,,15200    OTSEGO                       ST,,34.163,-118.464
241910613,08/01/2024 12:00:00 AM,08/01/2024 12:00:00 AM,0950,19,Mission,1913,2,950,"DEFRAUDING INNKEEPER/THEFT OF SERVICES, OVER $950.01",0344,0,X,X,102,SIDEWALK,,,IC,Invest Cont,950,,,,13000    SAN FERNANDO                 RD,,34.3067,-118.4682
241514888,10/27/2024 12:00:00 AM,10/26/2024 12:00:00 AM,2200,15,N Hollywood,1503,1,510,VEHICLE - STOLEN,,0,,,101,STREET,,,IC,Invest Cont,510,,,,6800    BELLINGHAM                   AV,,34.1939,-118.3987
241216506,10/10/2024 12:00:00 AM,09/12/2024 12:00:00 AM,2030,12,77th Street,1243,2,745,VANDALISM - MISDEAMEANOR ($399 OR UNDER),0329 1609,44,F,H,501,SINGLE FAMILY DWELLING,,,IC,Invest Cont,745,,,,1600 W  66TH                         ST,,33.9791,-118.3046
241508541,04/01/2024 12:00:00 AM,04/01/2024 12:00:00 AM,0945,15,N Hollywood,1549,1,350,"THEFT, PERSON",0344 0448 1259,43,M,B,124,BUS STOP,,,JA,Juv Arrest,350,,,,CHANDLER,LANKERSHIM,34.1689,-118.3771
241707230,03/14/2024 12:00:00 AM,02/17/2024 12:00:00 AM,1645,17,Devonshire,1729,1,341,"THEFT-GRAND ($950.01 & OVER)EXCPT,GUNS,FOWL,LIVESTK,PROD",0344 0394,43,M,W,116,OTHER/OUTSIDE,,,IC,Invest Cont,341,,,,11300    PASO ROBLES                  AV,,34.2756,-118.5039
240116586,08/12/2024 12:00:00 AM,08/12/2024 12:00:00 AM,0030,01,Central,0182,1,510,VEHICLE - STOLEN,,0,,,101,STREET,,,IC,Invest Cont,510,,,,W  9TH                          ST,OLIVE                        ST,34.0437,-118.2582
241406445,02/23/2024 12:00:00 AM,02/23/2024 12:00:00 AM,1315,14,Pacific,1466,1,310,BURGLARY,1309 0342 1609 1501,49,M,O,501,SINGLE FAMILY DWELLING,,,IC,Invest Cont,310,,,,7200    KENTWOOD                     AV,,33.9781,-118.4017
241111968,11/05/2024 12:00:00 AM,09/04/2024 12:00:00 AM,1630,11,Northeast,1129,2,956,"LETTERS, LEWD  -  TELEPHONE CALLS, LEWD",1906 0913,23,F,H,710,OTHER PREMISE,,,IC,Invest Cont,956,,,,900    ADELANTE                     AV,,34.1218,-118.1708
242009843,06/27/2024 12:00:00 AM,06/26/2024 12:00:00 AM,1130,20,Olympic,2074,1,510,VEHICLE - STOLEN,,0,,,101,STREET,,,IC,Invest Cont,510,,,,1400 S  HOBART                       BL,,34.046,-118.3053
242004891,01/09/2024 12:00:00 AM,01/08/2024 12:00:00 AM,1800,20,Olympic,2031,1,440,THEFT PLAIN - PETTY ($950 & UNDER),0344 1822 2032,42,M,B,502,"MULTI-UNIT DWELLING (APARTMENT, DUPLEX, ETC)",,,IC,Invest Cont,440,,,,4000 W  8TH                          ST,,34.0599,-118.3139
241911202,08/26/2024 12:00:00 AM,08/26/2024 12:00:00 AM,1600,19,Mission,1985,1,440,THEFT PLAIN - PETTY ($950 & UNDER),0394,33,F,H,502,"MULTI-UNIT DWELLING (APARTMENT, DUPLEX, ETC)",,,IC,Invest Cont,440,,,,14600    PARTHENIA                    ST,,34.2271,-118.4503
240507757,04/08/2024 12:00:00 AM,04/05/2024 12:00:00 AM,1340,05,Harbor,0504,1,440,THEFT PLAIN - PETTY ($950 & UNDER),0344,26,M,C,101,STREET,,,IC,Invest Cont,440,,,,TORRANCE                     BL,NORMANDIE                    AV,33.842,-118.2992
240806157,02/26/2024 12:00:00 AM,02/25/2024 12:00:00 AM,2300,08,West LA,0834,1,510,VEHICLE - STOLEN,,0,,,101,STREET,,,IC,Invest Cont,510,,,,10500    EASTBORNE                    AV,,34.0565,-118.4276
240906895,03/16/2024 12:00:00 AM,03/16/2024 12:00:00 AM,0030,09,Van Nuys,0948,2,740,"VANDALISM - FELONY ($400 & OVER, ALL CHURCH VANDALISMS)",0329 1822,0,X,X,102,SIDEWALK,,,IC,Invest Cont,740,,,,BURBANK                      BL,FULTON,34.1721,-118.4225
241714979,12/14/2024 12:00:00 AM,12/05/2024 12:00:00 AM,2000,17,Devonshire,1775,1,440,THEFT PLAIN - PETTY ($950 & UNDER),0344,43,F,K,504,OTHER RESIDENCE,,,IC,Invest Cont,440,,,,17000    GLEDHILL                     ST,,34.2424,-118.5029
240412027,12/10/2024 12:00:00 AM,12/09/2024 12:00:00 AM,1515,04,Hollenbeck,0471,2,740,"VANDALISM - FELONY ($400 & OVER, ALL CHURCH VANDALISMS)",0329 1300,0,X,X,217,AUTO REPAIR SHOP,,,IC,Invest Cont,740,,,,2200 E  7TH                          ST,,34.0344,-118.225
241507394,03/05/2024 12:00:00 AM,03/05/2024 12:00:00 AM,2148,15,N Hollywood,1527,1,442,SHOPLIFTING - PETTY THEFT ($950 & UNDER),1822 0325,0,X,X,404,DEPARTMENT STORE,,,IC,Invest Cont,442,,,,11000    VICTORY                      BL,,34.1867,-118.3703
240405031,02/02/2024 12:00:00 AM,02/02/2024 12:00:00 AM,1540,04,Hollenbeck,0424,2,624,BATTERY - SIMPLE ASSAULT,0400 0416,0,M,H,108,PARKING LOT,400,"STRONG-ARM (HANDS, FIST, FEET OR BODILY FORCE)",IC,Invest Cont,624,,,,3700 N  MISSION                      RD,,34.0685,-118.2009
242109081,05/13/2024 12:00:00 AM,05/12/2024 12:00:00 AM,1700,21,Topanga,2104,1,331,THEFT FROM MOTOR VEHICLE - GRAND ($950.01 AND OVER),0385,33,F,H,101,STREET,,,IC,Invest Cont,331,,,,PARTHENIA                    ST,REMMET                       AV,34.2282,-118.6003
241904767,01/19/2024 12:00:00 AM,01/04/2024 12:00:00 AM,0813,19,Mission,1905,1,442,SHOPLIFTING - PETTY THEFT ($950 & UNDER),0325,0,X,X,403,DRUG STORE,,,AA,Adult Arrest,442,,,,13800    FOOTHILL                     BL,,34.3155,-118.4343
240512955,11/28/2024 12:00:00 AM,11/27/2024 12:00:00 AM,1230,05,Harbor,0511,1,510,VEHICLE - STOLEN,,0,,,101,STREET,,,IC,Invest Cont,510,,,,25600    BELLE PORTE                  AV,,33.7915,-118.3012
240112988,06/17/2024 12:00:00 AM,06/17/2024 12:00:00 AM,0233,01,Central,0111,2,740,"VANDALISM - FELONY ($400 & OVER, ALL CHURCH VANDALISMS)",0329,0,X,X,210,RESTAURANT/FAST FOOD,,,IC,Invest Cont,740,,,,100    PASEO DE LA PLAZA,,34.0615,-118.2412
240204383,01/08/2024 12:00:00 AM,01/05/2024 12:00:00 AM,2200,02,Rampart,0256,1,210,ROBBERY,0342 1822 0202 0334 0432 0355,34,M,H,102,SIDEWALK,109,SEMI-AUTOMATIC PISTOL,IC,Invest Cont,210,,,,BURLINGTON,WILSHIRE,34.0564,-118.2725
241512040,07/15/2024 12:00:00 AM,07/15/2024 12:00:00 AM,0855,15,N Hollywood,1547,1,420,THEFT FROM MOTOR VEHICLE - PETTY ($950 & UNDER),,0,,,101,STREET,,,IC,Invest Cont,420,,,,11600    BURBANK                      BL,,34.1722,-118.3848
240811688,10/29/2024 12:00:00 AM,10/20/2024 12:00:00 AM,0230,08,West LA,0858,1,420,THEFT FROM MOTOR VEHICLE - PETTY ($950 & UNDER),1822 0344 1300,48,M,B,710,OTHER PREMISE,,,IC,Invest Cont,420,,,,LIVONIA                      AV,PICO                         BL,34.0548,-118.3864
241910053,07/11/2024 12:00:00 AM,07/10/2024 12:00:00 AM,2200,19,Mission,1991,1,510,VEHICLE - STOLEN,,0,,,101,STREET,,,IC,Invest Cont,510,,,,8200    LANGDON                      AV,,34.2198,-118.4694
240116716,08/13/2024 12:00:00 AM,08/13/2024 12:00:00 AM,0955,01,Central,0119,2,888,TRESPASSING,0910 2004,0,X,X,834,LA UNION STATION (NOT LINE SPECIFIC),,,IC,Invest Cont,888,,,,800 N  ALAMEDA                      ST,,34.0561,-118.2375
241506750,02/27/2024 12:00:00 AM,02/27/2024 12:00:00 AM,1354,15,N Hollywood,1503,2,903,CONTEMPT OF COURT,2038,16,F,O,501,SINGLE FAMILY DWELLING,,,IC,Invest Cont,903,,,,6900    BELLINGHAM                   AV,,34.1958,-118.3987
241609480,07/25/2024 12:00:00 AM,07/25/2024 12:00:00 AM,0835,16,Foothill,1653,1,510,VEHICLE - STOLEN,,0,,,101,STREET,,,IC,Invest Cont,510,,,,12500    MONTAGUE                     ST,,34.2484,-118.4103
241510626,05/21/2024 12:00:00 AM,05/21/2024 12:00:00 AM,1400,15,N Hollywood,1532,1,440,THEFT PLAIN - PETTY ($950 & UNDER),0349 1822 0344 0394,35,M,O,501,SINGLE FAMILY DWELLING,,,IC,Invest Cont,440,,,,12100    TIARA                        ST,,34.1784,-118.3965
241415732,12/09/2024 12:00:00 AM,11/17/2024 12:00:00 AM,1200,14,Pacific,1469,1,510,VEHICLE - STOLEN,,0,,,101,STREET,,,IC,Invest Cont,510,,,,7100    ALVERN                       ST,,33.9752,-118.3772
240506716,03/11/2024 12:00:00 AM,03/11/2024 12:00:00 AM,1215,05,Harbor,0528,2,901,VIOLATION OF RESTRAINING ORDER,2038,49,F,H,501,SINGLE FAMILY DWELLING,,,IC,Invest Cont,901,,,,1500 E  L                            ST,,33.7872,-118.2451
241105307,02/05/2024 12:00:00 AM,02/04/2024 12:00:00 AM,1130,11,Northeast,1137,1,310,BURGLARY,0344 1607 0329,26,M,H,502,"MULTI-UNIT DWELLING (APARTMENT, DUPLEX, ETC)",,,IC,Invest Cont,310,,,,300 N  AVENUE 52,,34.1085,-118.2011
242009529,06/08/2024 12:00:00 AM,06/02/2024 12:00:00 AM,2330,20,Olympic,2002,1,440,THEFT PLAIN - PETTY ($950 & UNDER),0344 1822 0377,40,F,H,203,OTHER BUSINESS,,,IC,Invest Cont,440,,,,600 N  WESTERN                      AV,,34.0799,-118.3113
240808684,05/13/2024 12:00:00 AM,05/09/2024 12:00:00 AM,1413,08,West LA,0889,1,341,"THEFT-GRAND ($950.01 & OVER)EXCPT,GUNS,FOWL,LIVESTK,PROD",0344 1822 0346 2032,46,F,W,717,HEALTH SPA/GYM,,,IC,Invest Cont,341,,,,LA CIENEGA,SAWYER                       ST,34.0426,-118.3764
241607889,05/03/2024 12:00:00 AM,04/24/2024 12:00:00 AM,1025,16,Foothill,1611,1,341,"THEFT-GRAND ($950.01 & OVER)EXCPT,GUNS,FOWL,LIVESTK,PROD",0344,0,X,X,101,STREET,,,IC,Invest Cont,341,,,,13500    BROWNELL                     ST,,34.2829,-118.4272
240216631,11/02/2024 12:00:00 AM,11/02/2024 12:00:00 AM,0447,02,Rampart,0275,1,510,VEHICLE - STOLEN,,0,,,101,STREET,,,IC,Invest Cont,510,,,,1000 S  WESTLAKE                     AV,,34.0512,-118.2787
240314967,10/02/2024 12:00:00 AM,08/18/2024 12:00:00 AM,1000,03,Southwest,0328,1,440,THEFT PLAIN - PETTY ($950 & UNDER),0344,23,X,X,108,PARKING LOT,,,IC,Invest Cont,440,,,,600 W  32ND                         ST,,34.0235,-118.279
241709694,05/19/2024 12:00:00 AM,05/19/2024 12:00:00 AM,1423,17,Devonshire,1745,2,354,THEFT OF IDENTITY,0930,47,F,W,501,SINGLE FAMILY DWELLING,,,IC,Invest Cont,354,,,,10500    GENESTA                      AV,,34.2612,-118.5045
242104711,01/16/2024 12:00:00 AM,01/12/2024 12:00:00 AM,1655,21,Topanga,2177,2,354,THEFT OF IDENTITY,1822,47,M,W,501,SINGLE FAMILY DWELLING,,,IC,Invest Cont,354,,,,5800    OSO                          AV,,34.1764,-118.5772
240116998,08/17/2024 12:00:00 AM,08/17/2024 12:00:00 AM,0920,01,Central,0119,2,888,TRESPASSING,0910,0,M,O,834,LA UNION STATION (NOT LINE SPECIFIC),,,IC,Invest Cont,888,,,,800 N  ALAMEDA                      ST,,34.0561,-118.2375
241909244,06/01/2024 12:00:00 AM,05/31/2024 12:00:00 AM,1900,19,Mission,1977,1,510,VEHICLE - STOLEN,,0,,,101,STREET,,,JA,Juv Arrest,510,,,,13600    OSBORNE                      ST,,34.2397,-118.4294
241508165,03/26/2024 12:00:00 AM,03/26/2024 12:00:00 AM,2040,15,N Hollywood,1529,2,626,INTIMATE PARTNER - SIMPLE ASSAULT,0400 0416 2000 1814,27,M,H,501,SINGLE FAMILY DWELLING,400,"STRONG-ARM (HANDS, FIST, FEET OR BODILY FORCE)",AA,Adult Arrest,626,,,,6000    CLYBOURN                     AV,,34.1829,-118.365
242000713,08/27/2024 12:00:00 AM,08/27/2024 12:00:00 AM,1900,20,Olympic,2069,2,623,BATTERY POLICE (SIMPLE),0400 2004 1822 0356 1212,0,X,X,726,POLICE FACILITY,400,"STRONG-ARM (HANDS, FIST, FEET OR BODILY FORCE)",IC,Invest Cont,623,,,,1100 S  VERMONT                      AV,,34.0509,-118.2916
241607245,04/13/2024 12:00:00 AM,04/13/2024 12:00:00 AM,1815,16,Foothill,1676,2,624,BATTERY - SIMPLE ASSAULT,0913 0361 0416,77,F,H,502,"MULTI-UNIT DWELLING (APARTMENT, DUPLEX, ETC)",400,"STRONG-ARM (HANDS, FIST, FEET OR BODILY FORCE)",AO,Adult Other,624,,,,10700    NEW HAVEN                    ST,,34.2265,-118.366
240208084,03/23/2024 12:00:00 AM,03/23/2024 12:00:00 AM,0330,02,Rampart,0257,1,510,VEHICLE - STOLEN,,0,,,108,PARKING LOT,,,IC,Invest Cont,510,,,,1200    WILSHIRE                     BL,,34.053,-118.2649
242111415,08/29/2024 12:00:00 AM,08/29/2024 12:00:00 AM,0700,21,Topanga,2145,2,745,VANDALISM - MISDEAMEANOR ($399 OR UNDER),0329,51,M,W,501,SINGLE FAMILY DWELLING,,,IC,Invest Cont,745,,,,6500    SHOUP                        AV,,34.1885,-118.6146
240313841,08/31/2024 12:00:00 AM,08/31/2024 12:00:00 AM,0251,03,Southwest,0328,2,745,VANDALISM - MISDEAMEANOR ($399 OR UNDER),0329 1822,23,X,X,403,DRUG STORE,,,IC,Invest Cont,745,,,,3300 S  FIGUEROA                     ST,,34.0268,-118.2808
240317126,12/18/2024 12:00:00 AM,11/19/2024 12:00:00 AM,2316,03,Southwest,0374,2,956,"LETTERS, LEWD  -  TELEPHONE CALLS, LEWD",0913 1906,42,F,O,501,SINGLE FAMILY DWELLING,,,IC,Invest Cont,956,,,,3900    3RD                          AV,,34.0146,-118.3204
240410383,09/27/2024 12:00:00 AM,09/26/2024 12:00:00 AM,2013,04,Hollenbeck,0416,1,510,VEHICLE - STOLEN,,0,,,101,STREET,,,AA,Adult Arrest,510,,,,400    CLIFTON                      ST,,34.0781,-118.2099
241108425,05/30/2024 12:00:00 AM,05/27/2024 12:00:00 AM,0120,11,Northeast,1135,2,740,"VANDALISM - FELONY ($400 & OVER, ALL CHURCH VANDALISMS)",0329,38,M,H,707,GARAGE/CARPORT,,,IC,Invest Cont,740,,,,3300    CARLYLE                      ST,,34.1095,-118.2338
242009450,05/30/2024 12:00:00 AM,05/15/2024 12:00:00 AM,1333,20,Olympic,2033,1,440,THEFT PLAIN - PETTY ($950 & UNDER),0344 0394 1822,27,M,K,502,"MULTI-UNIT DWELLING (APARTMENT, DUPLEX, ETC)",,,IC,Invest Cont,440,,,,700 S  SERRANO                      AV,,34.0577,-118.3066
240107262,02/15/2024 12:00:00 AM,01/09/2024 12:00:00 AM,1600,01,Central,0142,2,860,BATTERY WITH SEXUAL CONTACT,0305 0448 0522 0551 1822,31,F,O,101,STREET,400,"STRONG-ARM (HANDS, FIST, FEET OR BODILY FORCE)",IC,Invest Cont,860,,,,3RD,HOPE,34.0537,-118.2523
240117928,09/04/2024 12:00:00 AM,09/01/2024 12:00:00 AM,1625,01,Central,0118,2,888,TRESPASSING,0910,23,X,X,101,STREET,,,IC,Invest Cont,888,,,,900 N  SPRING                       ST,,34.0635,-118.2357
241806664,02/23/2024 12:00:00 AM,02/05/2024 12:00:00 AM,0001,18,Southeast,1822,2,845,SEX OFFENDER REGISTRANT OUT OF COMPLIANCE,1501,0,X,X,726,POLICE FACILITY,,,IC,Invest Cont,845,,,,100 W  102ND                        ST,,33.9438,-118.2739
240810642,09/08/2024 12:00:00 AM,09/07/2024 12:00:00 AM,2200,08,West LA,0816,1,510,VEHICLE - STOLEN,,0,,,101,STREET,,,IC,Invest Cont,510,,,,600    KELTON                       AV,,34.0665,-118.4534
240122172,12/06/2024 12:00:00 AM,12/06/2024 12:00:00 AM,1610,01,Central,0195,1,510,VEHICLE - STOLEN,,0,,,101,STREET,,,IC,Invest Cont,510,,,,1400 S  MAIN                         ST,,34.0351,-118.2614
240309540,04/22/2024 12:00:00 AM,04/18/2024 12:00:00 AM,1900,03,Southwest,0321,1,331,THEFT FROM MOTOR VEHICLE - GRAND ($950.01 AND OVER),0344 0385 1300 1604 1822,66,M,H,501,SINGLE FAMILY DWELLING,,,IC,Invest Cont,331,,,,3400 S  CLOVERDALE                   AV,,34.0252,-118.3603
242007354,03/17/2024 12:00:00 AM,03/17/2024 12:00:00 AM,0240,20,Olympic,2033,2,354,THEFT OF IDENTITY,0100 0929 0930 1822,22,F,K,502,"MULTI-UNIT DWELLING (APARTMENT, DUPLEX, ETC)",,,IC,Invest Cont,354,,,,3700    WILSHIRE                     BL,,34.0617,-118.3066
240612046,09/20/2024 12:00:00 AM,09/18/2024 12:00:00 AM,1200,06,Hollywood,0657,1,510,VEHICLE - STOLEN,,0,,,101,STREET,,,IC,Invest Cont,510,,,,5400 W  LEMON GROVE                  AV,,34.0888,-118.3124
240406312,03/13/2024 12:00:00 AM,03/11/2024 12:00:00 AM,1900,04,Hollenbeck,0477,1,510,VEHICLE - STOLEN,,0,,,101,STREET,,,IC,Invest Cont,510,,,,GUIRADO,CAMULOS,34.0335,-118.2091
241606292,03/11/2024 12:00:00 AM,02/09/2024 12:00:00 AM,0846,16,Foothill,1665,1,440,THEFT PLAIN - PETTY ($950 & UNDER),0344,51,F,H,213,WAREHOUSE,,,IC,Invest Cont,440,,,,11000    PENDLETON                    ST,,34.2498,-118.3787
241909250,06/01/2024 12:00:00 AM,06/01/2024 12:00:00 AM,1300,19,Mission,1994,1,510,VEHICLE - STOLEN,,0,,,101,STREET,,,IC,Invest Cont,510,,,,14800    CANTARA                      ST,,34.2194,-118.4553
240704277,01/07/2024 12:00:00 AM,01/07/2024 12:00:00 AM,0930,07,Wilshire,0775,2,624,BATTERY - SIMPLE ASSAULT,0400 0416,76,F,W,510,NURSING/CONVALESCENT/RETIREMENT HOME,400,"STRONG-ARM (HANDS, FIST, FEET OR BODILY FORCE)",IC,Invest Cont,624,,,,4800 W  WASHINGTON                   BL,,34.0427,-118.3423
241205334,01/22/2024 12:00:00 AM,01/22/2024 12:00:00 AM,1700,12,77th Street,1265,2,624,BATTERY - SIMPLE ASSAULT,0416 0432 1822 0910,19,M,H,801,MTA BUS,500,UNKNOWN WEAPON/OTHER WEAPON,IC,Invest Cont,624,,,,8000 S  VERMONT                      AV,,33.9611,-118.2917
241505419,01/29/2024 12:00:00 AM,01/25/2024 12:00:00 AM,1130,15,N Hollywood,1545,2,740,"VANDALISM - FELONY ($400 & OVER, ALL CHURCH VANDALISMS)",1300 0329,51,F,B,101,STREET,,,IC,Invest Cont,740,,,,11900    MAGNOLIA                     BL,,34.1649,-118.3922
240108848,03/10/2024 12:00:00 AM,03/10/2024 12:00:00 AM,1106,01,Central,0161,1,442,SHOPLIFTING - PETTY THEFT ($950 & UNDER),0325,0,M,O,404,DEPARTMENT STORE,,,IC,Invest Cont,442,,,,700 S  FIGUEROA                     ST,,34.0483,-118.2631
241604261,01/08/2024 12:00:00 AM,01/05/2024 12:00:00 AM,1500,16,Foothill,1636,1,341,"THEFT-GRAND ($950.01 & OVER)EXCPT,GUNS,FOWL,LIVESTK,PROD",0344,0,M,W,101,STREET,,,IC,Invest Cont,341,,,,9400    WENTWORTH                    ST,,34.2638,-118.3367
240213103,08/19/2024 12:00:00 AM,08/10/2024 12:00:00 AM,0100,02,Rampart,0279,2,354,THEFT OF IDENTITY,1822 0930 0344,29,F,B,502,"MULTI-UNIT DWELLING (APARTMENT, DUPLEX, ETC)",,,IC,Invest Cont,354,,,,1000 S  ALBANY                       ST,,34.0475,-118.2714
241311948,08/07/2024 12:00:00 AM,08/07/2024 12:00:00 AM,0837,13,Newton,1317,1,230,"ASSAULT WITH DEADLY WEAPON, AGGRAVATED ASSAULT",1300 0400 1822,0,M,X,101,STREET,307,VEHICLE,IC,Invest Cont,230,,,,LONG BEACH                   AV,NEWTON                       ST,34.0252,-118.2415
240709877,07/03/2024 12:00:00 AM,07/03/2024 12:00:00 AM,0843,07,Wilshire,0736,1,442,SHOPLIFTING - PETTY THEFT ($950 & UNDER),0325 2028,0,X,X,404,DEPARTMENT STORE,,,IC,Invest Cont,442,,,,400 S  LA BREA                      AV,,34.0669,-118.3456
240217973,12/10/2024 12:00:00 AM,12/08/2024 12:00:00 AM,1130,02,Rampart,0237,2,745,VANDALISM - MISDEAMEANOR ($399 OR UNDER),,58,M,B,101,STREET,,,IC,Invest Cont,745,,,,EMERALD,LUCAS                        AV,34.0598,-118.2607
241610746,10/07/2024 12:00:00 AM,10/05/2024 12:00:00 AM,0830,16,Foothill,1675,1,510,VEHICLE - STOLEN,,0,,,101,STREET,,,IC,Invest Cont,510,,,,9100    GLENOAKS                     BL,,34.2345,-118.3713
240121408,11/20/2024 12:00:00 AM,11/19/2024 12:00:00 AM,2235,01,Central,0138,2,745,VANDALISM - MISDEAMEANOR ($399 OR UNDER),0329,32,M,F,744,HIGH-RISE BUILDING,,,IC,Invest Cont,745,,,,400 E  3RD                          ST,,34.0473,-118.2425
241909149,05/27/2024 12:00:00 AM,05/26/2024 12:00:00 AM,0850,19,Mission,1998,1,522,"VEHICLE, STOLEN - OTHER (MOTORIZED SCOOTERS, BIKES, ETC)",,0,,,406,OTHER STORE,,,IC,Invest Cont,522,,,,14300    ARMINTA                      ST,,34.213,-118.4434
240908471,04/26/2024 12:00:00 AM,04/08/2024 12:00:00 AM,0001,09,Van Nuys,0994,2,354,THEFT OF IDENTITY,0923 1822,77,F,W,501,SINGLE FAMILY DWELLING,,,IC,Invest Cont,354,,,,3600    BEVERLY RIDGE                DR,,34.1361,-118.4479
242104365,01/09/2024 12:00:00 AM,01/08/2024 12:00:00 AM,1400,21,Topanga,2103,1,310,BURGLARY,0344 1402 1607 1609,83,F,W,501,SINGLE FAMILY DWELLING,,,IC,Invest Cont,310,998,,,8400    CAPISTRANO                   AV,,34.2227,-118.617
240712242,09/25/2024 12:00:00 AM,09/22/2024 12:00:00 AM,0239,07,Wilshire,0737,1,440,THEFT PLAIN - PETTY ($950 & UNDER),0344 2014 1240 1309 1310,25,F,W,122,"VEHICLE, PASSENGER/TRUCK",,,IC,Invest Cont,440,,,,5200    WILSHIRE                     BL,,34.0622,-118.3429
241808211,03/31/2024 12:00:00 AM,03/31/2024 12:00:00 AM,0250,18,Southeast,1804,1,230,"ASSAULT WITH DEADLY WEAPON, AGGRAVATED ASSAULT",1822 0416 0400,23,M,H,501,SINGLE FAMILY DWELLING,212,BOTTLE,IC,Invest Cont,230,,,,800 E  87TH                         ST,,33.9593,-118.2608
240707485,03/24/2024 12:00:00 AM,03/24/2024 12:00:00 AM,0059,07,Wilshire,0711,1,310,BURGLARY,0358 0325,0,X,X,203,OTHER BUSINESS,,,IC,Invest Cont,310,,,,7900    BEVERLY                      BL,,34.0782,-118.3695
241110779,09/16/2024 12:00:00 AM,09/15/2024 12:00:00 AM,1445,11,Northeast,1162,2,888,TRESPASSING,1501,0,X,X,908,MTA - RED LINE - VERMONT/SUNSET,,,AA,Adult Arrest,888,,,,1500 N  VERMONT                      AV,,34.0982,-118.2918
240512886,11/26/2024 12:00:00 AM,11/25/2024 12:00:00 AM,1600,05,Harbor,0515,1,420,THEFT FROM MOTOR VEHICLE - PETTY ($950 & UNDER),,0,,,101,STREET,,,IC,Invest Cont,420,,,,1600 N  WILMINGTON                   BL,,33.7951,-118.2752
240607738,03/23/2024 12:00:00 AM,03/21/2024 12:00:00 AM,1945,06,Hollywood,0645,2,740,"VANDALISM - FELONY ($400 & OVER, ALL CHURCH VANDALISMS)",0329 1822 1300,31,M,W,707,GARAGE/CARPORT,,,IC,Invest Cont,740,,,,1400 N  MANSFIELD                    AV,,34.0962,-118.3405
240809207,06/24/2024 12:00:00 AM,06/22/2024 12:00:00 AM,0945,08,West LA,0814,1,440,THEFT PLAIN - PETTY ($950 & UNDER),1822 0344 0377,36,F,W,717,HEALTH SPA/GYM,,,IC,Invest Cont,440,,,,100 S  BARRINGTON                   PL,,34.0666,-118.4697
241506569,02/22/2024 12:00:00 AM,02/22/2024 12:00:00 AM,1513,15,N Hollywood,1591,1,442,SHOPLIFTING - PETTY THEFT ($950 & UNDER),0325 1822 0344,0,M,O,203,OTHER BUSINESS,,,IC,Invest Cont,442,,,,12100    VENTURA                      BL,,34.1436,-118.3953
240107893,02/25/2024 12:00:00 AM,02/25/2024 12:00:00 AM,0030,01,Central,0171,2,740,"VANDALISM - FELONY ($400 & OVER, ALL CHURCH VANDALISMS)",0329 1300 1307,47,F,B,122,"VEHICLE, PASSENGER/TRUCK",,,IC,Invest Cont,740,,,,900 S  FIGUEROA                     ST,,34.0457,-118.2665
241512999,08/21/2024 12:00:00 AM,07/08/2024 12:00:00 AM,0904,15,N Hollywood,1527,1,442,SHOPLIFTING - PETTY THEFT ($950 & UNDER),1822 0344 1236 2028 0325,29,M,F,203,OTHER BUSINESS,,,IC,Invest Cont,442,,,,11000    VICTORY                      BL,,34.1867,-118.3703
241504934,01/18/2024 12:00:00 AM,01/18/2024 12:00:00 AM,1945,15,N Hollywood,1527,1,341,"THEFT-GRAND ($950.01 & OVER)EXCPT,GUNS,FOWL,LIVESTK,PROD",0344 2004 0376 0325,0,M,O,203,OTHER BUSINESS,,,AA,Adult Arrest,341,,,,11000    VICTORY                      BL,,34.1867,-118.3703
240210969,06/11/2024 12:00:00 AM,06/11/2024 12:00:00 AM,0257,02,Rampart,0235,1,440,THEFT PLAIN - PETTY ($950 & UNDER),1822 0344 0394,41,M,K,502,"MULTI-UNIT DWELLING (APARTMENT, DUPLEX, ETC)",,,IC,Invest Cont,440,,,,200 S  LAKE                         ST,,34.0663,-118.2719
240708950,05/20/2024 12:00:00 AM,05/20/2024 12:00:00 AM,1600,07,Wilshire,0723,1,440,THEFT PLAIN - PETTY ($950 & UNDER),0344,65,M,W,501,SINGLE FAMILY DWELLING,,,IC,Invest Cont,440,,,,8100    BLACKBURN                    AV,,34.0712,-118.3658
240106754,02/08/2024 12:00:00 AM,02/07/2024 12:00:00 AM,1910,01,Central,0182,1,510,VEHICLE - STOLEN,,0,,,101,STREET,,,IC,Invest Cont,510,,,,9TH,FLOWER,34.0458,-118.2614
242112666,10/25/2024 12:00:00 AM,10/22/2024 12:00:00 AM,1652,21,Topanga,2114,1,442,SHOPLIFTING - PETTY THEFT ($950 & UNDER),0325 0378,0,M,W,405,CLOTHING STORE,,,IC,Invest Cont,442,,,,8200    TOPANGA CANYON               BL,,34.2139,-118.6103
241514307,10/02/2024 12:00:00 AM,10/01/2024 12:00:00 AM,1225,15,N Hollywood,1591,1,442,SHOPLIFTING - PETTY THEFT ($950 & UNDER),0344 0325 1822,0,M,O,202,LIQUOR STORE,,,IC,Invest Cont,442,,,,12100    VENTURA                      BL,,34.1436,-118.3953
240407130,04/21/2024 12:00:00 AM,04/21/2024 12:00:00 AM,1700,04,Hollenbeck,0429,2,354,THEFT OF IDENTITY,0100,59,F,H,502,"MULTI-UNIT DWELLING (APARTMENT, DUPLEX, ETC)",,,IC,Invest Cont,354,,,,5100    OAKLAND                      ST,,34.0877,-118.1716
241408334,04/02/2024 12:00:00 AM,03/30/2024 12:00:00 AM,0930,14,Pacific,1463,1,330,BURGLARY FROM VEHICLE,0344,28,M,H,108,PARKING LOT,,,IC,Invest Cont,330,,,,12500 W  JEFFERSON                    BL,,33.9803,-118.4117
240712622,11/13/2024 12:00:00 AM,11/12/2024 12:00:00 AM,1614,07,Wilshire,0779,2,740,"VANDALISM - FELONY ($400 & OVER, ALL CHURCH VANDALISMS)",0329 1822,0,X,X,203,OTHER BUSINESS,,,IC,Invest Cont,740,,,,3300 W  WASHINGTON                   BL,,34.0417,-118.3207
240116964,08/16/2024 12:00:00 AM,08/16/2024 12:00:00 AM,0700,01,Central,0139,2,745,VANDALISM - MISDEAMEANOR ($399 OR UNDER),0329,0,X,X,725,"GOVERNMENT FACILITY (FEDERAL,STATE, COUNTY & CITY)",,,IC,Invest Cont,745,,,,700 E  3RD                          ST,,34.0455,-118.2379
240114768,07/17/2024 12:00:00 AM,07/14/2024 12:00:00 AM,2000,01,Central,0163,1,510,VEHICLE - STOLEN,,0,,,707,GARAGE/CARPORT,,,IC,Invest Cont,510,,,,700 S  SPRING                       ST,,34.0438,-118.2547
241515076,11/03/2024 12:00:00 AM,10/29/2024 12:00:00 AM,0800,15,N Hollywood,1596,1,330,BURGLARY FROM VEHICLE,1822 0325 0358 0344,29,M,W,710,OTHER PREMISE,,,IC,Invest Cont,330,,,,10800    FRUITLAND                    DR,,34.1383,-118.3662
241307894,03/29/2024 12:00:00 AM,03/29/2024 12:00:00 AM,0430,13,Newton,1321,1,331,THEFT FROM MOTOR VEHICLE - GRAND ($950.01 AND OVER),1300 0385 0344,31,F,H,101,STREET,,,IC,Invest Cont,331,,,,2300 S  FLOWER                       ST,,34.0302,-118.273
240907686,04/06/2024 12:00:00 AM,04/05/2024 12:00:00 AM,2345,09,Van Nuys,0941,1,761,BRANDISH WEAPON,0334 1300 0329 1310 1822,33,M,O,301,GAS STATION,200,KNIFE WITH BLADE 6INCHES OR LESS,IC,Invest Cont,740,761,,,5800 N  SEPULVEDA                    BL,,34.1757,-118.4662
240314277,09/14/2024 12:00:00 AM,09/07/2024 12:00:00 AM,1250,03,Southwest,0321,2,888,TRESPASSING,0910,23,X,X,101,STREET,,,IC,Invest Cont,888,,,,5600 W  JEFFERSON                    BL,,34.0258,-118.3668
241314986,11/22/2024 12:00:00 AM,11/09/2024 12:00:00 AM,0001,13,Newton,1345,1,440,THEFT PLAIN - PETTY ($950 & UNDER),0344,34,M,H,501,SINGLE FAMILY DWELLING,,,IC,Invest Cont,440,,,,1100 E  40TH                         PL,,34.0101,-118.2565
241210300,04/18/2024 12:00:00 AM,04/18/2024 12:00:00 AM,0200,12,77th Street,1239,2,626,INTIMATE PARTNER - SIMPLE ASSAULT,2000 1813 0913 0407 0416 0446 0329 0432,27,F,H,501,SINGLE FAMILY DWELLING,500,UNKNOWN WEAPON/OTHER WEAPON,AO,Adult Other,626,,,,900 W  61ST                         ST,,33.9846,-118.2893
240104924,01/14/2024 12:00:00 AM,01/14/2024 12:00:00 AM,0900,01,Central,0128,1,510,VEHICLE - STOLEN,,0,,,101,STREET,,,IC,Invest Cont,510,,,,2ND                          ST,SAN PEDRO,34.0491,-118.2414
242014077,12/17/2024 12:00:00 AM,11/10/2024 12:00:00 AM,1455,20,Olympic,2056,1,341,"THEFT-GRAND ($950.01 & OVER)EXCPT,GUNS,FOWL,LIVESTK,PROD",0344 1218 1822,31,F,B,502,"MULTI-UNIT DWELLING (APARTMENT, DUPLEX, ETC)",,,IC,Invest Cont,341,,,,1200 S  CATALINA                     ST,,34.0491,-118.2947
241010670,08/25/2024 12:00:00 AM,08/21/2024 12:00:00 AM,1500,10,West Valley,1099,1,420,THEFT FROM MOTOR VEHICLE - PETTY ($950 & UNDER),,0,,,101,STREET,,,IC,Invest Cont,420,,,,3700    REGAL VISTA                  DR,,34.1372,-118.4777
240712161,10/06/2024 12:00:00 AM,10/06/2024 12:00:00 AM,1400,07,Wilshire,0724,1,352,PICKPOCKET,0344 1822,34,M,K,415,THE GROVE,,,IC,Invest Cont,352,,,,100    THE GROVE                    DR,,34.0736,-118.3563
241605768,02/27/2024 12:00:00 AM,02/26/2024 12:00:00 AM,1830,16,Foothill,1684,1,420,THEFT FROM MOTOR VEHICLE - PETTY ($950 & UNDER),,0,,,101,STREET,,,IC,Invest Cont,420,,,,8400    RINCON                       AV,,34.2228,-118.3911
241609363,07/17/2024 12:00:00 AM,07/11/2024 12:00:00 AM,1305,16,Foothill,1684,1,341,"THEFT-GRAND ($950.01 & OVER)EXCPT,GUNS,FOWL,LIVESTK,PROD",1822 0344,44,M,H,101,STREET,,,IC,Invest Cont,341,,,,LANKERSHIM,STAGG,34.2121,-118.3878
242113174,11/16/2024 12:00:00 AM,11/16/2024 12:00:00 AM,1845,21,Topanga,2156,1,442,SHOPLIFTING - PETTY THEFT ($950 & UNDER),0325,50,M,W,405,CLOTHING STORE,,,IC,Invest Cont,442,,,,6600    TOPANGA CANYON               BL,,34.1904,-118.6059
240809304,06/30/2024 12:00:00 AM,06/30/2024 12:00:00 AM,0230,08,West LA,0813,1,510,VEHICLE - STOLEN,,0,,,104,DRIVEWAY,,,IC,Invest Cont,510,,,,300 N  BUNDY                        DR,,34.0636,-118.4766
241812054,08/08/2024 12:00:00 AM,08/07/2024 12:00:00 AM,1700,18,Southeast,1846,1,510,VEHICLE - STOLEN,,0,,,101,STREET,,,IC,Invest Cont,510,,,,1400 E  IMPERIAL                     HY,,33.9323,-118.2502
240512276,10/29/2024 12:00:00 AM,10/28/2024 12:00:00 AM,1841,05,Harbor,0517,1,442,SHOPLIFTING - PETTY THEFT ($950 & UNDER),0325 0352 0344,0,X,X,203,OTHER BUSINESS,,,IC,Invest Cont,442,,,,200 E  OPP                          ST,,33.7873,-118.2582
241606027,03/04/2024 12:00:00 AM,03/04/2024 12:00:00 AM,0730,16,Foothill,1605,1,230,"ASSAULT WITH DEADLY WEAPON, AGGRAVATED ASSAULT",1402 0411 0913 0444 0416 0561,37,M,H,501,SINGLE FAMILY DWELLING,205,KITCHEN KNIFE,JA,Juv Arrest,230,998,,,11600    GLADSTONE                    AV,,34.2808,-118.396
240212251,07/23/2024 12:00:00 AM,07/21/2024 12:00:00 AM,1600,02,Rampart,0237,2,354,THEFT OF IDENTITY,0100 1822,33,F,H,502,"MULTI-UNIT DWELLING (APARTMENT, DUPLEX, ETC)",,,IC,Invest Cont,354,,,,1400 W  3RD                          ST,,34.0621,-118.2619
240119472,10/05/2024 12:00:00 AM,10/04/2024 12:00:00 AM,0745,01,Central,0185,1,330,BURGLARY FROM VEHICLE,0344 1307,46,M,W,108,PARKING LOT,,,IC,Invest Cont,330,,,,900 S  HILL                         ST,,34.043,-118.2571
242006232,02/23/2024 12:00:00 AM,02/11/2024 12:00:00 AM,0600,20,Olympic,2023,1,420,THEFT FROM MOTOR VEHICLE - PETTY ($950 & UNDER),,0,,,101,STREET,,,IC,Invest Cont,420,,,,400 S  KINGSLEY                     DR,,34.0672,-118.3028
240605433,01/27/2024 12:00:00 AM,01/26/2024 12:00:00 AM,1238,06,Hollywood,0636,1,352,PICKPOCKET,0344,35,F,K,735,NIGHT CLUB (OPEN EVENINGS ONLY),,,IC,Invest Cont,352,,,,1700    VINE                         ST,,34.1034,-118.3325
241610460,09/20/2024 12:00:00 AM,09/20/2024 12:00:00 AM,1105,16,Foothill,1684,1,230,"ASSAULT WITH DEADLY WEAPON, AGGRAVATED ASSAULT",0411 1402 1822,31,M,B,210,RESTAURANT/FAST FOOD,207,OTHER KNIFE,IC,Invest Cont,230,998,,,8200    LAUREL CANYON                BL,,34.2197,-118.3965
241500548,02/02/2024 12:00:00 AM,02/02/2024 12:00:00 AM,0335,15,N Hollywood,1566,2,946,OTHER MISCELLANEOUS CRIME,1501,0,X,X,101,STREET,,,IC,Invest Cont,946,,,,MOORPARK                     ST,VINELAND                     AV,34.1504,-118.3704
241312936,09/11/2024 12:00:00 AM,09/10/2024 12:00:00 AM,2030,13,Newton,1309,2,740,"VANDALISM - FELONY ($400 & OVER, ALL CHURCH VANDALISMS)",1402 0907 0329 0311,0,X,X,101,STREET,,,AA,Adult Arrest,740,998,,,SANTA FE                     AV,HUNTER                       ST,34.0276,-118.2299
242008397,04/19/2024 12:00:00 AM,04/19/2024 12:00:00 AM,0001,20,Olympic,2002,1,331,THEFT FROM MOTOR VEHICLE - GRAND ($950.01 AND OVER),1822 1602 0385 0344,25,M,W,101,STREET,,,IC,Invest Cont,331,,,,5000    MELROSE                      AV,,34.0835,-118.3091
240705211,01/27/2024 12:00:00 AM,01/26/2024 12:00:00 AM,2014,07,Wilshire,0736,1,442,SHOPLIFTING - PETTY THEFT ($950 & UNDER),0325 2028,0,X,X,404,DEPARTMENT STORE,,,IC,Invest Cont,442,,,,400 S  LA BREA                      AV,,34.0669,-118.3456
241008247,04/27/2024 12:00:00 AM,04/25/2024 12:00:00 AM,2100,10,West Valley,1039,2,930,CRIMINAL THREATS - NO WEAPON DISPLAYED,0319 0913 2000 1814 0443,23,F,B,502,"MULTI-UNIT DWELLING (APARTMENT, DUPLEX, ETC)",511,VERBAL THREAT,AO,Adult Other,930,,,,15900    VICTORY                      BL,,34.1903,-118.48
240118284,09/09/2024 12:00:00 AM,09/08/2024 12:00:00 AM,1330,01,Central,0111,1,330,BURGLARY FROM VEHICLE,0344 1307,45,F,H,101,STREET,,,IC,Invest Cont,330,,,,900 N  HILL                         ST,,34.0644,-118.2387
240306498,02/18/2024 12:00:00 AM,02/15/2024 12:00:00 AM,2000,03,Southwest,0356,1,480,BIKE - STOLEN,0344 1251 1822 0397,21,M,W,502,"MULTI-UNIT DWELLING (APARTMENT, DUPLEX, ETC)",,,IC,Invest Cont,480,,,,1400 W  37TH                         PL,,34.02,-118.3002
240904121,01/04/2024 12:00:00 AM,01/03/2024 12:00:00 AM,2046,09,Van Nuys,0946,1,310,BURGLARY,0344 1609 0358 0321 1420 1414,33,M,W,501,SINGLE FAMILY DWELLING,,,IC,Invest Cont,310,,,,5500    MAMMOTH                      AV,,34.1703,-118.4323
240810056,08/07/2024 12:00:00 AM,08/07/2024 12:00:00 AM,0400,08,West LA,0849,1,510,VEHICLE - STOLEN,,0,,,108,PARKING LOT,,,IC,Invest Cont,510,,,,1200 S  BEDFORD                      ST,,34.0554,-118.3805
241107401,04/12/2024 12:00:00 AM,04/11/2024 12:00:00 AM,1030,11,Northeast,1107,2,886,DISTURBING THE PEACE,1202,78,F,H,502,"MULTI-UNIT DWELLING (APARTMENT, DUPLEX, ETC)",,,AO,Adult Other,886,,,,1500    YOSEMITE                     DR,,34.1328,-118.1981
241909234,05/31/2024 12:00:00 AM,05/31/2024 12:00:00 AM,1240,19,Mission,1967,1,510,VEHICLE - STOLEN,,0,,,101,STREET,,,IC,Invest Cont,510,,,,9500    BEACHY                       AV,,34.2426,-118.4325
241414701,11/03/2024 12:00:00 AM,11/02/2024 12:00:00 AM,1130,14,Pacific,1496,1,331,THEFT FROM MOTOR VEHICLE - GRAND ($950.01 AND OVER),1300 0344 1822,57,M,H,108,PARKING LOT,,,IC,Invest Cont,331,,,,9800    VICKSBURG                    AV,,33.9473,-118.394
241011519,10/08/2024 12:00:00 AM,10/07/2024 12:00:00 AM,0500,10,West Valley,1018,1,510,VEHICLE - STOLEN,,0,,,101,STREET,,,IC,Invest Cont,510,,,,15800    SATICOY                      ST,,34.2085,-118.4771
240605140,01/15/2024 12:00:00 AM,01/14/2024 12:00:00 AM,0900,06,Hollywood,0647,1,440,THEFT PLAIN - PETTY ($950 & UNDER),1822 0344,22,F,W,502,"MULTI-UNIT DWELLING (APARTMENT, DUPLEX, ETC)",,,IC,Invest Cont,440,,,,5800 W  SUNSET                       BL,,34.0998,-118.3211
240808258,05/08/2024 12:00:00 AM,04/29/2024 12:00:00 AM,2000,08,West LA,0855,1,510,VEHICLE - STOLEN,,0,,,121,YARD (RESIDENTIAL/BUSINESS),,,IC,Invest Cont,510,,,,1700    SELBY                        AV,,34.0517,-118.442
241610148,09/03/2024 12:00:00 AM,06/11/2024 12:00:00 AM,1735,16,Foothill,1638,2,740,"VANDALISM - FELONY ($400 & OVER, ALL CHURCH VANDALISMS)",0329,0,M,O,515,APARTMENT/CONDO COMMON LAUNDRY ROOM,,,IC,Invest Cont,740,,,,10300    COMMERCE                     AV,,34.2559,-118.2886
240309677,04/22/2024 12:00:00 AM,04/21/2024 12:00:00 AM,1300,03,Southwest,0357,1,420,THEFT FROM MOTOR VEHICLE - PETTY ($950 & UNDER),1822 1606 0344 0352 0329 1251,22,F,W,101,STREET,,,IC,Invest Cont,420,,,,1200 W  35TH                         ST,,34.0242,-118.2944
241108643,06/10/2024 12:00:00 AM,06/06/2024 12:00:00 AM,1200,11,Northeast,1141,1,331,THEFT FROM MOTOR VEHICLE - GRAND ($950.01 AND OVER),0344 0385,75,M,W,101,STREET,,,IC,Invest Cont,331,,,,1700 N  BERENDO                      ST,,34.1018,-118.2945
240210281,04/23/2024 12:00:00 AM,04/23/2024 12:00:00 AM,1536,02,Rampart,0265,2,745,VANDALISM - MISDEAMEANOR ($399 OR UNDER),0329 1822,36,F,H,744,HIGH-RISE BUILDING,,,IC,Invest Cont,745,,,,800 S  WESTLAKE                     AV,,34.0544,-118.2767
241211863,05/21/2024 12:00:00 AM,05/19/2024 12:00:00 AM,1000,12,77th Street,1251,1,420,THEFT FROM MOTOR VEHICLE - PETTY ($950 & UNDER),,0,,,101,STREET,,,IC,Invest Cont,420,,,,3300 W  73RD                         ST,,33.9736,-118.3299
240613949,12/13/2024 12:00:00 AM,12/12/2024 12:00:00 AM,2138,06,Hollywood,0647,1,352,PICKPOCKET,1822 0344,29,F,W,735,NIGHT CLUB (OPEN EVENINGS ONLY),,,IC,Invest Cont,352,,,,6200 W  SUNSET                       BL,,34.0998,-118.3211
241314106,10/21/2024 12:00:00 AM,10/20/2024 12:00:00 AM,0330,13,Newton,1321,1,330,BURGLARY FROM VEHICLE,0344 0358 1307 1822,34,M,H,101,STREET,500,UNKNOWN WEAPON/OTHER WEAPON,IC,Invest Cont,330,,,,WASHINGTON                   BL,OLIVE                        ST,34.0325,-118.2676
241607224,04/13/2024 12:00:00 AM,04/08/2024 12:00:00 AM,1900,16,Foothill,1615,2,662,"BUNCO, GRAND THEFT",0701,26,M,A,750,CYBERSPACE,,,IC,Invest Cont,662,,,,11900    TERRA BELLA                  ST,,34.2768,-118.3929
240108778,03/10/2024 12:00:00 AM,03/10/2024 12:00:00 AM,0800,01,Central,0162,1,510,VEHICLE - STOLEN,,0,,,101,STREET,,,IC,Invest Cont,510,,,,400 W  8TH                          ST,,34.0445,-118.2558
240314150,09/10/2024 12:00:00 AM,09/09/2024 12:00:00 AM,1900,03,Southwest,0328,1,522,"VEHICLE, STOLEN - OTHER (MOTORIZED SCOOTERS, BIKES, ETC)",,0,,,108,PARKING LOT,,,IC,Invest Cont,522,,,,3100 S  FIGUEROA                     ST,,34.0268,-118.2808
241907952,04/17/2024 12:00:00 AM,04/17/2024 12:00:00 AM,0340,19,Mission,1952,1,310,BURGLARY,1609 0344 1822 0321 0216 0213 0206,57,M,O,244,TOBACCO SHOP,,,IC,Invest Cont,310,,,,15500    DEVONSHIRE                   ST,,34.2573,-118.4696
240305749,02/01/2024 12:00:00 AM,02/01/2024 12:00:00 AM,0700,03,Southwest,0317,2,354,THEFT OF IDENTITY,0100 0929 1822,31,F,H,501,SINGLE FAMILY DWELLING,,,IC,Invest Cont,354,,,,1400 W  25TH                         ST,,34.0337,-118.2915
241008434,05/02/2024 12:00:00 AM,05/02/2024 12:00:00 AM,2230,10,West Valley,1088,2,888,TRESPASSING,1822 2004 1275 1420,62,M,O,501,SINGLE FAMILY DWELLING,,,IC,Invest Cont,888,,,,4600    HAYVENHURST                  AV,,34.1536,-118.4924
240811170,10/04/2024 12:00:00 AM,10/04/2024 12:00:00 AM,1830,08,West LA,0882,1,331,THEFT FROM MOTOR VEHICLE - GRAND ($950.01 AND OVER),0344 1300 1822,31,F,C,108,PARKING LOT,,,IC,Invest Cont,331,,,,11200 W  OLYMPIC                      BL,,34.039,-118.44
240811210,10/06/2024 12:00:00 AM,10/06/2024 12:00:00 AM,1425,08,West LA,0821,1,480,BIKE - STOLEN,1822 0344,31,F,O,108,PARKING LOT,,,IC,Invest Cont,480,,,,PACIFIC COAST                HY,TEMESCAL CANYON              RD,34.0358,-118.5357
241411232,07/14/2024 12:00:00 AM,07/12/2024 12:00:00 AM,1145,14,Pacific,1483,2,354,THEFT OF IDENTITY,1501,44,F,W,501,SINGLE FAMILY DWELLING,,,IC,Invest Cont,354,,,,7300 W  88TH                         ST,,33.9573,-118.4224
240712914,11/27/2024 12:00:00 AM,11/23/2024 12:00:00 AM,1630,07,Wilshire,0724,1,341,"THEFT-GRAND ($950.01 & OVER)EXCPT,GUNS,FOWL,LIVESTK,PROD",0344 1822,36,F,W,109,PARK/PLAYGROUND,,,IC,Invest Cont,341,,,,7600    BEVERLY                      BL,,34.0762,-118.3555
241905099,01/28/2024 12:00:00 AM,01/28/2024 12:00:00 AM,0930,19,Mission,1921,2,626,INTIMATE PARTNER - SIMPLE ASSAULT,2000 0913 1814 0448 0444,44,F,B,502,"MULTI-UNIT DWELLING (APARTMENT, DUPLEX, ETC)",400,"STRONG-ARM (HANDS, FIST, FEET OR BODILY FORCE)",AO,Adult Other,626,,,,12600    SAN FERNANDO                 RD,,34.3098,-118.4729
241509272,04/19/2024 12:00:00 AM,04/19/2024 12:00:00 AM,1207,15,N Hollywood,1524,1,442,SHOPLIFTING - PETTY THEFT ($950 & UNDER),0325,22,F,H,404,DEPARTMENT STORE,,,IC,Invest Cont,442,,,,12100    VICTORY                      BL,,34.1867,-118.3965
240809395,07/05/2024 12:00:00 AM,07/05/2024 12:00:00 AM,1000,08,West LA,0833,2,740,"VANDALISM - FELONY ($400 & OVER, ALL CHURCH VANDALISMS)",0329 1300 1307,24,F,B,101,STREET,,,IC,Invest Cont,740,,,,10900    ASHTON                       AV,,34.0578,-118.4433
241106154,02/26/2024 12:00:00 AM,02/25/2024 12:00:00 AM,1640,11,Northeast,1118,1,442,SHOPLIFTING - PETTY THEFT ($950 & UNDER),0325,0,X,X,203,OTHER BUSINESS,,,IC,Invest Cont,442,,,,5600 N  FIGUEROA                     ST,,34.114,-118.1949
241910440,07/26/2024 12:00:00 AM,07/25/2024 12:00:00 AM,1600,19,Mission,1917,1,420,THEFT FROM MOTOR VEHICLE - PETTY ($950 & UNDER),,0,,,101,STREET,,,IC,Invest Cont,420,,,,13900    FOOTHILL                     BL,,34.3121,-118.4363
241511279,06/13/2024 12:00:00 AM,06/13/2024 12:00:00 AM,0310,15,N Hollywood,1569,1,341,"THEFT-GRAND ($950.01 & OVER)EXCPT,GUNS,FOWL,LIVESTK,PROD",1822 0325 1309 0344,48,M,W,507,CONDOMINIUM/TOWNHOUSE,,,IC,Invest Cont,341,,,,4400    PLACIDIA                     AV,,34.1504,-118.356
240115103,07/20/2024 12:00:00 AM,07/20/2024 12:00:00 AM,0635,01,Central,0119,2,888,TRESPASSING,0910,0,X,X,900,MTA - RED LINE - UNION STATION,,,IC,Invest Cont,888,,,,800 N  ALAMEDA                      ST,,34.0561,-118.2375
242106091,02/21/2024 12:00:00 AM,02/21/2024 12:00:00 AM,1320,21,Topanga,2156,1,442,SHOPLIFTING - PETTY THEFT ($950 & UNDER),0325 0352,30,M,X,404,DEPARTMENT STORE,,,JO,Juv Other,442,,,,21700    VICTORY                      BL,,34.1877,-118.6015
240613842,12/08/2024 12:00:00 AM,12/06/2024 12:00:00 AM,1640,06,Hollywood,0648,1,420,THEFT FROM MOTOR VEHICLE - PETTY ($950 & UNDER),1822 0344 1300 1501,26,F,W,502,"MULTI-UNIT DWELLING (APARTMENT, DUPLEX, ETC)",,,IC,Invest Cont,420,,,,5500    HOLLYWOOD                    BL,,34.1018,-118.3093
242113446,11/29/2024 12:00:00 AM,11/29/2024 12:00:00 AM,1830,21,Topanga,2158,1,330,BURGLARY FROM VEHICLE,0344,37,F,C,108,PARKING LOT,,,IC,Invest Cont,330,,,,6400    CANOGA                       AV,,34.1867,-118.5974
241008369,04/30/2024 12:00:00 AM,04/11/2024 12:00:00 AM,1340,10,West Valley,1065,1,440,THEFT PLAIN - PETTY ($950 & UNDER),1822 0344,39,F,K,507,CONDOMINIUM/TOWNHOUSE,,,IC,Invest Cont,440,,,,5400    LINDLEY                      AV,,34.1692,-118.5272
240810431,08/26/2024 12:00:00 AM,08/22/2024 12:00:00 AM,1933,08,West LA,0852,1,442,SHOPLIFTING - PETTY THEFT ($950 & UNDER),1822 0325,0,X,X,203,OTHER BUSINESS,,,IC,Invest Cont,442,,,,11800    SANTA MONICA                 BL,,34.0428,-118.4582
241410490,06/18/2024 12:00:00 AM,06/17/2024 12:00:00 AM,2130,14,Pacific,1441,1,330,BURGLARY FROM VEHICLE,0344,28,M,H,101,STREET,,,IC,Invest Cont,330,,,,2700    PACIFIC                      AV,,33.9819,-118.4675
240508576,05/01/2024 12:00:00 AM,04/30/2024 12:00:00 AM,1400,05,Harbor,0557,1,330,BURGLARY FROM VEHICLE,1822 1609 0344 1307,61,M,B,101,STREET,,,IC,Invest Cont,330,,,,500 W  6TH                          ST,,33.7388,-118.2879
242006447,02/27/2024 12:00:00 AM,02/26/2024 12:00:00 AM,1200,20,Olympic,2035,2,901,VIOLATION OF RESTRAINING ORDER,2038 1814,28,F,H,502,"MULTI-UNIT DWELLING (APARTMENT, DUPLEX, ETC)",,,AO,Adult Other,901,,,,700 S  MARIPOSA                     AV,,34.0598,-118.2987
241604226,01/07/2024 12:00:00 AM,01/04/2024 12:00:00 AM,2100,16,Foothill,1642,2,940,EXTORTION,1501,37,M,H,501,SINGLE FAMILY DWELLING,,,IC,Invest Cont,940,,,,10400    HADDON                       AV,,34.2592,-118.4268
241306340,02/19/2024 12:00:00 AM,02/17/2024 12:00:00 AM,2330,13,Newton,1317,1,330,BURGLARY FROM VEHICLE,0344 0358 1307 1822,27,M,W,101,STREET,500,UNKNOWN WEAPON/OTHER WEAPON,IC,Invest Cont,330,,,,1700 E  14TH                         ST,,34.026,-118.2412
241810698,06/13/2024 12:00:00 AM,06/13/2024 12:00:00 AM,0700,18,Southeast,1851,1,510,VEHICLE - STOLEN,,0,,,101,STREET,,,IC,Invest Cont,510,,,,VERMONT                      AV,131ST                        ST,33.9133,-118.2916
242108456,04/26/2024 12:00:00 AM,04/24/2024 12:00:00 AM,2330,21,Topanga,2157,1,520,VEHICLE - ATTEMPT STOLEN,1822 0329,95,M,W,108,PARKING LOT,,,IC,Invest Cont,520,,,,21200    KITTRIDGE                    ST,,34.1913,-118.5942
242014114,12/19/2024 12:00:00 AM,12/18/2024 12:00:00 AM,2300,20,Olympic,2023,1,331,THEFT FROM MOTOR VEHICLE - GRAND ($950.01 AND OVER),0329 0344 0385 1822,36,M,W,108,PARKING LOT,,,IC,Invest Cont,331,,,,4000 W  3RD                          ST,,34.069,-118.3004
241907130,03/25/2024 12:00:00 AM,03/24/2024 12:00:00 AM,0920,19,Mission,1924,2,354,THEFT OF IDENTITY,0930,57,M,H,501,SINGLE FAMILY DWELLING,,,IC,Invest Cont,354,,,,12300    SUNRISE RIDGE                RD,,34.2949,-118.4629
241207029,02/21/2024 12:00:00 AM,02/21/2024 12:00:00 AM,1910,12,77th Street,1273,1,350,"THEFT, PERSON",0910 2049 2051 1822 0344 0342 0216,25,F,B,801,MTA BUS,400,"STRONG-ARM (HANDS, FIST, FEET OR BODILY FORCE)",IC,Invest Cont,350,,,,89TH                         ST,WESTERN                      AV,33.9563,-118.309
240612849,10/24/2024 12:00:00 AM,10/24/2024 12:00:00 AM,1840,06,Hollywood,0627,1,510,VEHICLE - STOLEN,,0,,,101,STREET,,,IC,Invest Cont,510,,,,2500 N  BEACHWOOD                    DR,,34.1156,-118.3215
240711710,10/01/2024 12:00:00 AM,09/29/2024 12:00:00 AM,2045,07,Wilshire,0745,1,510,VEHICLE - STOLEN,,0,,,101,STREET,,,IC,Invest Cont,510,,,,5400    SAN VICENTE                  BL,,34.053,-118.3517
240807506,03/31/2024 12:00:00 AM,03/31/2024 12:00:00 AM,1030,08,West LA,0812,2,626,INTIMATE PARTNER - SIMPLE ASSAULT,2000 1813 0400 1906,31,F,W,501,SINGLE FAMILY DWELLING,400,"STRONG-ARM (HANDS, FIST, FEET OR BODILY FORCE)",AO,Adult Other,626,,,,700 N  KENTER                       AV,,34.0716,-118.4887
241805897,02/09/2024 12:00:00 AM,02/08/2024 12:00:00 AM,1940,18,Southeast,1827,1,510,VEHICLE - STOLEN,,0,,,101,STREET,,,IC,Invest Cont,510,,,,10100    WILMINGTON                   AV,,33.9446,-118.2391
240804622,01/18/2024 12:00:00 AM,01/18/2024 12:00:00 AM,1400,08,West LA,0834,1,310,BURGLARY,1609 1822 0344,58,M,O,501,SINGLE FAMILY DWELLING,500,UNKNOWN WEAPON/OTHER WEAPON,IC,Invest Cont,310,,,,10500    ROCHESTER                    AV,,34.0605,-118.43
242005359,01/31/2024 12:00:00 AM,01/31/2024 12:00:00 AM,1500,20,Olympic,2029,1,350,"THEFT, PERSON",0910 2034 2004 1822 0344,21,M,H,905,MTA - RED LINE - WILSHIRE/VERMONT,,,IC,Invest Cont,350,,,,3100    WILSHIRE                     BL,,34.0652,-118.2878
240115412,07/25/2024 12:00:00 AM,07/25/2024 12:00:00 AM,0920,01,Central,0119,2,888,TRESPASSING,0910,0,X,X,834,LA UNION STATION (NOT LINE SPECIFIC),,,IC,Invest Cont,888,,,,800 N  ALAMEDA                      ST,,34.0561,-118.2375
240120769,11/04/2024 12:00:00 AM,11/04/2024 12:00:00 AM,0858,01,Central,0129,2,888,TRESPASSING,0910 2004,0,X,X,965,MTA - GOLD LINE - LITTLE TOKYO/ARTS DISTRICT,,,IC,Invest Cont,888,,,,200 N  ALAMEDA                      ST,,34.0497,-118.2381
240411621,11/21/2024 12:00:00 AM,11/21/2024 12:00:00 AM,2215,04,Hollenbeck,0442,1,442,SHOPLIFTING - PETTY THEFT ($950 & UNDER),0325,20,F,H,301,GAS STATION,,,IC,Invest Cont,442,,,,1800    MARENGO,,34.0586,-118.2119
241415522,11/29/2024 12:00:00 AM,11/25/2024 12:00:00 AM,1420,14,Pacific,1413,1,440,THEFT PLAIN - PETTY ($950 & UNDER),0394 1822 0344,34,M,B,101,STREET,,,IC,Invest Cont,440,,,,700    5TH                          AV,,33.9958,-118.472
241204661,01/11/2024 12:00:00 AM,01/11/2024 12:00:00 AM,1815,12,77th Street,1273,1,510,VEHICLE - STOLEN,,0,,,101,STREET,,,IC,Invest Cont,510,,,,8800    RUTHELEN                     ST,,33.958,-118.3129
240411197,11/01/2024 12:00:00 AM,11/01/2024 12:00:00 AM,1545,04,Hollenbeck,0429,1,510,VEHICLE - STOLEN,,0,,,108,PARKING LOT,,,IC,Invest Cont,510,,,,5300    HUNTINGTON                   DR,,34.0899,-118.1664
241313109,09/18/2024 12:00:00 AM,09/10/2024 12:00:00 AM,1800,13,Newton,1313,1,420,THEFT FROM MOTOR VEHICLE - PETTY ($950 & UNDER),,0,,,108,PARKING LOT,,,IC,Invest Cont,420,,,,1000 E  WASHINGTON                   BL,,34.0259,-118.2536
240213906,09/04/2024 12:00:00 AM,09/02/2024 12:00:00 AM,1300,02,Rampart,0246,2,888,TRESPASSING,0910,0,X,X,904,MTA - RED LINE - WESTLAKE/MACARTHUR PARK,,,IC,Invest Cont,888,,,,600 S  ALVARADO                     ST,,34.0595,-118.2749
240405332,02/11/2024 12:00:00 AM,02/11/2024 12:00:00 AM,1600,04,Hollenbeck,0457,1,440,THEFT PLAIN - PETTY ($950 & UNDER),0344,47,F,H,222,LAUNDROMAT,,,IC,Invest Cont,440,,,,2500 E  CESAR E CHAVEZ               AV,,34.0469,-118.2032
241311460,07/14/2024 12:00:00 AM,07/12/2024 12:00:00 AM,2100,13,Newton,1371,2,740,"VANDALISM - FELONY ($400 & OVER, ALL CHURCH VANDALISMS)",0329 1300 1822,51,F,B,122,"VEHICLE, PASSENGER/TRUCK",,,IC,Invest Cont,740,,,,100 W  57TH                         ST,,33.9906,-118.2745
241510830,05/28/2024 12:00:00 AM,05/23/2024 12:00:00 AM,1400,15,N Hollywood,1599,1,420,THEFT FROM MOTOR VEHICLE - PETTY ($950 & UNDER),,0,,,122,"VEHICLE, PASSENGER/TRUCK",,,IC,Invest Cont,420,,,,3900    KENTUCKY                     DR,,34.1353,-118.363
241510454,05/15/2024 12:00:00 AM,05/14/2024 12:00:00 AM,1730,15,N Hollywood,1501,1,420,THEFT FROM MOTOR VEHICLE - PETTY ($950 & UNDER),,0,,,101,STREET,,,IC,Invest Cont,420,,,,12900    STRATHERN                    ST,,34.2158,-118.4144
241310644,06/24/2024 12:00:00 AM,06/22/2024 12:00:00 AM,0930,13,Newton,1371,1,510,VEHICLE - STOLEN,,0,,,101,STREET,,,IC,Invest Cont,510,,,,55TH                         ST,GRAND                        AV,33.9924,-118.2801
241811578,07/22/2024 12:00:00 AM,07/22/2024 12:00:00 AM,1222,18,Southeast,1822,1,331,THEFT FROM MOTOR VEHICLE - GRAND ($950.01 AND OVER),1822 1300 0385,32,F,H,101,STREET,,,IC,Invest Cont,331,,,,400 W  CENTURY                      BL,,33.9456,-118.2804
241214352,08/14/2024 12:00:00 AM,08/14/2024 12:00:00 AM,1320,12,77th Street,1243,2,740,"VANDALISM - FELONY ($400 & OVER, ALL CHURCH VANDALISMS)",0329,37,F,B,101,STREET,,,IC,Invest Cont,740,,,,6500 S  VAN NESS                     AV,,33.9806,-118.3177
241004961,01/27/2024 12:00:00 AM,01/27/2024 12:00:00 AM,1300,10,West Valley,1021,1,522,"VEHICLE, STOLEN - OTHER (MOTORIZED SCOOTERS, BIKES, ETC)",,0,,,121,YARD (RESIDENTIAL/BUSINESS),,,IC,Invest Cont,522,,,,19400    SHERMAN                      WY,,34.201,-118.5557
240804548,01/13/2024 12:00:00 AM,01/09/2024 12:00:00 AM,0001,08,West LA,0816,1,341,"THEFT-GRAND ($950.01 & OVER)EXCPT,GUNS,FOWL,LIVESTK,PROD",1822 0394,23,F,W,502,"MULTI-UNIT DWELLING (APARTMENT, DUPLEX, ETC)",,,IC,Invest Cont,341,,,,400    GAYLEY                       AV,,34.0673,-118.4534
242106437,03/01/2024 12:00:00 AM,03/01/2024 12:00:00 AM,2005,21,Topanga,2177,2,626,INTIMATE PARTNER - SIMPLE ASSAULT,0448 2000 1814,53,F,W,502,"MULTI-UNIT DWELLING (APARTMENT, DUPLEX, ETC)",400,"STRONG-ARM (HANDS, FIST, FEET OR BODILY FORCE)",AO,Adult Other,626,,,,5500    CANOGA                       AV,,34.1699,-118.5974
241311348,07/07/2024 12:00:00 AM,05/29/2024 12:00:00 AM,2200,13,Newton,1346,2,740,"VANDALISM - FELONY ($400 & OVER, ALL CHURCH VANDALISMS)",0329 1300 1822,33,F,H,122,"VEHICLE, PASSENGER/TRUCK",,,IC,Invest Cont,740,,,,CENTRAL                      AV,43RD                         PL,34.0048,-118.2565
241310115,06/09/2024 12:00:00 AM,06/08/2024 12:00:00 AM,2000,13,Newton,1347,1,510,VEHICLE - STOLEN,,0,,,101,STREET,,,IC,Invest Cont,510,,,,1600 E  41ST                         ST,,34.0084,-118.2455
240613116,11/04/2024 12:00:00 AM,10/14/2024 12:00:00 AM,1545,06,Hollywood,0643,2,354,THEFT OF IDENTITY,1501 1908 1822,45,M,H,502,"MULTI-UNIT DWELLING (APARTMENT, DUPLEX, ETC)",,,IC,Invest Cont,354,,,,1600 N  FORMOSA                      AV,,34.0998,-118.3468
242112188,10/06/2024 12:00:00 AM,10/06/2024 12:00:00 AM,0400,21,Topanga,2138,1,210,ROBBERY,0344 0416 1822 0916,47,M,A,101,STREET,400,"STRONG-ARM (HANDS, FIST, FEET OR BODILY FORCE)",IC,Invest Cont,210,,,,MASON                        AV,SATICOY                      ST,34.2083,-118.5797
242007911,04/01/2024 12:00:00 AM,04/01/2024 12:00:00 AM,0345,20,Olympic,2054,2,626,INTIMATE PARTNER - SIMPLE ASSAULT,1814 2000 0913 0446 0340 1805 0906,17,F,H,101,STREET,400,"STRONG-ARM (HANDS, FIST, FEET OR BODILY FORCE)",AO,Adult Other,626,,,,OLYMPIC,HARVARD,34.0526,-118.3042
241109522,07/26/2024 12:00:00 AM,07/22/2024 12:00:00 AM,0120,11,Northeast,1169,2,740,"VANDALISM - FELONY ($400 & OVER, ALL CHURCH VANDALISMS)",0329 1300 1307,45,M,W,101,STREET,,,IC,Invest Cont,740,,,,5600    MEDIA                        DR,,34.1067,-118.1934
241508630,04/05/2024 12:00:00 AM,04/05/2024 12:00:00 AM,0600,15,N Hollywood,1522,1,230,"ASSAULT WITH DEADLY WEAPON, AGGRAVATED ASSAULT",1402 0445,27,M,H,502,"MULTI-UNIT DWELLING (APARTMENT, DUPLEX, ETC)",400,"STRONG-ARM (HANDS, FIST, FEET OR BODILY FORCE)",AA,Adult Arrest,230,998,,,13100    VANOWEN                      ST,,34.194,-118.4181
241106179,02/26/2024 12:00:00 AM,02/26/2024 12:00:00 AM,1815,11,Northeast,1123,1,331,THEFT FROM MOTOR VEHICLE - GRAND ($950.01 AND OVER),0344 0385,21,M,H,108,PARKING LOT,,,IC,Invest Cont,331,,,,2900    LOS FELIZ                    BL,,34.1207,-118.2641
240115551,07/28/2024 12:00:00 AM,07/27/2024 12:00:00 AM,1830,01,Central,0161,1,442,SHOPLIFTING - PETTY THEFT ($950 & UNDER),0344,29,M,B,203,OTHER BUSINESS,,,IC,Invest Cont,442,,,,700 S  FIGUEROA                     ST,,34.0483,-118.2631
241610360,09/14/2024 12:00:00 AM,09/11/2024 12:00:00 AM,2100,16,Foothill,1606,1,330,BURGLARY FROM VEHICLE,1307 1302 0344 0329,64,F,W,101,STREET,,,IC,Invest Cont,330,,,,OSBORNE                      ST,FOOTHILL                     BL,34.276,-118.3783
240807060,03/19/2024 12:00:00 AM,03/16/2024 12:00:00 AM,0001,08,West LA,0809,1,341,"THEFT-GRAND ($950.01 & OVER)EXCPT,GUNS,FOWL,LIVESTK,PROD",0344,24,F,W,501,SINGLE FAMILY DWELLING,,,IC,Invest Cont,341,,,,8900    ALTO CEDRO                   DR,,34.1138,-118.394
240712664,11/16/2024 12:00:00 AM,11/16/2024 12:00:00 AM,1820,07,Wilshire,0711,1,343,SHOPLIFTING-GRAND THEFT ($950.01 & OVER),0344 1822 0104 0325,33,F,B,203,OTHER BUSINESS,,,IC,Invest Cont,343,,,,8400    BEVERLY                      BL,,34.0782,-118.3695
240811217,10/07/2024 12:00:00 AM,09/07/2024 12:00:00 AM,0001,08,West LA,0884,1,510,VEHICLE - STOLEN,,0,,,101,STREET,,,IC,Invest Cont,510,,,,PICO                         BL,VETERAN                      AV,34.0388,-118.4314
241405591,02/06/2024 12:00:00 AM,02/03/2024 12:00:00 AM,0130,14,Pacific,1431,1,341,"THEFT-GRAND ($950.01 & OVER)EXCPT,GUNS,FOWL,LIVESTK,PROD",0344 1256,25,F,W,207,BAR/COCKTAIL/NIGHTCLUB,,,IC,Invest Cont,341,,,,00    WINDWARD                     AV,,33.9873,-118.4729
241312601,08/28/2024 12:00:00 AM,08/28/2024 12:00:00 AM,1230,13,Newton,1323,1,510,VEHICLE - STOLEN,,0,,,101,STREET,,,IC,Invest Cont,510,,,,800 E  24TH                         ST,,34.0228,-118.2592
240608312,04/07/2024 12:00:00 AM,04/07/2024 12:00:00 AM,0200,06,Hollywood,0642,2,626,INTIMATE PARTNER - SIMPLE ASSAULT,1814 0913 2002 1206 1300 1501 2000 1813 0400 0416,43,F,H,101,STREET,400,"STRONG-ARM (HANDS, FIST, FEET OR BODILY FORCE)",IC,Invest Cont,626,,,,7600 W  SUNSET                       BL,,34.098,-118.355
240308332,03/26/2024 12:00:00 AM,03/26/2024 12:00:00 AM,1500,03,Southwest,0356,1,230,"ASSAULT WITH DEADLY WEAPON, AGGRAVATED ASSAULT",0334 0416 0445 0913 1402 1810 2021,39,M,B,501,SINGLE FAMILY DWELLING,304,CLUB/BAT,AA,Adult Arrest,230,,,,1600 W  36TH                         PL,,34.0219,-118.3061
241209167,03/29/2024 12:00:00 AM,03/29/2024 12:00:00 AM,0910,12,77th Street,1257,2,624,BATTERY - SIMPLE ASSAULT,0554 0417,57,F,H,501,SINGLE FAMILY DWELLING,400,"STRONG-ARM (HANDS, FIST, FEET OR BODILY FORCE)",IC,Invest Cont,624,,,,800 W  76TH                         ST,,33.9708,-118.2871
240710569,08/07/2024 12:00:00 AM,08/07/2024 12:00:00 AM,1620,07,Wilshire,0722,1,442,SHOPLIFTING - PETTY THEFT ($950 & UNDER),1822 0344 0325 0104,0,X,X,203,OTHER BUSINESS,,,IC,Invest Cont,442,,,,100    LA CIENEGA                   BL,,34.0734,-118.3765
241205414,01/24/2024 12:00:00 AM,01/23/2024 12:00:00 AM,1630,12,77th Street,1266,1,210,ROBBERY,1822 0337 0344 0449 0334,76,F,H,101,STREET,106,UNKNOWN FIREARM,IC,Invest Cont,210,,,,300 W  83RD                         ST,,33.9661,-118.2849
241406460,02/23/2024 12:00:00 AM,02/23/2024 12:00:00 AM,2230,14,Pacific,1406,1,230,"ASSAULT WITH DEADLY WEAPON, AGGRAVATED ASSAULT",0445 1822 0416,35,M,O,103,ALLEY,312,PIPE/METAL PIPE,IC,Invest Cont,230,,,,3600    KEYSTONE                     AV,,34.0238,-118.4095
240509933,07/05/2024 12:00:00 AM,07/05/2024 12:00:00 AM,0130,05,Harbor,0531,1,510,VEHICLE - STOLEN,,0,,,101,STREET,,,IC,Invest Cont,510,,,,26200    OZONE                        AV,,33.7852,-118.308
241707471,03/19/2024 12:00:00 AM,03/17/2024 12:00:00 AM,1900,17,Devonshire,1767,1,520,VEHICLE - ATTEMPT STOLEN,1202 0344 1612 0329,80,M,W,104,DRIVEWAY,,,IC,Invest Cont,520,,,,18200    MARILLA                      ST,,34.2473,-118.5298
241511207,06/11/2024 12:00:00 AM,06/11/2024 12:00:00 AM,0100,15,N Hollywood,1599,1,510,VEHICLE - STOLEN,,0,,,101,STREET,,,IC,Invest Cont,510,,,,3200    BENNETT                      DR,,34.1266,-118.3471
240607565,03/19/2024 12:00:00 AM,03/19/2024 12:00:00 AM,0935,06,Hollywood,0647,1,230,"ASSAULT WITH DEADLY WEAPON, AGGRAVATED ASSAULT",1822 0400 0445 0432 0447 0444 0429 2004,34,M,B,102,SIDEWALK,308,STICK,AA,Adult Arrest,230,,,,1600 N  GOWER                        ST,,34.0998,-118.3223
242111298,08/24/2024 12:00:00 AM,08/23/2024 12:00:00 AM,0200,21,Topanga,2185,1,330,BURGLARY FROM VEHICLE,1202 1307 0344,29,M,W,101,STREET,,,IC,Invest Cont,330,,,,4900    LLANO                        DR,,34.1567,-118.6108
240116941,08/16/2024 12:00:00 AM,08/16/2024 12:00:00 AM,0635,01,Central,0119,2,888,TRESPASSING,0910,0,X,X,834,LA UNION STATION (NOT LINE SPECIFIC),,,IC,Invest Cont,888,,,,800 N  ALAMEDA                      ST,,34.0561,-118.2375
240408589,07/02/2024 12:00:00 AM,06/18/2024 12:00:00 AM,2040,04,Hollenbeck,0497,1,343,SHOPLIFTING-GRAND THEFT ($950.01 & OVER),0325,0,X,X,710,OTHER PREMISE,,,IC,Invest Cont,343,,,,2700 E  OLYMPIC                      BL,,34.0243,-118.2198
240105652,01/23/2024 12:00:00 AM,01/23/2024 12:00:00 AM,2005,01,Central,0138,2,740,"VANDALISM - FELONY ($400 & OVER, ALL CHURCH VANDALISMS)",0329,23,F,H,401,MINI-MART,306,ROCK/THROWN OBJECT,IC,Invest Cont,740,,,,200 S  LOS ANGELES                  ST,,34.0503,-118.2434
241508359,03/30/2024 12:00:00 AM,03/29/2024 12:00:00 AM,2000,15,N Hollywood,1504,1,510,VEHICLE - STOLEN,,0,,,101,STREET,,,IC,Invest Cont,510,,,,7400    LANKERSHIM                   BL,,34.2045,-118.392
240118499,09/15/2024 12:00:00 AM,09/15/2024 12:00:00 AM,0130,01,Central,0162,1,330,BURGLARY FROM VEHICLE,0344 0329 1307 1609,24,F,B,108,PARKING LOT,,,IC,Invest Cont,330,,,,800 S  OLIVE                        ST,,34.0452,-118.2569
241604516,01/17/2024 12:00:00 AM,01/09/2024 12:00:00 AM,0700,16,Foothill,1651,1,440,THEFT PLAIN - PETTY ($950 & UNDER),0344,20,F,H,501,SINGLE FAMILY DWELLING,,,IC,Invest Cont,440,,,,9500    RINCON                       AV,,34.2423,-118.4131
241512001,07/13/2024 12:00:00 AM,06/29/2024 12:00:00 AM,1200,15,N Hollywood,1525,1,420,THEFT FROM MOTOR VEHICLE - PETTY ($950 & UNDER),,0,,,101,STREET,,,IC,Invest Cont,420,,,,5900    COLFAX                       AV,,34.1826,-118.3916
242011789,09/17/2024 12:00:00 AM,09/16/2024 12:00:00 AM,0700,20,Olympic,2039,1,510,VEHICLE - STOLEN,,0,,,101,STREET,,,IC,Invest Cont,510,,,,MAGNOLIA                     AV,LEEWARD                      AV,34.0587,-118.2862
241012104,11/05/2024 12:00:00 AM,11/05/2024 12:00:00 AM,0001,10,West Valley,1019,1,510,VEHICLE - STOLEN,,0,,,101,STREET,,,IC,Invest Cont,510,,,,15600    VALERIO                      ST,,34.2048,-118.4739
240612527,10/10/2024 12:00:00 AM,10/09/2024 12:00:00 AM,2235,06,Hollywood,0637,1,330,BURGLARY FROM VEHICLE,1822 1300 0344,32,F,W,101,STREET,,,IC,Invest Cont,330,,,,6100    YUCCA                        ST,,34.1038,-118.3225
240608408,04/10/2024 12:00:00 AM,04/09/2024 12:00:00 AM,1640,06,Hollywood,0668,1,330,BURGLARY FROM VEHICLE,1609,60,F,B,101,STREET,,,IC,Invest Cont,330,,,,5600    VIRGINIA                     AV,,34.0918,-118.3109
240900713,05/04/2024 12:00:00 AM,05/03/2024 12:00:00 AM,2330,09,Van Nuys,0941,2,753,DISCHARGE FIREARMS/SHOTS FIRED,1100 1402 1501 0906 1407,0,X,X,103,ALLEY,109,SEMI-AUTOMATIC PISTOL,IC,Invest Cont,753,998,,,KESTER                       AV,HATTERAS,34.1757,-118.4574
241012232,11/03/2024 12:00:00 AM,10/24/2024 12:00:00 AM,1111,10,West Valley,1078,2,745,VANDALISM - MISDEAMEANOR ($399 OR UNDER),0329 1822,35,M,W,501,SINGLE FAMILY DWELLING,,,AO,Adult Other,745,,,,16500    MOORPARK                     ST,,34.1596,-118.4923
241515933,12/13/2024 12:00:00 AM,11/22/2024 12:00:00 AM,0300,15,N Hollywood,1526,1,510,VEHICLE - STOLEN,,0,,,101,STREET,,,IC,Invest Cont,510,,,,6500    LANKERSHIM                   BL,,34.1888,-118.3878
241505877,02/07/2024 12:00:00 AM,02/07/2024 12:00:00 AM,0040,15,N Hollywood,1549,2,888,TRESPASSING,1501 2004 0910,0,M,O,913,MTA - RED LINE - NORTH HOLLYWOOD,,,AA,Adult Arrest,888,,,,5300    LANKERSHIM                   BL,,34.172,-118.3789
241204140,01/02/2024 12:00:00 AM,01/02/2024 12:00:00 AM,0030,12,77th Street,1267,2,354,THEFT OF IDENTITY,0922,37,F,B,501,SINGLE FAMILY DWELLING,,,IC,Invest Cont,354,,,,700 W  84TH                         ST,,33.9621,-118.286
241509169,04/17/2024 12:00:00 AM,04/09/2024 12:00:00 AM,2030,15,N Hollywood,1544,1,341,"THEFT-GRAND ($950.01 & OVER)EXCPT,GUNS,FOWL,LIVESTK,PROD",0344 0394,40,M,O,232,"DELIVERY SERVICE (FED EX, UPS, COURIERS,COURIER SERVICE)*",,,IC,Invest Cont,341,,,,12200    RIVERSIDE                    DR,,34.1613,-118.4008
241811484,07/18/2024 12:00:00 AM,07/18/2024 12:00:00 AM,0930,18,Southeast,1802,1,510,VEHICLE - STOLEN,,0,,,101,STREET,,,IC,Invest Cont,510,,,,200 W  88TH                         PL,,33.9564,-118.2765
240315257,10/12/2024 12:00:00 AM,10/09/2024 12:00:00 AM,2100,03,Southwest,0357,2,860,BATTERY WITH SEXUAL CONTACT,1251 1822 0305 0522 0345,29,F,O,101,STREET,400,"STRONG-ARM (HANDS, FIST, FEET OR BODILY FORCE)",IC,Invest Cont,860,,,,1100 W  37TH                         PL,,34.02,-118.2915
241514643,10/15/2024 12:00:00 AM,10/11/2024 12:00:00 AM,2100,15,N Hollywood,1547,1,440,THEFT PLAIN - PETTY ($950 & UNDER),0344 1822 2032,40,F,W,121,YARD (RESIDENTIAL/BUSINESS),,,IC,Invest Cont,440,,,,11400    CHANDLER                     BL,,34.1681,-118.379
240116204,08/06/2024 12:00:00 AM,08/05/2024 12:00:00 AM,1155,01,Central,0159,1,330,BURGLARY FROM VEHICLE,0344 0329,38,X,O,103,ALLEY,,,IC,Invest Cont,330,,,,500    COLYTON                      ST,,34.0417,-118.2362
240704454,01/11/2024 12:00:00 AM,01/11/2024 12:00:00 AM,1400,07,Wilshire,0789,2,745,VANDALISM - MISDEAMEANOR ($399 OR UNDER),0329,48,M,H,502,"MULTI-UNIT DWELLING (APARTMENT, DUPLEX, ETC)",,,AA,Adult Arrest,745,,,,1900    8TH                          AV,,34.0399,-118.326
240117242,08/20/2024 12:00:00 AM,08/20/2024 12:00:00 AM,1000,01,Central,0132,2,888,TRESPASSING,0910,0,X,X,135,MTA PROPERTY OR PARKING LOT,,,IC,Invest Cont,888,,,,200 S  HOPE                         ST,,34.0549,-118.2511
240406160,03/05/2024 12:00:00 AM,03/05/2024 12:00:00 AM,1600,04,Hollenbeck,0455,2,624,BATTERY - SIMPLE ASSAULT,2000 1814 0416 0913,37,F,W,502,"MULTI-UNIT DWELLING (APARTMENT, DUPLEX, ETC)",400,"STRONG-ARM (HANDS, FIST, FEET OR BODILY FORCE)",AO,Adult Other,624,,,,500    SAN BENITO                   ST,,34.0506,-118.2135
242012696,10/20/2024 12:00:00 AM,10/17/2024 12:00:00 AM,0733,20,Olympic,2042,1,331,THEFT FROM MOTOR VEHICLE - GRAND ($950.01 AND OVER),0344 0385 1202 1602 1822,76,F,I,502,"MULTI-UNIT DWELLING (APARTMENT, DUPLEX, ETC)",,,IC,Invest Cont,331,,,,3700 W  9TH                          ST,,34.0559,-118.3112
242113412,11/26/2024 12:00:00 AM,11/26/2024 12:00:00 AM,1810,21,Topanga,2136,2,956,"LETTERS, LEWD  -  TELEPHONE CALLS, LEWD",1906,28,M,H,717,HEALTH SPA/GYM,,,IC,Invest Cont,956,,,,21900    SATICOY                      ST,,34.2083,-118.6044
241004791,01/23/2024 12:00:00 AM,01/19/2024 12:00:00 AM,0900,10,West Valley,1011,2,662,"BUNCO, GRAND THEFT",0701 1822 0800 1202,66,F,B,502,"MULTI-UNIT DWELLING (APARTMENT, DUPLEX, ETC)",,,IC,Invest Cont,662,,,,19500    SHERMAN                      WY,,34.2012,-118.5445
240217052,11/13/2024 12:00:00 AM,11/05/2024 12:00:00 AM,1254,02,Rampart,0239,1,440,THEFT PLAIN - PETTY ($950 & UNDER),1822 0394 0344,27,F,W,145,MAIL BOX,,,IC,Invest Cont,440,,,,300 N  BEAUDRY                      AV,,34.0622,-118.2523
240613312,11/13/2024 12:00:00 AM,11/11/2024 12:00:00 AM,1705,06,Hollywood,0645,1,330,BURGLARY FROM VEHICLE,1822 0344 1300 1501,42,M,V,406,OTHER STORE,,,IC,Invest Cont,330,,,,7000 W  SUNSET                       BL,,34.098,-118.3416
241905787,02/16/2024 12:00:00 AM,02/16/2024 12:00:00 AM,0730,19,Mission,1951,2,930,CRIMINAL THREATS - NO WEAPON DISPLAYED,2000 1814 0421 0443 0913,51,F,W,505,MOTEL,511,VERBAL THREAT,AO,Adult Other,930,,,,10600 N  SEPULVEDA                    BL,,34.2631,-118.4674
241105176,02/01/2024 12:00:00 AM,01/22/2024 12:00:00 AM,1956,11,Northeast,1136,1,343,SHOPLIFTING-GRAND THEFT ($950.01 & OVER),0325 0344,26,F,H,404,DEPARTMENT STORE,,,AA,Adult Arrest,343,,,,4200    EAGLE ROCK                   BL,,34.1218,-118.2251
241809610,05/01/2024 12:00:00 AM,05/01/2024 12:00:00 AM,1720,18,Southeast,1837,1,230,"ASSAULT WITH DEADLY WEAPON, AGGRAVATED ASSAULT",0416 1822 0342,48,M,H,102,SIDEWALK,114,AIR PISTOL/REVOLVER/RIFLE/BB GUN,IC,Invest Cont,230,,,,GRANDEE,108TH                        ST,33.9379,-118.244
241906876,03/17/2024 12:00:00 AM,03/09/2024 12:00:00 AM,1735,19,Mission,1906,2,900,VIOLATION OF COURT ORDER,2038 2000,52,F,W,501,SINGLE FAMILY DWELLING,,,AO,Adult Other,900,,,,13400    DYER                         ST,,34.321,-118.4243
241004974,01/26/2024 12:00:00 AM,01/26/2024 12:00:00 AM,1100,10,West Valley,1005,1,310,BURGLARY,0358 0344 0329 1822 1602 1202 0321,83,F,A,501,SINGLE FAMILY DWELLING,,,IC,Invest Cont,310,,,,18000    CANTARA                      ST,,34.2192,-118.5256
241413065,09/11/2024 12:00:00 AM,09/10/2024 12:00:00 AM,1850,14,Pacific,1438,1,440,THEFT PLAIN - PETTY ($950 & UNDER),0344,24,F,V,719,MEDICAL/DENTAL OFFICES,,,IC,Invest Cont,440,,,,10700    VENICE                       BL,,34.0185,-118.4076
241511623,06/27/2024 12:00:00 AM,06/26/2024 12:00:00 AM,1700,15,N Hollywood,1513,1,420,THEFT FROM MOTOR VEHICLE - PETTY ($950 & UNDER),,0,,,101,STREET,,,IC,Invest Cont,420,,,,BABCOCK                      AV,VANOWEN                      ST,34.194,-118.4073
241108727,06/15/2024 12:00:00 AM,06/14/2024 12:00:00 AM,1500,11,Northeast,1132,1,510,VEHICLE - STOLEN,,0,,,101,STREET,,,IC,Invest Cont,510,,,,3300    ROWENA                       AV,,34.1141,-118.2755
241008165,04/26/2024 12:00:00 AM,04/26/2024 12:00:00 AM,0130,10,West Valley,1078,1,520,VEHICLE - ATTEMPT STOLEN,1822 1607 1402 1414,53,F,H,108,PARKING LOT,,,IC,Invest Cont,520,998,,,16100    VENTURA                      BL,,34.1613,-118.4917
241907306,03/30/2024 12:00:00 AM,03/29/2024 12:00:00 AM,1510,19,Mission,1981,2,438,RECKLESS DRIVING,1822 0400,50,M,W,101,STREET,307,VEHICLE,IC,Invest Cont,438,999,,,ROSCOE                       BL,NOBLE                        AV,34.2267,-118.4704
240610707,07/21/2024 12:00:00 AM,07/20/2024 12:00:00 AM,1200,06,Hollywood,0645,1,440,THEFT PLAIN - PETTY ($950 & UNDER),2032 1501 0910,37,M,A,801,MTA BUS,,,IC,Invest Cont,440,,,,HOLLYWOOD                    BL,N  HIGHLAND                     AV,34.1016,-118.3387
241812771,09/03/2024 12:00:00 AM,09/03/2024 12:00:00 AM,0211,18,Southeast,1871,1,341,"THEFT-GRAND ($950.01 & OVER)EXCPT,GUNS,FOWL,LIVESTK,PROD",1822 0344,0,X,X,101,STREET,,,IC,Invest Cont,341,,,,700 W  141ST                        ST,,33.9038,-118.2872
241605107,02/06/2024 12:00:00 AM,02/06/2024 12:00:00 AM,0900,16,Foothill,1602,2,624,BATTERY - SIMPLE ASSAULT,0906 1822 0416,26,M,H,111,BUS-CHARTER/PRIVATE,400,"STRONG-ARM (HANDS, FIST, FEET OR BODILY FORCE)",IC,Invest Cont,624,,,,VAN NUYS                     BL,GLENOAKS                     BL,34.2737,-118.4117
241209315,04/01/2024 12:00:00 AM,03/31/2024 12:00:00 AM,2300,12,77th Street,1252,1,510,VEHICLE - STOLEN,,0,,,101,STREET,,,IC,Invest Cont,510,,,,2700 W  76TH                         ST,,33.9709,-118.3232
241507407,03/11/2024 12:00:00 AM,03/10/2024 12:00:00 AM,2330,15,N Hollywood,1513,1,510,VEHICLE - STOLEN,,0,,,101,STREET,,,IC,Invest Cont,510,,,,WHITSETT,SHERMAN                      WY,34.2012,-118.4052
242006273,02/24/2024 12:00:00 AM,02/23/2024 12:00:00 AM,1700,20,Olympic,2024,1,510,VEHICLE - STOLEN,,0,,,101,STREET,,,IC,Invest Cont,510,,,,600 S  HOBART                       BL,,34.0636,-118.3053
242007379,03/17/2024 12:00:00 AM,03/14/2024 12:00:00 AM,2146,20,Olympic,2024,1,330,BURGLARY FROM VEHICLE,0344 0358 1307 1609 1822,21,M,C,101,STREET,,,IC,Invest Cont,330,,,,600 S  HARVARD                      BL,,34.0634,-118.3041
241107964,05/07/2024 12:00:00 AM,05/06/2024 12:00:00 AM,1850,11,Northeast,1183,1,510,VEHICLE - STOLEN,,0,,,101,STREET,,,IC,Invest Cont,510,,,,1800 W  SUNSET                       BL,,34.0832,-118.2572
240504212,01/06/2024 12:00:00 AM,01/05/2024 12:00:00 AM,1300,05,Harbor,0563,1,510,VEHICLE - STOLEN,,0,,,101,STREET,,,IC,Invest Cont,510,,,,1100 S  ALMA                         ST,,33.7343,-118.299
241407566,03/16/2024 12:00:00 AM,03/15/2024 12:00:00 AM,2115,14,Pacific,1432,2,624,BATTERY - SIMPLE ASSAULT,0448,45,F,H,101,STREET,400,"STRONG-ARM (HANDS, FIST, FEET OR BODILY FORCE)",IC,Invest Cont,624,,,,MILWOOD,ABBOT KINNEY,33.9904,-118.4647
241508928,04/11/2024 12:00:00 AM,04/11/2024 12:00:00 AM,1700,15,N Hollywood,1526,2,903,CONTEMPT OF COURT,2038,58,F,W,501,SINGLE FAMILY DWELLING,,,AO,Adult Other,903,,,,6300    CAMELLIA                     AV,,34.1849,-118.3823
242107674,04/05/2024 12:00:00 AM,04/05/2024 12:00:00 AM,0340,21,Topanga,2129,1,236,INTIMATE PARTNER - AGGRAVATED ASSAULT,1402 2000 0411 1813 0913,79,M,W,501,SINGLE FAMILY DWELLING,207,OTHER KNIFE,AA,Adult Arrest,236,998,,,8100    JUMILLA                      AV,,34.2168,-118.5634
241513526,09/07/2024 12:00:00 AM,09/06/2024 12:00:00 AM,0542,15,N Hollywood,1501,1,331,THEFT FROM MOTOR VEHICLE - GRAND ($950.01 AND OVER),1300 0344 1822,32,F,H,501,SINGLE FAMILY DWELLING,,,IC,Invest Cont,331,,,,13300    WILLARD                      ST,,34.2176,-118.4227
240911774,09/24/2024 12:00:00 AM,09/23/2024 12:00:00 AM,1840,09,Van Nuys,0985,1,341,"THEFT-GRAND ($950.01 & OVER)EXCPT,GUNS,FOWL,LIVESTK,PROD",0344 1602,37,M,W,108,PARKING LOT,,,IC,Invest Cont,341,,,,4500    VAN NUYS                     BL,,34.15,-118.4424
240906066,02/24/2024 12:00:00 AM,02/20/2024 12:00:00 AM,0955,09,Van Nuys,0929,2,354,THEFT OF IDENTITY,1822 0929,66,F,W,501,SINGLE FAMILY DWELLING,,,IC,Invest Cont,354,,,,13500    HAMLIN                       ST,,34.1885,-118.4269
240309915,04/27/2024 12:00:00 AM,04/27/2024 12:00:00 AM,1500,03,Southwest,0376,2,901,VIOLATION OF RESTRAINING ORDER,0913 2004 2038,39,F,W,501,SINGLE FAMILY DWELLING,,,IC,Invest Cont,901,,,,3800 S  HOBART                       BL,,34.0173,-118.3078
241212273,05/30/2024 12:00:00 AM,05/29/2024 12:00:00 AM,0335,12,77th Street,1241,1,440,THEFT PLAIN - PETTY ($950 & UNDER),0344,27,X,H,501,SINGLE FAMILY DWELLING,,,IC,Invest Cont,440,,,,6100    WEST                         BL,,33.9845,-118.3352
241205986,01/31/2024 12:00:00 AM,01/08/2024 12:00:00 AM,1930,12,77th Street,1211,2,740,"VANDALISM - FELONY ($400 & OVER, ALL CHURCH VANDALISMS)",1202 0329,60,F,B,122,"VEHICLE, PASSENGER/TRUCK",,,IC,Invest Cont,740,,,,2400 W  54TH                         ST,,33.9932,-118.3193
241407313,03/07/2024 12:00:00 AM,03/07/2024 12:00:00 AM,0920,14,Pacific,1474,2,740,"VANDALISM - FELONY ($400 & OVER, ALL CHURCH VANDALISMS)",0329,48,F,H,602,BANK,,,IC,Invest Cont,740,,,,7100 W  85TH                         ST,,33.9607,-118.4167
240211669,07/05/2024 12:00:00 AM,07/04/2024 12:00:00 AM,2100,02,Rampart,0256,1,510,VEHICLE - STOLEN,,0,,,101,STREET,,,IC,Invest Cont,510,,,,7TH                          ST,UNION                        AV,34.0539,-118.2712
240613809,12/07/2024 12:00:00 AM,11/01/2024 12:00:00 AM,0700,06,Hollywood,0636,2,740,"VANDALISM - FELONY ($400 & OVER, ALL CHURCH VANDALISMS)",0329 1822,0,X,X,203,OTHER BUSINESS,500,UNKNOWN WEAPON/OTHER WEAPON,IC,Invest Cont,740,,,,1700    WHITLEY                      AV,,34.1016,-118.3333
240611096,08/10/2024 12:00:00 AM,04/03/2024 12:00:00 AM,2100,06,Hollywood,0625,1,341,"THEFT-GRAND ($950.01 & OVER)EXCPT,GUNS,FOWL,LIVESTK,PROD",1822 0325 0104,0,X,X,203,OTHER BUSINESS,,,IC,Invest Cont,341,,,,2800    CAHUENGA                     BL,,34.1202,-118.34
241312715,09/01/2024 12:00:00 AM,08/29/2024 12:00:00 AM,0615,13,Newton,1313,2,354,THEFT OF IDENTITY,0100,32,F,I,502,"MULTI-UNIT DWELLING (APARTMENT, DUPLEX, ETC)",,,IC,Invest Cont,354,,,,700 E  WASHINGTON                   BL,,34.0276,-118.2574
242005273,01/28/2024 12:00:00 AM,01/27/2024 12:00:00 AM,2000,20,Olympic,2073,2,956,"LETTERS, LEWD  -  TELEPHONE CALLS, LEWD",1202 1822 1906,82,H,W,501,SINGLE FAMILY DWELLING,,,IC,Invest Cont,956,,,,2800 W  15TH                         ST,,34.0454,-118.3061
241012380,11/20/2024 12:00:00 AM,11/18/2024 12:00:00 AM,0445,10,West Valley,1078,1,330,BURGLARY FROM VEHICLE,1822 0344,25,M,H,406,OTHER STORE,,,IC,Invest Cont,330,,,,16300    VENTURA                      BL,,34.1613,-118.4917
241807331,03/09/2024 12:00:00 AM,03/09/2024 12:00:00 AM,0940,18,Southeast,1822,1,440,THEFT PLAIN - PETTY ($950 & UNDER),0913 0344,0,X,X,122,"VEHICLE, PASSENGER/TRUCK",,,IC,Invest Cont,440,,,,300 W  94TH                         ST,,33.951,-118.2784
241511667,06/28/2024 12:00:00 AM,06/27/2024 12:00:00 AM,1200,15,N Hollywood,1596,2,354,THEFT OF IDENTITY,0377,58,M,W,501,SINGLE FAMILY DWELLING,,,IC,Invest Cont,354,,,,3100    DONA MARTA                   DR,,34.1278,-118.3777
241312409,08/21/2024 12:00:00 AM,08/20/2024 12:00:00 AM,2228,13,Newton,1317,1,440,THEFT PLAIN - PETTY ($950 & UNDER),0344,30,F,H,210,RESTAURANT/FAST FOOD,,,IC,Invest Cont,440,,,,E  WASHINGTON                   ST,S  CENTRAL                      AV,34.023,-118.248
241214424,08/17/2024 12:00:00 AM,08/16/2024 12:00:00 AM,2200,12,77th Street,1257,1,510,VEHICLE - STOLEN,,0,,,101,STREET,,,IC,Invest Cont,510,,,,900 W  77TH                         ST,,33.9698,-118.2897
240509556,06/14/2024 12:00:00 AM,06/12/2024 12:00:00 AM,0900,05,Harbor,0501,2,740,"VANDALISM - FELONY ($400 & OVER, ALL CHURCH VANDALISMS)",0329 1300,35,F,F,243,"DIY CENTER (LOWE'S,HOME DEPOT,OSH,CONTRACTORS WAREHOUSE)",,,IC,Invest Cont,740,,,,700 W  182ND                        ST,,33.8696,-118.2863
241507114,03/05/2024 12:00:00 AM,03/04/2024 12:00:00 AM,1600,15,N Hollywood,1513,1,420,THEFT FROM MOTOR VEHICLE - PETTY ($950 & UNDER),,0,,,101,STREET,,,IC,Invest Cont,420,,,,12500    HARTLAND                     ST,,34.1949,-118.4064
240106046,01/29/2024 12:00:00 AM,01/29/2024 12:00:00 AM,1300,01,Central,0135,2,624,BATTERY - SIMPLE ASSAULT,1822 0416,62,M,H,502,"MULTI-UNIT DWELLING (APARTMENT, DUPLEX, ETC)",400,"STRONG-ARM (HANDS, FIST, FEET OR BODILY FORCE)",IC,Invest Cont,624,,,,100 E  3RD                          ST,,34.0495,-118.2459
241305873,02/10/2024 12:00:00 AM,02/10/2024 12:00:00 AM,2100,13,Newton,1313,1,210,ROBBERY,0444 2048 0910 0432 0344 1822 0448,54,M,H,934,MTA - BLUE LINE - SAN PEDRO,400,"STRONG-ARM (HANDS, FIST, FEET OR BODILY FORCE)",IC,Invest Cont,210,,,,SAN PEDRO                    ST,WASHINGTON                   BL,34.0276,-118.2574
241810196,05/21/2024 12:00:00 AM,05/20/2024 12:00:00 AM,2000,18,Southeast,1862,1,420,THEFT FROM MOTOR VEHICLE - PETTY ($950 & UNDER),,0,,,101,STREET,,,IC,Invest Cont,420,,,,11700 S  SPRING                       ST,,33.9274,-118.2761
241706854,03/09/2024 12:00:00 AM,03/09/2024 12:00:00 AM,2140,17,Devonshire,1791,1,210,ROBBERY,0945 1822 1601 0344,0,X,X,202,LIQUOR STORE,400,"STRONG-ARM (HANDS, FIST, FEET OR BODILY FORCE)",AA,Adult Arrest,210,,,,20500    ROSCOE                       BL,,34.2244,-118.5804
240105778,01/25/2024 12:00:00 AM,01/25/2024 12:00:00 AM,2220,01,Central,0152,2,888,TRESPASSING,0910 1501,0,X,X,903,MTA - RED LINE - 7TH AND METRO CENTER,,,IC,Invest Cont,888,,,,600 S  FIGUEROA                     ST,,34.0508,-118.2586
241712699,09/10/2024 12:00:00 AM,09/03/2024 12:00:00 AM,2014,17,Devonshire,1749,2,956,"LETTERS, LEWD  -  TELEPHONE CALLS, LEWD",1906,21,F,H,504,OTHER RESIDENCE,,,IC,Invest Cont,956,,,,10400    DEMPSEY                      AV,,34.2597,-118.4772
241605484,02/19/2024 12:00:00 AM,02/18/2024 12:00:00 AM,1300,16,Foothill,1681,1,510,VEHICLE - STOLEN,,0,,,101,STREET,,,IC,Invest Cont,510,,,,8500    REMICK                       AV,,34.2248,-118.3991
240114738,07/16/2024 12:00:00 AM,07/13/2024 12:00:00 AM,2100,01,Central,0121,1,331,THEFT FROM MOTOR VEHICLE - GRAND ($950.01 AND OVER),1300 0344,31,M,W,707,GARAGE/CARPORT,,,IC,Invest Cont,331,,,,900 W  TEMPLE                       ST,,34.0607,-118.2494
242005741,02/07/2024 12:00:00 AM,02/04/2024 12:00:00 AM,0104,20,Olympic,2021,2,354,THEFT OF IDENTITY,0100 1822 0929,58,F,O,501,SINGLE FAMILY DWELLING,,,IC,Invest Cont,354,,,,600 S  GRAMERCY                     PL,,34.0653,-118.3183
241905913,02/20/2024 12:00:00 AM,02/19/2024 12:00:00 AM,1950,19,Mission,1994,1,236,INTIMATE PARTNER - AGGRAVATED ASSAULT,2000 0913 1814 0408 0444,31,F,H,502,"MULTI-UNIT DWELLING (APARTMENT, DUPLEX, ETC)",400,"STRONG-ARM (HANDS, FIST, FEET OR BODILY FORCE)",AO,Adult Other,236,,,,14700    ROSCOE                       BL,,34.2215,-118.4536
240306372,02/15/2024 12:00:00 AM,02/10/2024 12:00:00 AM,2330,03,Southwest,0327,1,440,THEFT PLAIN - PETTY ($950 & UNDER),0344,22,M,W,121,YARD (RESIDENTIAL/BUSINESS),,,IC,Invest Cont,440,,,,2600    ORCHARD                      AV,,34.0328,-118.2874
241405429,01/19/2024 12:00:00 AM,01/19/2024 12:00:00 AM,2340,14,Pacific,1494,1,440,THEFT PLAIN - PETTY ($950 & UNDER),0344,56,F,H,212,TRANSPORTATION FACILITY (AIRPORT),,,IC,Invest Cont,440,,,,300    WORLD                        WY,,33.9455,-118.4001
241109989,08/14/2024 12:00:00 AM,08/13/2024 12:00:00 AM,0700,11,Northeast,1113,1,420,THEFT FROM MOTOR VEHICLE - PETTY ($950 & UNDER),,0,,,108,PARKING LOT,,,IC,Invest Cont,420,,,,2600    COLORADO                     BL,,34.1421,-118.223
241012144,11/07/2024 12:00:00 AM,11/04/2024 12:00:00 AM,2100,10,West Valley,1005,1,330,BURGLARY FROM VEHICLE,1822 0344,32,M,H,703,ENTERTAINMENT/COMEDY CLUB (OTHER),,,IC,Invest Cont,330,,,,17900    CANTARA                      ST,,34.2187,-118.5236
241511490,06/23/2024 12:00:00 AM,06/23/2024 12:00:00 AM,0952,15,N Hollywood,1555,1,442,SHOPLIFTING - PETTY THEFT ($950 & UNDER),2100 0201 0211 0209 0378 0318 1822 0325,0,X,X,402,MARKET,,,IC,Invest Cont,442,,,,5100    LANKERSHIM                   BL,,34.163,-118.3735
240605763,01/30/2024 12:00:00 AM,01/15/2024 12:00:00 AM,0320,06,Hollywood,0635,2,740,"VANDALISM - FELONY ($400 & OVER, ALL CHURCH VANDALISMS)",1501,35,F,H,707,GARAGE/CARPORT,,,IC,Invest Cont,740,,,,6600    FRANKLIN                     AV,,34.1079,-118.3337
241006862,03/20/2024 12:00:00 AM,03/20/2024 12:00:00 AM,1750,10,West Valley,1024,1,230,"ASSAULT WITH DEADLY WEAPON, AGGRAVATED ASSAULT",1822 0919 0302 0421 1414 1420 0334 1300 0605 1310,22,M,H,101,STREET,103,RIFLE,IC,Invest Cont,230,,,,6800    RESEDA                       BL,,34.1958,-118.5399
240111814,05/25/2024 12:00:00 AM,05/25/2024 12:00:00 AM,0720,01,Central,0152,2,888,TRESPASSING,0910,0,M,O,903,MTA - RED LINE - 7TH AND METRO CENTER,,,IC,Invest Cont,888,,,,600 S  FIGUEROA                     ST,,34.0508,-118.2586
241907017,03/15/2024 12:00:00 AM,03/15/2024 12:00:00 AM,0017,19,Mission,1918,2,354,THEFT OF IDENTITY,0344 2032,33,M,F,507,CONDOMINIUM/TOWNHOUSE,,,AA,Adult Arrest,354,,,,12800    WATT                         LN,,34.3027,-118.4242
240204408,01/08/2024 12:00:00 AM,01/08/2024 12:00:00 AM,1710,02,Rampart,0246,2,888,TRESPASSING,0910,0,X,X,904,MTA - RED LINE - WESTLAKE/MACARTHUR PARK,,,IC,Invest Cont,888,,,,600 S  ALVARADO                     ST,,34.0595,-118.2749
241208344,03/14/2024 12:00:00 AM,03/14/2024 12:00:00 AM,1100,12,77th Street,1203,1,310,BURGLARY,0329 0344,43,F,H,501,SINGLE FAMILY DWELLING,500,UNKNOWN WEAPON/OTHER WEAPON,IC,Invest Cont,310,,,,1800 W  46TH                         ST,,34.0019,-118.3113
241806840,03/01/2024 12:00:00 AM,03/01/2024 12:00:00 AM,0900,18,Southeast,1824,1,520,VEHICLE - ATTEMPT STOLEN,1822 0329 1601,23,F,B,103,ALLEY,,,IC,Invest Cont,520,,,,1100 E  CENTURY                      BL,,33.9457,-118.2565
240510741,08/17/2024 12:00:00 AM,08/17/2024 12:00:00 AM,1930,05,Harbor,0519,2,740,"VANDALISM - FELONY ($400 & OVER, ALL CHURCH VANDALISMS)",0329,0,X,X,101,STREET,,,IC,Invest Cont,740,,,,2800 E  GRANT                        ST,,33.7974,-118.2372
241713813,10/20/2024 12:00:00 AM,10/20/2024 12:00:00 AM,0900,17,Devonshire,1701,1,420,THEFT FROM MOTOR VEHICLE - PETTY ($950 & UNDER),0344 0377 0321 0386 0930 1822,36,F,H,504,OTHER RESIDENCE,,,IC,Invest Cont,420,,,,20700    MOPENA                       WY,,34.282,-118.5837
241307051,03/04/2024 12:00:00 AM,02/12/2024 12:00:00 AM,1200,13,Newton,1313,1,341,"THEFT-GRAND ($950.01 & OVER)EXCPT,GUNS,FOWL,LIVESTK,PROD",1803 0913 0344 1605,0,X,X,203,OTHER BUSINESS,,,IC,Invest Cont,341,,,,600 E  WASHINGTON                   BL,,34.0284,-118.2592
240912419,10/18/2024 12:00:00 AM,10/18/2024 12:00:00 AM,0600,09,Van Nuys,0964,1,420,THEFT FROM MOTOR VEHICLE - PETTY ($950 & UNDER),,0,,,101,STREET,,,IC,Invest Cont,420,,,,14000    RIVERSIDE                    DR,,34.1576,-118.4387
240606056,02/12/2024 12:00:00 AM,02/12/2024 12:00:00 AM,1305,06,Hollywood,0646,1,440,THEFT PLAIN - PETTY ($950 & UNDER),1822 0344,45,F,W,738,LIBRARY,,,IC,Invest Cont,440,,,,1600    IVAR                         AV,,34.0998,-118.3282
241406393,02/20/2024 12:00:00 AM,02/20/2024 12:00:00 AM,1935,14,Pacific,1494,1,341,"THEFT-GRAND ($950.01 & OVER)EXCPT,GUNS,FOWL,LIVESTK,PROD",1822 0344,41,F,W,212,TRANSPORTATION FACILITY (AIRPORT),500,UNKNOWN WEAPON/OTHER WEAPON,IC,Invest Cont,341,,,,600    WORLD                        WY,,33.9429,-118.403
241807600,03/16/2024 12:00:00 AM,03/15/2024 12:00:00 AM,1300,18,Southeast,1823,2,940,EXTORTION,0913 0421 1915 0337 1906 0422 0432,45,F,H,501,SINGLE FAMILY DWELLING,,,IC,Invest Cont,940,,,,200 E  CENTURY                      BL,,33.9456,-118.2717
240209347,04/29/2024 12:00:00 AM,04/28/2024 12:00:00 AM,1400,02,Rampart,0221,1,480,BIKE - STOLEN,0344 1822,23,M,B,119,"PORCH, RESIDENTIAL",,,IC,Invest Cont,480,,,,400 N  ALEXANDRIA                   AV,,34.0777,-118.2982
240406195,03/06/2024 12:00:00 AM,03/06/2024 12:00:00 AM,1700,04,Hollenbeck,0462,1,761,BRANDISH WEAPON,0334 0552 2001,18,M,H,502,"MULTI-UNIT DWELLING (APARTMENT, DUPLEX, ETC)",207,OTHER KNIFE,IC,Invest Cont,761,,,,400 S  BOYLE                        AV,,34.0431,-118.2196
240122156,12/05/2024 12:00:00 AM,12/05/2024 12:00:00 AM,1730,01,Central,0139,1,330,BURGLARY FROM VEHICLE,1300 0344 1307,32,M,W,108,PARKING LOT,,,IC,Invest Cont,330,,,,900 E  2ND                          ST,,34.0472,-118.2342
240212039,07/18/2024 12:00:00 AM,07/17/2024 12:00:00 AM,1900,02,Rampart,0275,1,510,VEHICLE - STOLEN,,0,,,101,STREET,,,IC,Invest Cont,510,,,,S  ALVARADO                     ST,W  OLYMPIC                      BL,34.0517,-118.2798
241708281,04/12/2024 12:00:00 AM,04/11/2024 12:00:00 AM,1900,17,Devonshire,1761,1,441,THEFT PLAIN - ATTEMPT,1265,64,M,W,145,MAIL BOX,,,IC,Invest Cont,441,,,,22400    NEEDLES                      ST,,34.2468,-118.6148
241406601,02/26/2024 12:00:00 AM,02/25/2024 12:00:00 AM,1730,14,Pacific,1431,1,440,THEFT PLAIN - PETTY ($950 & UNDER),2032 1205 0344,24,M,A,102,SIDEWALK,,,IC,Invest Cont,440,,,,MAIN,MARKET,33.9887,-118.4716
240204648,01/14/2024 12:00:00 AM,01/13/2024 12:00:00 AM,0637,02,Rampart,0205,1,330,BURGLARY FROM VEHICLE,1300 1822 0344 1609 1307 0329,39,M,W,101,STREET,,,IC,Invest Cont,330,,,,MARATHON,PARKMAN,34.0807,-118.2753
241111114,10/01/2024 12:00:00 AM,09/27/2024 12:00:00 AM,2100,11,Northeast,1145,1,480,BIKE - STOLEN,0344,28,M,W,104,DRIVEWAY,,,IC,Invest Cont,480,,,,2300    GLENDALE                     BL,,34.0971,-118.2592
240806779,03/09/2024 12:00:00 AM,03/08/2024 12:00:00 AM,2000,08,West LA,0885,2,740,"VANDALISM - FELONY ($400 & OVER, ALL CHURCH VANDALISMS)",0329,53,F,W,101,STREET,,,IC,Invest Cont,740,,,,10300    GLENBARR                     AV,,34.0393,-118.4072
240206689,02/22/2024 12:00:00 AM,02/21/2024 12:00:00 AM,2100,02,Rampart,0251,2,810,"SEX,UNLAWFUL(INC MUTUAL CONSENT, PENETRATION W/ FRGN OBJ",0533 1251 1258 0500,12,F,H,122,"VEHICLE, PASSENGER/TRUCK",,,IC,Invest Cont,810,,,,RAMPART,6TH                          ST,34.0624,-118.2813
241411799,08/01/2024 12:00:00 AM,07/11/2024 12:00:00 AM,2334,14,Pacific,1483,2,956,"LETTERS, LEWD  -  TELEPHONE CALLS, LEWD",1822 1501,23,F,W,501,SINGLE FAMILY DWELLING,,,IC,Invest Cont,956,,,,8100    MANITOBA                     ST,,33.9562,-118.4356
241910897,08/14/2024 12:00:00 AM,08/14/2024 12:00:00 AM,0735,19,Mission,1924,1,330,BURGLARY FROM VEHICLE,0344 1822,33,F,W,101,STREET,,,IC,Invest Cont,330,,,,14900    OSCEOLA                      ST,,34.2905,-118.4572
241010461,08/12/2024 12:00:00 AM,08/08/2024 12:00:00 AM,1600,10,West Valley,1044,1,331,THEFT FROM MOTOR VEHICLE - GRAND ($950.01 AND OVER),1300 1822 0344 0385,26,M,H,101,STREET,,,IC,Invest Cont,331,,,,18300    COLLINS                      ST,,34.1749,-118.5308
242009611,06/14/2024 12:00:00 AM,06/10/2024 12:00:00 AM,1053,20,Olympic,2027,1,440,THEFT PLAIN - PETTY ($950 & UNDER),1822 0344 0394,32,F,H,502,"MULTI-UNIT DWELLING (APARTMENT, DUPLEX, ETC)",,,IC,Invest Cont,440,,,,500 S  NEW HAMPSHIRE                AV,,34.0654,-118.2929
241911949,09/26/2024 12:00:00 AM,09/26/2024 12:00:00 AM,0005,19,Mission,1961,1,420,THEFT FROM MOTOR VEHICLE - PETTY ($950 & UNDER),,0,,,101,STREET,,,IC,Invest Cont,420,,,,15400    NORDHOFF                     ST,,34.2427,-118.4702
241500543,01/24/2024 12:00:00 AM,01/23/2024 12:00:00 AM,2100,15,N Hollywood,1566,1,761,BRANDISH WEAPON,1218 1402 1822 0334 0443 0432 2004,44,M,H,101,STREET,207,OTHER KNIFE,AA,Adult Arrest,761,998,,,MOORPARK,VINELAND,34.1504,-118.3704
240311823,06/24/2024 12:00:00 AM,06/24/2024 12:00:00 AM,1245,03,Southwest,0373,2,888,TRESPASSING,0910 1501 1822,23,X,X,947,MTA - EXPO LINE - EXPO/CRENSHAW,,,IC,Invest Cont,888,,,,3400    EXPOSITION                   BL,,34.0222,-118.333
240510020,07/09/2024 12:00:00 AM,07/08/2024 12:00:00 AM,1900,05,Harbor,0507,1,510,VEHICLE - STOLEN,,0,,,101,STREET,,,IC,Invest Cont,510,,,,1500 W  227TH                        ST,,33.8202,-118.3037
240710481,08/02/2024 12:00:00 AM,08/02/2024 12:00:00 AM,2025,07,Wilshire,0724,1,442,SHOPLIFTING - PETTY THEFT ($950 & UNDER),0344 0325 1822 0104,0,X,X,415,THE GROVE,,,IC,Invest Cont,442,,,,100    THE GROVE                    DR,,34.0736,-118.3563
241810809,06/20/2024 12:00:00 AM,06/19/2024 12:00:00 AM,2040,18,Southeast,1849,1,510,VEHICLE - STOLEN,,0,,,101,STREET,,,IC,Invest Cont,510,,,,10900    HICKORY                      ST,,33.9365,-118.2359
241807105,03/06/2024 12:00:00 AM,03/05/2024 12:00:00 AM,1900,18,Southeast,1806,1,510,VEHICLE - STOLEN,,0,,,101,STREET,,,IC,Invest Cont,510,,,,8800 S  CENTRAL                      AV,,33.9543,-118.2564
241514355,10/05/2024 12:00:00 AM,09/27/2024 12:00:00 AM,2020,15,N Hollywood,1504,2,740,"VANDALISM - FELONY ($400 & OVER, ALL CHURCH VANDALISMS)",0329 1300,23,M,H,101,STREET,,,IC,Invest Cont,740,,,,7400    LAUREL CANYON                BL,,34.2048,-118.3965
240100541,01/29/2024 12:00:00 AM,01/29/2024 12:00:00 AM,2300,01,Central,0195,2,740,"VANDALISM - FELONY ($400 & OVER, ALL CHURCH VANDALISMS)",0329 1402,0,X,X,725,"GOVERNMENT FACILITY (FEDERAL,STATE, COUNTY & CITY)",,,AA,Adult Arrest,740,998,,,BROADWAY,PICO,34.0371,-118.2611
241217625,12/02/2024 12:00:00 AM,12/01/2024 12:00:00 AM,2200,12,77th Street,1283,1,510,VEHICLE - STOLEN,,0,,,101,STREET,,,IC,Invest Cont,510,,,,9200    HAAS                         AV,,33.9527,-118.3167
240805013,01/29/2024 12:00:00 AM,01/29/2024 12:00:00 AM,1415,08,West LA,0886,2,740,"VANDALISM - FELONY ($400 & OVER, ALL CHURCH VANDALISMS)",0329 1300,66,F,W,103,ALLEY,,,IC,Invest Cont,740,,,,10000 W  PICO                         BL,,34.0525,-118.4063
241707423,03/23/2024 12:00:00 AM,03/15/2024 12:00:00 AM,2200,17,Devonshire,1794,1,510,VEHICLE - STOLEN,,0,,,108,PARKING LOT,,,IC,Invest Cont,510,,,,8400    AMIGO                        AV,,34.2229,-118.5378
240405721,02/22/2024 12:00:00 AM,02/22/2024 12:00:00 AM,1700,04,Hollenbeck,0469,2,888,TRESPASSING,0910 0358,0,X,X,961,MTA - GOLD LINE - INDIANA,,,IC,Invest Cont,888,,,,200 S  INDIANA                      ST,,34.0338,-118.1924
241210015,04/13/2024 12:00:00 AM,02/27/2024 12:00:00 AM,1340,12,77th Street,1215,2,354,THEFT OF IDENTITY,0100 0930 1822,24,F,B,501,SINGLE FAMILY DWELLING,,,IC,Invest Cont,354,,,,1000 W  57TH                         ST,,33.9905,-118.2915
240109914,04/04/2024 12:00:00 AM,04/01/2024 12:00:00 AM,1720,01,Central,0139,1,341,"THEFT-GRAND ($950.01 & OVER)EXCPT,GUNS,FOWL,LIVESTK,PROD",0344,46,F,O,119,"PORCH, RESIDENTIAL",,,IC,Invest Cont,341,,,,600 E  2ND                          ST,,34.0472,-118.2371
241105721,02/14/2024 12:00:00 AM,02/12/2024 12:00:00 AM,2045,11,Northeast,1132,2,740,"VANDALISM - FELONY ($400 & OVER, ALL CHURCH VANDALISMS)",0329,0,X,X,109,PARK/PLAYGROUND,,,IC,Invest Cont,740,,,,3400    RIVERSIDE                    DR,,34.1161,-118.271
240105463,01/22/2024 12:00:00 AM,01/22/2024 12:00:00 AM,2120,01,Central,0128,1,330,BURGLARY FROM VEHICLE,1300 0329 1307 0344,27,F,H,108,PARKING LOT,,,IC,Invest Cont,330,,,,300 E  1ST                          ST,,34.0504,-118.2409
242011814,09/17/2024 12:00:00 AM,09/17/2024 12:00:00 AM,0645,20,Olympic,2029,2,888,TRESPASSING,1822 0910 2052,0,X,X,922,MTA - PURPLE LINE - WILSHIRE/WESTERN,,,IC,Invest Cont,888,,,,3100    WILSHIRE                     BL,,34.0652,-118.2878
240509908,07/03/2024 12:00:00 AM,07/03/2024 12:00:00 AM,0910,05,Harbor,0569,2,740,"VANDALISM - FELONY ($400 & OVER, ALL CHURCH VANDALISMS)",0329,0,X,X,101,STREET,,,IC,Invest Cont,740,,,,22ND,MINER,33.7262,-118.2781
240106207,01/31/2024 12:00:00 AM,01/31/2024 12:00:00 AM,0645,01,Central,0132,2,888,TRESPASSING,1501 2004 0910,0,M,O,135,MTA PROPERTY OR PARKING LOT,,,IC,Invest Cont,888,,,,200 S  HOPE                         ST,,34.0549,-118.2511
241508156,03/26/2024 12:00:00 AM,03/26/2024 12:00:00 AM,1450,15,N Hollywood,1543,2,740,"VANDALISM - FELONY ($400 & OVER, ALL CHURCH VANDALISMS)",1822 0329 1609,23,F,O,101,STREET,,,IC,Invest Cont,740,,,,5300    LAUREL CANYON                BL,,34.1685,-118.4008
241904858,01/23/2024 12:00:00 AM,01/22/2024 12:00:00 AM,1900,19,Mission,1991,1,510,VEHICLE - STOLEN,,0,,,101,STREET,,,IC,Invest Cont,510,,,,8100    LANGDON                      AV,,34.2176,-118.4688
241907595,04/05/2024 12:00:00 AM,04/04/2024 12:00:00 AM,2000,19,Mission,1977,1,331,THEFT FROM MOTOR VEHICLE - GRAND ($950.01 AND OVER),0385,28,F,H,101,STREET,,,IC,Invest Cont,331,,,,8700    WOODMAN                      AV,,34.228,-118.4344
241313767,10/09/2024 12:00:00 AM,10/09/2024 12:00:00 AM,1220,13,Newton,1321,2,888,TRESPASSING,0910,34,M,B,945,MTA - EXPO LINE - EXPO/VERMONT,,,IC,Invest Cont,888,,,,2400 S  FLOWER                       ST,,34.0293,-118.2736
241306787,02/25/2024 12:00:00 AM,02/24/2024 12:00:00 AM,2211,13,Newton,1303,1,330,BURGLARY FROM VEHICLE,0344 1307,31,F,C,101,STREET,,,IC,Invest Cont,330,,,,SAN JULIAN                   ST,E  12TH                         ST,34.0344,-118.2544
240511403,09/18/2024 12:00:00 AM,09/15/2024 12:00:00 AM,0640,05,Harbor,0514,1,420,THEFT FROM MOTOR VEHICLE - PETTY ($950 & UNDER),,0,,,101,STREET,,,IC,Invest Cont,420,,,,1400 W  DOLORES                      ST,,33.7932,-118.2803
241406671,02/27/2024 12:00:00 AM,02/17/2024 12:00:00 AM,1136,14,Pacific,1469,1,330,BURGLARY FROM VEHICLE,0344 0385,66,M,W,103,ALLEY,,,IC,Invest Cont,330,,,,7000    LA CIENEGA                   BL,,33.9761,-118.3726
240807443,03/29/2024 12:00:00 AM,03/28/2024 12:00:00 AM,2100,08,West LA,0828,1,420,THEFT FROM MOTOR VEHICLE - PETTY ($950 & UNDER),,0,,,101,STREET,,,IC,Invest Cont,420,,,,SELBY                        AV,LA GRANGE                    AV,34.0649,-118.4372
240116284,08/07/2024 12:00:00 AM,08/07/2024 12:00:00 AM,0715,01,Central,0119,2,888,TRESPASSING,0910,0,M,O,834,LA UNION STATION (NOT LINE SPECIFIC),,,IC,Invest Cont,888,,,,800 N  ALAMEDA                      ST,,34.0561,-118.2375
241909604,05/31/2024 12:00:00 AM,02/03/2024 12:00:00 AM,1200,19,Mission,1934,2,822,HUMAN TRAFFICKING - COMMERCIAL SEX ACTS,0943 0552,16,F,H,101,STREET,,,IC,Invest Cont,822,,,,WOODMAN,VAN NUYS,34.2747,-118.4696
240404899,01/29/2024 12:00:00 AM,01/29/2024 12:00:00 AM,1800,04,Hollenbeck,0453,2,740,"VANDALISM - FELONY ($400 & OVER, ALL CHURCH VANDALISMS)",0329 0913 1810,25,F,W,501,SINGLE FAMILY DWELLING,,,IC,Invest Cont,740,,,,1300 E  CESAR E CHAVEZ               AV,,34.0529,-118.222
240906090,02/27/2024 12:00:00 AM,02/27/2024 12:00:00 AM,0826,09,Van Nuys,0985,2,624,BATTERY - SIMPLE ASSAULT,0554 0416,36,F,O,502,"MULTI-UNIT DWELLING (APARTMENT, DUPLEX, ETC)",400,"STRONG-ARM (HANDS, FIST, FEET OR BODILY FORCE)",AO,Adult Other,624,,,,4400    COLBATH                      AV,,34.15,-118.4424
240712834,11/24/2024 12:00:00 AM,11/23/2024 12:00:00 AM,1929,07,Wilshire,0724,1,440,THEFT PLAIN - PETTY ($950 & UNDER),1822 0344,58,F,W,210,RESTAURANT/FAST FOOD,,,IC,Invest Cont,440,,,,100    THE GROVE                    DR,,34.0736,-118.3563
241812739,09/03/2024 12:00:00 AM,09/03/2024 12:00:00 AM,1615,18,Southeast,1862,2,888,TRESPASSING,1822 0910 1501 2004,0,X,X,957,MTA - GREEN LINE - HARBOR FWY,,,IC,Invest Cont,888,,,,11500 S  FIGUEROA                     ST,,33.928,-118.2826
240906603,03/10/2024 12:00:00 AM,03/02/2024 12:00:00 AM,0001,09,Van Nuys,0904,2,354,THEFT OF IDENTITY,0923 0935 1822,53,F,H,501,SINGLE FAMILY DWELLING,,,IC,Invest Cont,354,,,,15100    SHERMAN                      WY,,34.2013,-118.4659
240510233,07/20/2024 12:00:00 AM,07/19/2024 12:00:00 AM,1730,05,Harbor,0563,2,740,"VANDALISM - FELONY ($400 & OVER, ALL CHURCH VANDALISMS)",0329 1300,63,F,B,122,"VEHICLE, PASSENGER/TRUCK",,,IC,Invest Cont,740,,,,GAFFEY,12TH,33.7333,-118.2924
241809984,05/11/2024 12:00:00 AM,05/10/2024 12:00:00 AM,2200,18,Southeast,1824,1,420,THEFT FROM MOTOR VEHICLE - PETTY ($950 & UNDER),,0,,,101,STREET,,,IC,Invest Cont,420,,,,9400 S  CENTRAL                      AV,,33.9509,-118.2546
242008538,04/23/2024 12:00:00 AM,01/03/2024 12:00:00 AM,0900,20,Olympic,2027,2,901,VIOLATION OF RESTRAINING ORDER,2038 1906 0432 1813 0913,23,F,O,501,SINGLE FAMILY DWELLING,,,AO,Adult Other,901,,,,600 S  BERENDO                      ST,,34.0636,-118.2941
241714937,12/11/2024 12:00:00 AM,12/06/2024 12:00:00 AM,0236,17,Devonshire,1787,1,480,BIKE - STOLEN,0344 1602 0397 0329 0202,21,M,W,707,GARAGE/CARPORT,,,IC,Invest Cont,480,,,,9800    ZELZAH                       AV,,34.2486,-118.5233
241306537,02/21/2024 12:00:00 AM,02/21/2024 12:00:00 AM,0300,13,Newton,1322,1,230,"ASSAULT WITH DEADLY WEAPON, AGGRAVATED ASSAULT",0913 0603 1202 0444 0361,76,F,H,501,SINGLE FAMILY DWELLING,400,"STRONG-ARM (HANDS, FIST, FEET OR BODILY FORCE)",IC,Invest Cont,230,,,,2200    TRINITY                      ST,,34.0263,-118.2609
241306570,02/24/2024 12:00:00 AM,02/24/2024 12:00:00 AM,1046,13,Newton,1346,2,745,VANDALISM - MISDEAMEANOR ($399 OR UNDER),0329 1402,0,M,W,101,STREET,,,IC,Invest Cont,745,998,,,COMPTON                      BL,VERNON                       AV,34.0039,-118.2477
241210170,04/16/2024 12:00:00 AM,04/16/2024 12:00:00 AM,1100,12,77th Street,1259,2,930,CRIMINAL THREATS - NO WEAPON DISPLAYED,0421 0361,37,F,B,501,SINGLE FAMILY DWELLING,511,VERBAL THREAT,IC,Invest Cont,930,,,,600 E  74TH                         ST,,33.973,-118.2652
240212358,07/27/2024 12:00:00 AM,06/25/2024 12:00:00 AM,1508,02,Rampart,0249,1,341,"THEFT-GRAND ($950.01 & OVER)EXCPT,GUNS,FOWL,LIVESTK,PROD",0913 0344,35,M,W,502,"MULTI-UNIT DWELLING (APARTMENT, DUPLEX, ETC)",,,IC,Invest Cont,341,,,,1000    WILSHIRE                     BL,,34.0514,-118.2613
241010472,08/13/2024 12:00:00 AM,08/11/2024 12:00:00 AM,0214,10,West Valley,1015,1,440,THEFT PLAIN - PETTY ($950 & UNDER),1822 0344,28,F,W,119,"PORCH, RESIDENTIAL",,,IC,Invest Cont,440,,,,7400    CANBY                        AV,,34.2048,-118.5339
240808274,05/10/2024 12:00:00 AM,05/10/2024 12:00:00 AM,0230,08,West LA,0829,1,510,VEHICLE - STOLEN,,0,,,101,STREET,,,IC,Invest Cont,510,,,,10400    SANTA MONICA                 BL,,34.0571,-118.4251
240111540,05/17/2024 12:00:00 AM,05/17/2024 12:00:00 AM,0652,01,Central,0132,2,888,TRESPASSING,0910,0,X,X,901,MTA - RED LINE - CIVIC CENTER/GRAND PARK,,,IC,Invest Cont,888,,,,200 S  HOPE                         ST,,34.0549,-118.2511
241207221,02/24/2024 12:00:00 AM,02/24/2024 12:00:00 AM,1220,12,77th Street,1258,1,210,ROBBERY,0910 1822 2024 2051 2049 0416 0446 0342 0400 0344,18,F,H,801,MTA BUS,400,"STRONG-ARM (HANDS, FIST, FEET OR BODILY FORCE)",IC,Invest Cont,210,,,,BROADWAY,76TH                         ST,33.9708,-118.2783
240306864,02/26/2024 12:00:00 AM,02/26/2024 12:00:00 AM,0345,03,Southwest,0395,1,510,VEHICLE - STOLEN,,0,,,108,PARKING LOT,,,IC,Invest Cont,510,,,,4100 S  WESTERN                      AV,,34.0099,-118.3089
241711825,08/07/2024 12:00:00 AM,08/07/2024 12:00:00 AM,0543,17,Devonshire,1779,1,510,VEHICLE - STOLEN,,0,,,121,YARD (RESIDENTIAL/BUSINESS),,,IC,Invest Cont,510,,,,9600    AQUEDUCT                     AV,,34.2446,-118.474
240215413,10/02/2024 12:00:00 AM,10/02/2024 12:00:00 AM,1900,02,Rampart,0269,1,522,"VEHICLE, STOLEN - OTHER (MOTORIZED SCOOTERS, BIKES, ETC)",,0,,,101,STREET,,,IC,Invest Cont,522,,,,1500 W  7TH                          ST,,34.0531,-118.2694
241304040,01/01/2024 12:00:00 AM,01/01/2024 12:00:00 AM,0525,13,Newton,1385,2,626,INTIMATE PARTNER - SIMPLE ASSAULT,0400 0913 1813 2000,43,F,H,501,SINGLE FAMILY DWELLING,400,"STRONG-ARM (HANDS, FIST, FEET OR BODILY FORCE)",IC,Invest Cont,626,,,,400 E  60TH                         ST,,33.9852,-118.2679
241311561,07/25/2024 12:00:00 AM,07/15/2024 12:00:00 AM,0800,13,Newton,1303,1,440,THEFT PLAIN - PETTY ($950 & UNDER),0344,0,M,W,116,OTHER/OUTSIDE,,,IC,Invest Cont,440,,,,800 E  12TH                         ST,,34.0323,-118.2505
240709471,01/01/2024 12:00:00 AM,01/01/2024 12:00:00 AM,0001,07,Wilshire,0721,1,815,SEXUAL PENETRATION W/FOREIGN OBJECT,1822 0515,69,F,W,701,HOSPITAL,400,"STRONG-ARM (HANDS, FIST, FEET OR BODILY FORCE)",IC,Invest Cont,815,,,,8700 W  BEVERLY                      BL,,34.0768,-118.3806
240712561,11/11/2024 12:00:00 AM,11/10/2024 12:00:00 AM,1330,07,Wilshire,0723,1,440,THEFT PLAIN - PETTY ($950 & UNDER),0344 1300,40,M,I,203,OTHER BUSINESS,,,IC,Invest Cont,440,,,,100 S  FAIRFAX                      AV,,34.0728,-118.3656
241408483,04/09/2024 12:00:00 AM,04/09/2024 12:00:00 AM,1315,14,Pacific,1441,1,341,"THEFT-GRAND ($950.01 & OVER)EXCPT,GUNS,FOWL,LIVESTK,PROD",0344,31,F,W,117,BEACH,,,IC,Invest Cont,341,,,,SPEEDWAY,28TH,33.9806,-118.4677
242007438,03/19/2024 12:00:00 AM,03/19/2024 12:00:00 AM,1630,20,Olympic,2083,1,210,ROBBERY,1822 0342 0344 0444 0429 1602 0202 0416,18,M,H,124,BUS STOP,400,"STRONG-ARM (HANDS, FIST, FEET OR BODILY FORCE)",IC,Invest Cont,210,,,,WESTERN,WASHINGTON,34.0399,-118.309
241606398,03/16/2024 12:00:00 AM,03/15/2024 12:00:00 AM,1000,16,Foothill,1641,2,434,FALSE IMPRISONMENT,1822 0444 1501,20,F,H,501,SINGLE FAMILY DWELLING,,,IC,Invest Cont,434,,,,13200    GARBER                       ST,,34.2539,-118.4226
242005208,01/26/2024 12:00:00 AM,01/25/2024 12:00:00 AM,1422,20,Olympic,2036,1,440,THEFT PLAIN - PETTY ($950 & UNDER),0344 0394 1822,26,F,C,123,PARKING UNDERGROUND/BUILDING,,,IC,Invest Cont,440,,,,600 S  BERENDO                      ST,,34.0579,-118.2941
241604388,01/13/2024 12:00:00 AM,01/11/2024 12:00:00 AM,2300,16,Foothill,1663,1,420,THEFT FROM MOTOR VEHICLE - PETTY ($950 & UNDER),,0,,,122,"VEHICLE, PASSENGER/TRUCK",,,IC,Invest Cont,420,,,,TAMARACK                     ST,SHELDON                      ST,34.2389,-118.398
240705551,02/05/2024 12:00:00 AM,01/31/2024 12:00:00 AM,1200,07,Wilshire,0785,1,331,THEFT FROM MOTOR VEHICLE - GRAND ($950.01 AND OVER),0385 0344 1822,51,M,H,101,STREET,,,IC,Invest Cont,331,,,,4700 W  WASHINGTON                   BL,,34.0398,-118.3414
241205599,01/26/2024 12:00:00 AM,01/26/2024 12:00:00 AM,2221,12,77th Street,1204,1,236,INTIMATE PARTNER - AGGRAVATED ASSAULT,1419 0334 1814 1402 1407 0913 2000,34,F,B,101,STREET,106,UNKNOWN FIREARM,AA,Adult Arrest,236,998,,,1500 W  VERNON                       AV,,34.0037,-118.3034
240107179,02/14/2024 12:00:00 AM,02/13/2024 12:00:00 AM,1935,01,Central,0142,1,330,BURGLARY FROM VEHICLE,0321 1302 0358 1609 1300 0344 0329 1307 0386,40,M,B,710,OTHER PREMISE,,,IC,Invest Cont,330,,,,300 S  OLIVE                        ST,,34.0519,-118.2506
241710242,06/10/2024 12:00:00 AM,06/10/2024 12:00:00 AM,0347,17,Devonshire,1767,2,354,THEFT OF IDENTITY,,42,X,X,502,"MULTI-UNIT DWELLING (APARTMENT, DUPLEX, ETC)",,,IC,Invest Cont,354,,,,18500    CITRONIA                     ST,,34.2455,-118.5361
241206332,02/09/2024 12:00:00 AM,02/07/2024 12:00:00 AM,2000,12,77th Street,1209,1,510,VEHICLE - STOLEN,,0,,,101,STREET,,,IC,Invest Cont,510,,,,4600 S  FIGUEROA                     ST,,34.0017,-118.2827
240311892,06/29/2024 12:00:00 AM,06/28/2024 12:00:00 AM,2145,03,Southwest,0338,2,745,VANDALISM - MISDEAMEANOR ($399 OR UNDER),0329 1251 1300 1822,21,F,B,122,"VEHICLE, PASSENGER/TRUCK",,,IC,Invest Cont,745,,,,1100 W  30TH                         ST,,34.0275,-118.2868
241607879,05/03/2024 12:00:00 AM,05/01/2024 12:00:00 AM,2000,16,Foothill,1663,1,236,INTIMATE PARTNER - AGGRAVATED ASSAULT,0913 2000 0416 1419 1402 1407,51,M,O,501,SINGLE FAMILY DWELLING,400,"STRONG-ARM (HANDS, FIST, FEET OR BODILY FORCE)",AO,Adult Other,236,998,,,8900    HADDON                       AV,,34.2314,-118.3973
241210823,04/27/2024 12:00:00 AM,04/27/2024 12:00:00 AM,1700,12,77th Street,1259,1,210,ROBBERY,1402 0916,0,X,X,101,STREET,400,"STRONG-ARM (HANDS, FIST, FEET OR BODILY FORCE)",JA,Juv Arrest,210,,,,76TH                         PL,WADSWORTH,33.9703,-118.2586
240705800,02/11/2024 12:00:00 AM,02/10/2024 12:00:00 AM,2100,07,Wilshire,0702,1,341,"THEFT-GRAND ($950.01 & OVER)EXCPT,GUNS,FOWL,LIVESTK,PROD",0344,40,F,W,406,OTHER STORE,,,IC,Invest Cont,341,,,,700 N  SPAULDING                    AV,,34.0837,-118.3574
241205254,01/21/2024 12:00:00 AM,01/20/2024 12:00:00 AM,2030,12,77th Street,1208,1,510,VEHICLE - STOLEN,,0,,,101,STREET,,,IC,Invest Cont,510,,,,4900 S  HOOVER                       ST,,33.9987,-118.2871
241710127,06/05/2024 12:00:00 AM,06/02/2024 12:00:00 AM,1936,17,Devonshire,1788,1,442,SHOPLIFTING - PETTY THEFT ($950 & UNDER),0325 0344 0202 1300,0,X,X,404,DEPARTMENT STORE,,,IC,Invest Cont,442,,,,8900    BALBOA                       BL,,34.2322,-118.5113
242108208,04/18/2024 12:00:00 AM,02/09/2024 12:00:00 AM,1201,21,Topanga,2143,1,442,SHOPLIFTING - PETTY THEFT ($950 & UNDER),0325 0378,50,M,W,404,DEPARTMENT STORE,,,AA,Adult Arrest,442,,,,6600    FALLBROOK                    AV,,34.1883,-118.6274
241704452,01/10/2024 12:00:00 AM,01/10/2024 12:00:00 AM,1020,17,Devonshire,1776,1,330,BURGLARY FROM VEHICLE,0344 1202,60,M,W,501,SINGLE FAMILY DWELLING,,,IC,Invest Cont,330,,,,9500    GERALD                       AV,,34.243,-118.4949
241507685,03/16/2024 12:00:00 AM,03/13/2024 12:00:00 AM,1200,15,N Hollywood,1599,1,420,THEFT FROM MOTOR VEHICLE - PETTY ($950 & UNDER),0344 1822 1300 1606,70,M,B,501,SINGLE FAMILY DWELLING,,,IC,Invest Cont,420,,,,7200    SUNNYDIP TRL,,34.1226,-118.3481
241913089,11/14/2024 12:00:00 AM,11/14/2024 12:00:00 AM,0430,19,Mission,1967,1,510,VEHICLE - STOLEN,,0,,,101,STREET,,,IC,Invest Cont,510,,,,9400    CANTERBURY                   AV,,34.2402,-118.4358
240910583,07/29/2024 12:00:00 AM,07/27/2024 12:00:00 AM,0620,09,Van Nuys,0994,2,354,THEFT OF IDENTITY,0930,31,F,C,501,SINGLE FAMILY DWELLING,,,IC,Invest Cont,354,,,,4000    WESLIN                       AV,,34.1416,-118.4311
241606613,03/23/2024 12:00:00 AM,03/23/2024 12:00:00 AM,2330,16,Foothill,1622,2,626,INTIMATE PARTNER - SIMPLE ASSAULT,1814 2000 0913 0319 0400 0416,31,F,H,122,"VEHICLE, PASSENGER/TRUCK",400,"STRONG-ARM (HANDS, FIST, FEET OR BODILY FORCE)",IC,Invest Cont,626,,,,SAN FERNANDO,PAXTON,34.272,-118.4284
242007223,03/14/2024 12:00:00 AM,03/13/2024 12:00:00 AM,1800,20,Olympic,2055,2,740,"VANDALISM - FELONY ($400 & OVER, ALL CHURCH VANDALISMS)",0329 1307 1822,23,F,A,101,STREET,,,IC,Invest Cont,740,,,,1000 S  KENMORE                      AV,,34.0527,-118.2968
241208367,03/15/2024 12:00:00 AM,03/14/2024 12:00:00 AM,2130,12,77th Street,1245,1,510,VEHICLE - STOLEN,,0,,,101,STREET,,,IC,Invest Cont,510,,,,1500 W  GAGE                         AV,,33.9824,-118.3024
242010253,07/16/2024 12:00:00 AM,06/19/2024 12:00:00 AM,1201,20,Olympic,2045,2,354,THEFT OF IDENTITY,1822 0344 0100 0922 0930 0929,51,M,K,502,"MULTI-UNIT DWELLING (APARTMENT, DUPLEX, ETC)",,,IC,Invest Cont,354,,,,800    FEDORA                       ST,,34.0571,-118.2976
240707006,03/12/2024 12:00:00 AM,03/11/2024 12:00:00 AM,1345,07,Wilshire,0702,1,440,THEFT PLAIN - PETTY ($950 & UNDER),0344 1822 0910,25,M,O,801,MTA BUS,,,IC,Invest Cont,440,,,,MELROSE                      AV,FAIRFAX                      AV,34.0838,-118.3614
240310445,05/12/2024 12:00:00 AM,05/11/2024 12:00:00 AM,1220,03,Southwest,0376,1,230,"ASSAULT WITH DEADLY WEAPON, AGGRAVATED ASSAULT",1822 1407 1100 0430 1310 0329,27,M,H,101,STREET,102,HAND GUN,IC,Invest Cont,230,,,,37TH,HARVARD                      BL,34.0145,-118.3045
240308618,04/01/2024 12:00:00 AM,03/22/2024 12:00:00 AM,1600,03,Southwest,0334,1,236,INTIMATE PARTNER - AGGRAVATED ASSAULT,1276 1814 2000 0913 0417,27,F,H,502,"MULTI-UNIT DWELLING (APARTMENT, DUPLEX, ETC)",400,"STRONG-ARM (HANDS, FIST, FEET OR BODILY FORCE)",IC,Invest Cont,236,,,,3400 S  NORTON                       AV,,34.0256,-118.3327
242108263,04/21/2024 12:00:00 AM,04/21/2024 12:00:00 AM,0800,21,Topanga,2158,2,901,VIOLATION OF RESTRAINING ORDER,2000 1814 2038,34,F,W,502,"MULTI-UNIT DWELLING (APARTMENT, DUPLEX, ETC)",,,AO,Adult Other,901,,,,6100    DE SOTO                      AV,,34.1818,-118.5904
240407062,04/18/2024 12:00:00 AM,04/17/2024 12:00:00 AM,1615,04,Hollenbeck,0469,1,420,THEFT FROM MOTOR VEHICLE - PETTY ($950 & UNDER),,0,,,101,STREET,,,IC,Invest Cont,420,,,,3400 E  2ND                          ST,,34.0354,-118.1961
241706570,03/03/2024 12:00:00 AM,03/02/2024 12:00:00 AM,2100,17,Devonshire,1725,2,745,VANDALISM - MISDEAMEANOR ($399 OR UNDER),1609 0321 0329 1202,69,M,W,101,STREET,,,IC,Invest Cont,745,,,,10900    SEGURO                       DR,,34.2683,-118.5617
240121014,11/11/2024 12:00:00 AM,11/11/2024 12:00:00 AM,0625,01,Central,0132,2,888,TRESPASSING,0910,0,X,X,135,MTA PROPERTY OR PARKING LOT,,,IC,Invest Cont,888,,,,200 S  HOPE                         ST,,34.0549,-118.2511
241213409,07/12/2024 12:00:00 AM,07/12/2024 12:00:00 AM,0710,12,77th Street,1267,1,420,THEFT FROM MOTOR VEHICLE - PETTY ($950 & UNDER),,0,,,101,STREET,,,IC,Invest Cont,420,,,,900 W  84TH                         ST,,33.9624,-118.2895
241808540,04/08/2024 12:00:00 AM,04/08/2024 12:00:00 AM,0640,18,Southeast,1841,2,822,HUMAN TRAFFICKING - COMMERCIAL SEX ACTS,1259 1402 0943,15,F,B,101,STREET,,,IC,Invest Cont,822,998,,,109TH                        ST,FIGUEROA,33.9374,-118.2826
240612781,10/21/2024 12:00:00 AM,10/10/2024 12:00:00 AM,2100,06,Hollywood,0625,1,330,BURGLARY FROM VEHICLE,1501 1822 0344 1300,33,F,W,101,STREET,,,IC,Invest Cont,330,,,,6900    LA PRESA                     DR,,34.1091,-118.3401
242104702,01/16/2024 12:00:00 AM,01/14/2024 12:00:00 AM,1436,21,Topanga,2156,1,442,SHOPLIFTING - PETTY THEFT ($950 & UNDER),0325 0352 2028,0,M,W,404,DEPARTMENT STORE,,,AO,Adult Other,442,,,,21900    VANOWEN                      ST,,34.1938,-118.6044
241712065,08/15/2024 12:00:00 AM,08/13/2024 12:00:00 AM,1500,17,Devonshire,1794,1,331,THEFT FROM MOTOR VEHICLE - GRAND ($950.01 AND OVER),0344 0385 1202,68,F,H,101,STREET,,,IC,Invest Cont,331,,,,8500    GARDEN GROVE                 AV,,34.2246,-118.5295
241107347,04/10/2024 12:00:00 AM,04/08/2024 12:00:00 AM,1740,11,Northeast,1199,1,330,BURGLARY FROM VEHICLE,0344 1307,56,M,H,101,STREET,,,IC,Invest Cont,330,,,,1800    BOUETT                       ST,,34.0778,-118.2358
240907247,03/26/2024 12:00:00 AM,03/25/2024 12:00:00 AM,1700,09,Van Nuys,0969,1,510,VEHICLE - STOLEN,,0,,,101,STREET,,,IC,Invest Cont,510,,,,13000    CHANDLER                     BL,,34.1683,-118.4159
241010227,07/29/2024 12:00:00 AM,07/29/2024 12:00:00 AM,0600,10,West Valley,1078,2,354,THEFT OF IDENTITY,1822 0929,47,M,W,501,SINGLE FAMILY DWELLING,,,IC,Invest Cont,354,,,,5100    OTSEGO                       CT,,34.1634,-118.4993
240309203,04/15/2024 12:00:00 AM,04/15/2024 12:00:00 AM,0208,03,Southwest,0313,2,745,VANDALISM - MISDEAMEANOR ($399 OR UNDER),0329 1822,57,F,H,501,SINGLE FAMILY DWELLING,,,AO,Adult Other,745,,,,2500 S  BRONSON                      AV,,34.0344,-118.3327
240907418,03/31/2024 12:00:00 AM,03/29/2024 12:00:00 AM,2000,09,Van Nuys,0933,1,330,BURGLARY FROM VEHICLE,1307 1300 0321 0344 0358,60,M,H,101,STREET,,,IC,Invest Cont,330,,,,14800    DELANO                       ST,,34.1827,-118.4553
241605560,02/21/2024 12:00:00 AM,02/20/2024 12:00:00 AM,2000,16,Foothill,1659,1,510,VEHICLE - STOLEN,,0,,,101,STREET,,,IC,Invest Cont,510,,,,9700    PALI                         AV,,34.2433,-118.2704
240805886,02/15/2024 12:00:00 AM,02/12/2024 12:00:00 AM,2145,08,West LA,0889,1,442,SHOPLIFTING - PETTY THEFT ($950 & UNDER),2028 1822 1420 0325,0,X,X,203,OTHER BUSINESS,,,IC,Invest Cont,442,,,,1800    LA CIENEGA                   BL,,34.0425,-118.3818
241907713,04/10/2024 12:00:00 AM,04/10/2024 12:00:00 AM,2300,19,Mission,1902,2,626,INTIMATE PARTNER - SIMPLE ASSAULT,1813 2000 0913 1814 0416,43,M,H,501,SINGLE FAMILY DWELLING,400,"STRONG-ARM (HANDS, FIST, FEET OR BODILY FORCE)",AO,Adult Other,626,,,,14300    FOOTHILL                     BL,,34.3192,-118.4455
241006276,03/03/2024 12:00:00 AM,03/03/2024 12:00:00 AM,1940,10,West Valley,1088,1,442,SHOPLIFTING - PETTY THEFT ($950 & UNDER),0325 1822 0344,0,M,O,406,OTHER STORE,,,IC,Invest Cont,442,,,,16100    VENTURA                      BL,,34.1564,-118.4837
240611881,09/14/2024 12:00:00 AM,09/12/2024 12:00:00 AM,2300,06,Hollywood,0667,2,740,"VANDALISM - FELONY ($400 & OVER, ALL CHURCH VANDALISMS)",0329 1822 1300,31,M,H,101,STREET,500,UNKNOWN WEAPON/OTHER WEAPON,IC,Invest Cont,740,,,,1400    GORDON                       ST,,34.0962,-118.3201
241213346,07/10/2024 12:00:00 AM,07/10/2024 12:00:00 AM,0600,12,77th Street,1211,1,510,VEHICLE - STOLEN,,0,,,101,STREET,,,IC,Invest Cont,510,,,,5100    WEST                         BL,,33.992,-118.3355
240121327,11/17/2024 12:00:00 AM,11/16/2024 12:00:00 AM,2155,01,Central,0118,1,352,PICKPOCKET,0344,32,M,W,735,NIGHT CLUB (OPEN EVENINGS ONLY),,,IC,Invest Cont,352,,,,1700    NAUD                         ST,,34.0686,-118.2266
240111213,05/08/2024 12:00:00 AM,05/08/2024 12:00:00 AM,2200,01,Central,0119,2,860,BATTERY WITH SEXUAL CONTACT,0503 0522,18,M,W,124,BUS STOP,400,"STRONG-ARM (HANDS, FIST, FEET OR BODILY FORCE)",IC,Invest Cont,860,,,,800 N  ALAMEDA                      ST,,34.0561,-118.2375
240411134,10/29/2024 12:00:00 AM,10/01/2024 12:00:00 AM,1200,04,Hollenbeck,0443,1,420,THEFT FROM MOTOR VEHICLE - PETTY ($950 & UNDER),,0,,,101,STREET,,,IC,Invest Cont,420,,,,1500    SAN PABLO                    ST,,34.0624,-118.2031
241414709,11/02/2024 12:00:00 AM,11/02/2024 12:00:00 AM,0900,14,Pacific,1469,1,442,SHOPLIFTING - PETTY THEFT ($950 & UNDER),0344 1822,0,X,X,402,MARKET,,,IC,Invest Cont,442,,,,6800    LA CIENEGA                   BL,,33.9761,-118.3726
241109005,06/29/2024 12:00:00 AM,06/26/2024 12:00:00 AM,0141,11,Northeast,1177,2,740,"VANDALISM - FELONY ($400 & OVER, ALL CHURCH VANDALISMS)",0329,0,X,X,243,"DIY CENTER (LOWE'S,HOME DEPOT,OSH,CONTRACTORS WAREHOUSE)",,,IC,Invest Cont,740,,,,2000 N  FIGUEROA                     ST,,34.0884,-118.2258
240205752,02/02/2024 12:00:00 AM,01/31/2024 12:00:00 AM,2230,02,Rampart,0275,1,510,VEHICLE - STOLEN,,0,,,101,STREET,,,IC,Invest Cont,510,,,,JAMES M WOOD                 BL,BURLINGTON                   AV,34.0519,-118.2755
240812638,12/20/2024 12:00:00 AM,12/13/2024 12:00:00 AM,1317,08,West LA,0832,1,440,THEFT PLAIN - PETTY ($950 & UNDER),0394,35,M,W,502,"MULTI-UNIT DWELLING (APARTMENT, DUPLEX, ETC)",,,IC,Invest Cont,440,,,,1000 S  BARRINGTON                   AV,,34.0518,-118.4634
242000514,01/07/2024 12:00:00 AM,01/06/2024 12:00:00 AM,2320,20,Olympic,2015,1,210,ROBBERY,1822 1309 1402 0302 0370 0344 0342 0334,31,M,O,101,STREET,102,HAND GUN,AO,Adult Other,210,998,,,BEVERLY,KINGSLEY,34.0745,-118.296
240209557,05/05/2024 12:00:00 AM,05/05/2024 12:00:00 AM,0620,02,Rampart,0246,2,888,TRESPASSING,0910,0,X,X,904,MTA - RED LINE - WESTLAKE/MACARTHUR PARK,,,IC,Invest Cont,888,,,,600 S  ALVARADO                     ST,,34.0595,-118.2749
240208123,03/20/2024 12:00:00 AM,02/27/2024 12:00:00 AM,1200,02,Rampart,0238,1,121,"RAPE, FORCIBLE",0516 0527 0532 0913 1817,0,F,B,501,SINGLE FAMILY DWELLING,400,"STRONG-ARM (HANDS, FIST, FEET OR BODILY FORCE)",AO,Adult Other,121,,,,1300    ANGELINA                     ST,,34.0648,-118.2559
241412743,09/01/2024 12:00:00 AM,08/31/2024 12:00:00 AM,1320,14,Pacific,1494,1,440,THEFT PLAIN - PETTY ($950 & UNDER),1822 0344,29,M,B,212,TRANSPORTATION FACILITY (AIRPORT),500,UNKNOWN WEAPON/OTHER WEAPON,IC,Invest Cont,440,,,,300    WORLD                        WY,,33.9455,-118.4001
242108101,04/16/2024 12:00:00 AM,04/14/2024 12:00:00 AM,1430,21,Topanga,2131,2,354,THEFT OF IDENTITY,0930,66,M,W,501,SINGLE FAMILY DWELLING,,,IC,Invest Cont,354,,,,24400    FIELDMONT                    PL,,34.2019,-118.6564
240612020,09/19/2024 12:00:00 AM,08/21/2024 12:00:00 AM,1205,06,Hollywood,0622,2,354,THEFT OF IDENTITY,1501,54,M,W,501,SINGLE FAMILY DWELLING,,,IC,Invest Cont,354,,,,1800 N  STANLEY                      AV,,34.1029,-118.3568
241604524,01/18/2024 12:00:00 AM,01/18/2024 12:00:00 AM,0545,16,Foothill,1698,1,510,VEHICLE - STOLEN,,0,,,101,STREET,,,IC,Invest Cont,510,,,,7800    SANCOLA                      AV,,34.2124,-118.3542
241509356,04/21/2024 12:00:00 AM,04/10/2024 12:00:00 AM,1030,15,N Hollywood,1506,1,121,"RAPE, FORCIBLE",0501 0527 0537 2004 0913 0500,25,F,H,501,SINGLE FAMILY DWELLING,400,"STRONG-ARM (HANDS, FIST, FEET OR BODILY FORCE)",AO,Adult Other,121,,,,7300    TUJUNGA                      AV,,34.203,-118.379
241206924,02/20/2024 12:00:00 AM,02/18/2024 12:00:00 AM,2200,12,77th Street,1231,1,510,VEHICLE - STOLEN,,0,,,101,STREET,,,IC,Invest Cont,510,,,,4000 W  SLAUSON                      AV,,33.9889,-118.344
241408177,03/29/2024 12:00:00 AM,03/26/2024 12:00:00 AM,2350,14,Pacific,1494,1,341,"THEFT-GRAND ($950.01 & OVER)EXCPT,GUNS,FOWL,LIVESTK,PROD",1822 0344,36,M,B,212,TRANSPORTATION FACILITY (AIRPORT),500,UNKNOWN WEAPON/OTHER WEAPON,IC,Invest Cont,341,,,,100    WORLD                        WY,,33.9455,-118.4004
241204838,01/14/2024 12:00:00 AM,01/11/2024 12:00:00 AM,2100,12,77th Street,1263,1,510,VEHICLE - STOLEN,,0,,,101,STREET,,,IC,Invest Cont,510,,,,1700 W  85TH                         ST,,33.9609,-118.3068
240605214,01/21/2024 12:00:00 AM,01/21/2024 12:00:00 AM,0130,06,Hollywood,0646,1,341,"THEFT-GRAND ($950.01 & OVER)EXCPT,GUNS,FOWL,LIVESTK,PROD",1822 0344,46,M,W,503,HOTEL,,,IC,Invest Cont,341,,,,6500    SELMA                        AV,,34.0998,-118.331
240504088,01/03/2024 12:00:00 AM,01/03/2024 12:00:00 AM,0735,05,Harbor,0564,2,624,BATTERY - SIMPLE ASSAULT,0444 1822 0355,22,F,H,203,OTHER BUSINESS,400,"STRONG-ARM (HANDS, FIST, FEET OR BODILY FORCE)",IC,Invest Cont,624,,,,200 W  6TH                          ST,,33.7387,-118.2814
240700560,02/10/2024 12:00:00 AM,02/10/2024 12:00:00 AM,0100,07,Wilshire,0779,1,330,BURGLARY FROM VEHICLE,0342 1822 0344 0358 1402,65,M,H,101,STREET,,,JA,Juv Arrest,330,998,,,WASHINGTON                   BL,4TH                          AV,34.0399,-118.3213
241907503,04/05/2024 12:00:00 AM,03/24/2024 12:00:00 AM,1200,19,Mission,1912,1,310,BURGLARY,1202 0344 0321 1607,68,M,O,501,SINGLE FAMILY DWELLING,,,IC,Invest Cont,310,,,,16000    YARNELL                      ST,,34.3209,-118.4793
242012979,10/29/2024 12:00:00 AM,10/28/2024 12:00:00 AM,1215,20,Olympic,2036,2,354,THEFT OF IDENTITY,0100 0930 1822,36,M,H,502,"MULTI-UNIT DWELLING (APARTMENT, DUPLEX, ETC)",,,IC,Invest Cont,354,,,,600 S  NEW HAMPSHIRE                AV,,34.0579,-118.2929
241306323,02/19/2024 12:00:00 AM,02/18/2024 12:00:00 AM,1530,13,Newton,1313,2,626,INTIMATE PARTNER - SIMPLE ASSAULT,2000 0913 0400 1813,35,M,H,501,SINGLE FAMILY DWELLING,400,"STRONG-ARM (HANDS, FIST, FEET OR BODILY FORCE)",AO,Adult Other,626,,,,400 E  20TH                         ST,,34.0286,-118.2622
241912477,10/20/2024 12:00:00 AM,10/19/2024 12:00:00 AM,1800,19,Mission,1916,1,510,VEHICLE - STOLEN,,0,,,101,STREET,,,IC,Invest Cont,510,,,,ASTORIA                      ST,BORDEN                       AV,34.3075,-118.4432
240904702,01/21/2024 12:00:00 AM,01/18/2024 12:00:00 AM,1430,09,Van Nuys,0905,1,520,VEHICLE - ATTEMPT STOLEN,1302 1307 1822,30,F,W,101,STREET,,,IC,Invest Cont,520,,,,7400    KESTER                       AV,,34.2048,-118.4575
240309936,04/30/2024 12:00:00 AM,04/27/2024 12:00:00 AM,1600,03,Southwest,0362,1,420,THEFT FROM MOTOR VEHICLE - PETTY ($950 & UNDER),,0,,,101,STREET,,,IC,Invest Cont,420,,,,SANTA ROSALIA,STOCKER,34.017,-118.3477
241906975,03/20/2024 12:00:00 AM,03/19/2024 12:00:00 AM,2030,19,Mission,1907,1,510,VEHICLE - STOLEN,,0,,,101,STREET,,,IC,Invest Cont,510,,,,12900    MACNEIL                      ST,,34.3011,-118.4152
241310264,06/13/2024 12:00:00 AM,05/28/2024 12:00:00 AM,0430,13,Newton,1309,1,341,"THEFT-GRAND ($950.01 & OVER)EXCPT,GUNS,FOWL,LIVESTK,PROD",0344,0,M,W,101,STREET,,,IC,Invest Cont,341,,,,1300    MATEO                        ST,,34.0287,-118.2322
241307928,03/29/2024 12:00:00 AM,03/29/2024 12:00:00 AM,1115,13,Newton,1352,1,231,ASSAULT WITH DEADLY WEAPON ON POLICE OFFICER,1309 1822 2004 1212 0416,0,M,H,104,DRIVEWAY,122,HECKLER & KOCH 93 SEMIAUTOMATIC ASSAULT RIFLE,IC,Invest Cont,231,,,,200 E  46TH                         ST,,34.002,-118.2718
242006197,02/21/2024 12:00:00 AM,02/21/2024 12:00:00 AM,1915,20,Olympic,2019,1,230,"ASSAULT WITH DEADLY WEAPON, AGGRAVATED ASSAULT",1822 0407 1202 0447,63,M,H,101,STREET,510,SCALDING LIQUID,IC,Invest Cont,230,,,,100 N  WESTMORELAND                 AV,,34.0735,-118.2879
241216478,10/24/2024 12:00:00 AM,10/23/2024 12:00:00 AM,1952,12,77th Street,1218,1,510,VEHICLE - STOLEN,,0,,,101,STREET,,,IC,Invest Cont,510,,,,500 W  57TH                         ST,,33.9906,-118.2827
240812618,12/18/2024 12:00:00 AM,12/16/2024 12:00:00 AM,0725,08,West LA,0881,1,440,THEFT PLAIN - PETTY ($950 & UNDER),0344 1822,41,F,W,212,TRANSPORTATION FACILITY (AIRPORT),,,IC,Invest Cont,440,,,,2000 S  WESTGATE                     AV,,34.0354,-118.4532
241905192,02/01/2024 12:00:00 AM,01/30/2024 12:00:00 AM,0530,19,Mission,1998,2,740,"VANDALISM - FELONY ($400 & OVER, ALL CHURCH VANDALISMS)",0329 1300 1822,44,M,A,101,STREET,,,IC,Invest Cont,740,,,,14100    ROSCOE                       BL,,34.2216,-118.4402
240607906,03/27/2024 12:00:00 AM,03/26/2024 12:00:00 AM,2115,06,Hollywood,0638,1,420,THEFT FROM MOTOR VEHICLE - PETTY ($950 & UNDER),1501 1822 0344 1300,23,F,C,707,GARAGE/CARPORT,,,IC,Invest Cont,420,,,,1700 N  WESTERN                      AV,,34.1038,-118.3151
241806817,03/01/2024 12:00:00 AM,03/01/2024 12:00:00 AM,0027,18,Southeast,1864,1,520,VEHICLE - ATTEMPT STOLEN,1822 1300 1607 0216 0213,28,M,H,104,DRIVEWAY,109,SEMI-AUTOMATIC PISTOL,IC,Invest Cont,520,,,,900 E  116TH                        ST,,33.9292,-118.2586
241406746,02/29/2024 12:00:00 AM,02/28/2024 12:00:00 AM,1900,14,Pacific,1431,1,510,VEHICLE - STOLEN,,0,,,101,STREET,,,IC,Invest Cont,510,,,,00    20TH                         AV,,33.9852,-118.4711
240605697,02/03/2024 12:00:00 AM,02/03/2024 12:00:00 AM,0130,06,Hollywood,0636,1,310,BURGLARY,1822 0329 1607 0344,0,X,X,203,OTHER BUSINESS,500,UNKNOWN WEAPON/OTHER WEAPON,IC,Invest Cont,310,,,,1800 N  CAHUENGA                     BL,,34.1039,-118.3297
240207032,02/29/2024 12:00:00 AM,02/29/2024 12:00:00 AM,0410,02,Rampart,0204,1,310,BURGLARY,1822 0315 0344 1607,0,X,X,502,"MULTI-UNIT DWELLING (APARTMENT, DUPLEX, ETC)",,,IC,Invest Cont,310,,,,400 N  HOOVER                       ST,,34.0782,-118.2844
240509218,05/28/2024 12:00:00 AM,05/27/2024 12:00:00 AM,2200,05,Harbor,0541,2,745,VANDALISM - MISDEAMEANOR ($399 OR UNDER),0329,42,F,H,122,"VEHICLE, PASSENGER/TRUCK",,,IC,Invest Cont,745,,,,900 W  BATTERY                      ST,,33.7547,-118.2967
241708349,04/14/2024 12:00:00 AM,04/14/2024 12:00:00 AM,2200,17,Devonshire,1793,2,626,INTIMATE PARTNER - SIMPLE ASSAULT,2000 0416,42,F,H,502,"MULTI-UNIT DWELLING (APARTMENT, DUPLEX, ETC)",400,"STRONG-ARM (HANDS, FIST, FEET OR BODILY FORCE)",IC,Invest Cont,626,,,,8600    WYSTONE                      AV,,34.2264,-118.5471
241611398,11/17/2024 12:00:00 AM,11/14/2024 12:00:00 AM,1700,16,Foothill,1677,1,420,THEFT FROM MOTOR VEHICLE - PETTY ($950 & UNDER),0344,66,M,B,101,STREET,,,IC,Invest Cont,420,,,,7600    GLENCREST                    DR,,34.2107,-118.3447
240108721,03/08/2024 12:00:00 AM,03/08/2024 12:00:00 AM,1035,01,Central,0111,1,210,ROBBERY,0400 0443 0330 0916,28,M,H,101,STREET,400,"STRONG-ARM (HANDS, FIST, FEET OR BODILY FORCE)",IC,Invest Cont,210,,,,COLLEGE                      ST,YALE                         ST,34.0649,-118.24
241813877,08/23/2024 12:00:00 AM,08/15/2024 12:00:00 AM,1855,18,Southeast,1826,1,440,THEFT PLAIN - PETTY ($950 & UNDER),2048 0344 1822 0910 2050 2052,67,F,H,126,"TRAIN, OTHER THAN MTA (ALSO QUERY 809/810/811)",,,IC,Invest Cont,440,,,,E  103RD,GRANDEE                      AV,33.9432,-118.2435
241009896,07/12/2024 12:00:00 AM,07/07/2024 12:00:00 AM,2105,10,West Valley,1045,1,341,"THEFT-GRAND ($950.01 & OVER)EXCPT,GUNS,FOWL,LIVESTK,PROD",0344 1822 0352,42,M,B,222,LAUNDROMAT,,,IC,Invest Cont,341,,,,5700    ETIWANDA                     AV,,34.1749,-118.5308
241906434,03/04/2024 12:00:00 AM,01/08/2024 12:00:00 AM,2300,19,Mission,1982,2,946,OTHER MISCELLANEOUS CRIME,1906 0911,28,F,H,502,"MULTI-UNIT DWELLING (APARTMENT, DUPLEX, ETC)",,,IC,Invest Cont,946,,,,15100    PARTHENIA                    ST,,34.2301,-118.4633
240904542,01/17/2024 12:00:00 AM,01/17/2024 12:00:00 AM,0001,09,Van Nuys,0941,1,330,BURGLARY FROM VEHICLE,0358 0344 1300 1307,29,M,H,101,STREET,,,IC,Invest Cont,330,,,,VAN NUYS                     BL,OXNARD                       ST,34.1794,-118.4487
241407211,03/11/2024 12:00:00 AM,03/11/2024 12:00:00 AM,0730,14,Pacific,1427,1,440,THEFT PLAIN - PETTY ($950 & UNDER),0344 0325 1501 0315,0,X,X,403,DRUG STORE,,,IC,Invest Cont,440,,,,3400 S  SEPULVEDA                    BL,,34.0212,-118.4238
240907376,03/28/2024 12:00:00 AM,03/28/2024 12:00:00 AM,1915,09,Van Nuys,0926,1,230,"ASSAULT WITH DEADLY WEAPON, AGGRAVATED ASSAULT",1300 1223 0329 1309 0202 1822 0416,35,M,X,108,PARKING LOT,307,VEHICLE,AA,Adult Arrest,230,,,,6700    VAN NUYS                     BL,,34.1903,-118.4399
240808373,05/13/2024 12:00:00 AM,05/09/2024 12:00:00 AM,2045,08,West LA,0839,1,343,SHOPLIFTING-GRAND THEFT ($950.01 & OVER),0325 0344 0404 1420,0,X,X,203,OTHER BUSINESS,,,IC,Invest Cont,343,,,,10200    SANTA MONICA                 BL,,34.0611,-118.4184
241805416,01/30/2024 12:00:00 AM,01/30/2024 12:00:00 AM,1035,18,Southeast,1861,2,740,"VANDALISM - FELONY ($400 & OVER, ALL CHURCH VANDALISMS)",0913 1202 0329 1300 0562,63,F,B,122,"VEHICLE, PASSENGER/TRUCK",,,IC,Invest Cont,740,,,,11700 S  FIGUEROA                     ST,,33.9274,-118.2871
242010934,08/21/2024 12:00:00 AM,08/21/2024 12:00:00 AM,1440,20,Olympic,2024,2,888,TRESPASSING,0910 1822,0,X,X,922,MTA - PURPLE LINE - WILSHIRE/WESTERN,,,IC,Invest Cont,888,,,,3700    WILSHIRE                     BL,,34.0636,-118.3047
241708492,04/18/2024 12:00:00 AM,04/08/2024 12:00:00 AM,1536,17,Devonshire,1788,1,442,SHOPLIFTING - PETTY THEFT ($950 & UNDER),0325,0,X,X,404,DEPARTMENT STORE,,,IC,Invest Cont,442,,,,8900    BALBOA                       BL,,34.2322,-118.5113
241814863,11/23/2024 12:00:00 AM,11/20/2024 12:00:00 AM,2100,18,Southeast,1822,1,420,THEFT FROM MOTOR VEHICLE - PETTY ($950 & UNDER),,0,,,101,STREET,,,IC,Invest Cont,420,,,,MAIN                         ST,98TH                         ST,33.9472,-118.2739
242012637,10/18/2024 12:00:00 AM,10/18/2024 12:00:00 AM,0850,20,Olympic,2004,1,230,"ASSAULT WITH DEADLY WEAPON, AGGRAVATED ASSAULT",0910 1251 1259 0445 0449 1822 2049 2051,17,F,B,801,MTA BUS,302,BLUNT INSTRUMENT,IC,Invest Cont,230,,,,400 N  WESTERN                      AV,,34.0779,-118.3092
240104184,01/03/2024 12:00:00 AM,01/03/2024 12:00:00 AM,1445,01,Central,0182,1,210,ROBBERY,0334 0302 0355 0337 1309 1822,21,M,H,301,GAS STATION,102,HAND GUN,IC,Invest Cont,210,,,,500 W  OLYMPIC                      BL,,34.043,-118.2606
241810875,06/23/2024 12:00:00 AM,06/22/2024 12:00:00 AM,1200,18,Southeast,1823,1,420,THEFT FROM MOTOR VEHICLE - PETTY ($950 & UNDER),,0,,,101,STREET,,,IC,Invest Cont,420,,,,9800 S  SAN PEDRO                    ST,,33.9473,-118.2695
240609880,06/14/2024 12:00:00 AM,06/13/2024 12:00:00 AM,1840,06,Hollywood,0657,2,740,"VANDALISM - FELONY ($400 & OVER, ALL CHURCH VANDALISMS)",1822 1300 0329 1501,24,F,H,502,"MULTI-UNIT DWELLING (APARTMENT, DUPLEX, ETC)",,,IC,Invest Cont,740,,,,1000 N  WILTON                       PL,,34.0885,-118.3136
240307195,02/25/2024 12:00:00 AM,02/23/2024 12:00:00 AM,1630,03,Southwest,0358,1,480,BIKE - STOLEN,1251 1822 0344 0329,24,M,W,722,COLLEGE/JUNIOR COLLEGE/UNIVERSITY,,,IC,Invest Cont,480,,,,800    BLOOM                        WK,,34.0187,-118.2862
242106885,03/14/2024 12:00:00 AM,03/14/2024 12:00:00 AM,2040,21,Topanga,2156,1,210,ROBBERY,0945 1402 0325 0416 2004 1420 1822,0,M,W,404,DEPARTMENT STORE,400,"STRONG-ARM (HANDS, FIST, FEET OR BODILY FORCE)",AA,Adult Arrest,210,998,,,21900    VANOWEN                      ST,,34.1938,-118.6044
240809055,06/17/2024 12:00:00 AM,06/16/2024 12:00:00 AM,2100,08,West LA,0892,1,330,BURGLARY FROM VEHICLE,0344,27,F,H,707,GARAGE/CARPORT,,,IC,Invest Cont,330,,,,2400 S  BARRINGTON                   AV,,34.0316,-118.4457
241608997,06/25/2024 12:00:00 AM,06/19/2024 12:00:00 AM,1300,16,Foothill,1638,1,341,"THEFT-GRAND ($950.01 & OVER)EXCPT,GUNS,FOWL,LIVESTK,PROD",0344 0394,23,F,O,501,SINGLE FAMILY DWELLING,,,IC,Invest Cont,341,,,,7100    SUMMITROSE                   ST,,34.2595,-118.2857
240107008,02/12/2024 12:00:00 AM,02/02/2024 12:00:00 AM,1110,01,Central,0105,1,310,BURGLARY,0354,0,X,X,203,OTHER BUSINESS,,,IC,Invest Cont,310,,,,600    AMADOR                       ST,,34.0736,-118.2315
241007894,04/17/2024 12:00:00 AM,04/17/2024 12:00:00 AM,1015,10,West Valley,1027,2,626,INTIMATE PARTNER - SIMPLE ASSAULT,0448 0913 1814 0400 1202 2000 2021,69,F,W,501,SINGLE FAMILY DWELLING,400,"STRONG-ARM (HANDS, FIST, FEET OR BODILY FORCE)",IC,Invest Cont,626,,,,6900    AMESTOY                      AV,,34.196,-118.5055
241407411,03/14/2024 12:00:00 AM,01/25/2024 12:00:00 AM,1628,14,Pacific,1437,2,662,"BUNCO, GRAND THEFT",0701,62,M,H,502,"MULTI-UNIT DWELLING (APARTMENT, DUPLEX, ETC)",,,IC,Invest Cont,662,,,,3700 S  BENTLEY                      AV,,34.0156,-118.4173
240710587,08/09/2024 12:00:00 AM,08/06/2024 12:00:00 AM,0810,07,Wilshire,0706,1,310,BURGLARY,0358 0344 1822,49,M,A,710,OTHER PREMISE,,,IC,Invest Cont,310,,,,700 N  MANSFIELD                    AV,,34.0835,-118.3406
240607983,03/29/2024 12:00:00 AM,03/28/2024 12:00:00 AM,1930,06,Hollywood,0631,2,740,"VANDALISM - FELONY ($400 & OVER, ALL CHURCH VANDALISMS)",0329 1822 0603,49,M,O,121,YARD (RESIDENTIAL/BUSINESS),,,IC,Invest Cont,740,,,,8900    EVANVIEW                     DR,,34.0993,-118.3817
240305691,01/29/2024 12:00:00 AM,01/29/2024 12:00:00 AM,1255,03,Southwest,0336,2,901,VIOLATION OF RESTRAINING ORDER,0603 0913 2038 1202,74,M,B,102,SIDEWALK,,,IC,Invest Cont,901,,,,3100 S  ST ANDREWS                   PL,,34.0265,-118.312
241704956,01/24/2024 12:00:00 AM,01/23/2024 12:00:00 AM,2230,17,Devonshire,1795,1,510,VEHICLE - STOLEN,,0,,,101,STREET,,,IC,Invest Cont,510,,,,17200    ROSCOE                       BL,,34.2248,-118.5151
240214684,09/10/2024 12:00:00 AM,09/10/2024 12:00:00 AM,1635,02,Rampart,0256,1,442,SHOPLIFTING - PETTY THEFT ($950 & UNDER),0344 1822 2004 0325 0104,0,M,W,407,HARDWARE/BUILDING SUPPLY,,,IC,Invest Cont,442,,,,1600    WILSHIRE                     BL,,34.0554,-118.2702
241010936,09/09/2024 12:00:00 AM,09/08/2024 12:00:00 AM,2300,10,West Valley,1004,1,330,BURGLARY FROM VEHICLE,1300 1822 0344,27,M,W,101,STREET,,,IC,Invest Cont,330,,,,7600    ETIWANDA                     AV,,34.2084,-118.5317
241607227,04/13/2024 12:00:00 AM,02/12/2024 12:00:00 AM,0920,16,Foothill,1654,2,956,"LETTERS, LEWD  -  TELEPHONE CALLS, LEWD",1906,58,F,O,501,SINGLE FAMILY DWELLING,,,IC,Invest Cont,956,,,,12400    MONTAGUE                     ST,,34.2535,-118.4032
240905976,02/24/2024 12:00:00 AM,02/23/2024 12:00:00 AM,2000,09,Van Nuys,0939,1,420,THEFT FROM MOTOR VEHICLE - PETTY ($950 & UNDER),,0,,,101,STREET,,,IC,Invest Cont,420,,,,6200    COLDWATER CANYON             AV,,34.1781,-118.4179
240806940,03/12/2024 12:00:00 AM,03/11/2024 12:00:00 AM,0649,08,West LA,0817,2,745,VANDALISM - MISDEAMEANOR ($399 OR UNDER),0329,0,X,X,102,SIDEWALK,,,IC,Invest Cont,745,,,,1000    HILGARD                      AV,,34.0617,-118.4446
240116524,08/10/2024 12:00:00 AM,08/10/2024 12:00:00 AM,1711,01,Central,0161,1,442,SHOPLIFTING - PETTY THEFT ($950 & UNDER),0325 0344,22,M,H,404,DEPARTMENT STORE,,,IC,Invest Cont,442,,,,700 S  FIGUEROA                     ST,,34.0483,-118.2631
242007468,03/19/2024 12:00:00 AM,03/19/2024 12:00:00 AM,1915,20,Olympic,2016,2,624,BATTERY - SIMPLE ASSAULT,1310 1278 1822 0329 2002 0400,51,F,H,301,GAS STATION,212,BOTTLE,IC,Invest Cont,624,745,,,3RD,MARIPOSA,34.069,-118.2991
240804146,01/04/2024 12:00:00 AM,01/04/2024 12:00:00 AM,1730,08,West LA,0811,1,310,BURGLARY,1607 0321 0344,39,F,W,501,SINGLE FAMILY DWELLING,500,UNKNOWN WEAPON/OTHER WEAPON,IC,Invest Cont,310,,,,16700    BOLLINGER                    DR,,34.048,-118.545
240104449,01/07/2024 12:00:00 AM,01/06/2024 12:00:00 AM,2128,01,Central,0159,1,440,THEFT PLAIN - PETTY ($950 & UNDER),0344 2032,23,F,B,711,"ARCADE,GAME ROOM/VIDEO GAMES (EXAMPLE CHUCKIE CHEESE)*",,,IC,Invest Cont,440,,,,600    MATEO                        ST,,34.0383,-118.2327
240119998,10/14/2024 12:00:00 AM,10/12/2024 12:00:00 AM,0420,01,Central,0185,1,341,"THEFT-GRAND ($950.01 & OVER)EXCPT,GUNS,FOWL,LIVESTK,PROD",0344,0,X,X,213,WAREHOUSE,,,IC,Invest Cont,341,,,,200 E  11TH                         ST,,34.0384,-118.2571
241810024,05/10/2024 12:00:00 AM,05/10/2024 12:00:00 AM,1015,18,Southeast,1826,2,740,"VANDALISM - FELONY ($400 & OVER, ALL CHURCH VANDALISMS)",1822 0329 1300,0,X,X,203,OTHER BUSINESS,,,IC,Invest Cont,740,,,,1600 E  103RD                        ST,,33.9485,-118.2461
240216079,10/18/2024 12:00:00 AM,10/09/2024 12:00:00 AM,2119,02,Rampart,0249,1,440,THEFT PLAIN - PETTY ($950 & UNDER),1822 0344,26,F,B,504,OTHER RESIDENCE,,,IC,Invest Cont,440,,,,1300    MARYLAND                     ST,,34.0558,-118.2609
241813786,10/10/2024 12:00:00 AM,10/09/2024 12:00:00 AM,1530,18,Southeast,1861,1,510,VEHICLE - STOLEN,,0,,,101,STREET,,,IC,Invest Cont,510,,,,500 W  117TH                        ST,,33.9274,-118.2826
241913319,11/23/2024 12:00:00 AM,11/23/2024 12:00:00 AM,1410,19,Mission,1998,1,442,SHOPLIFTING - PETTY THEFT ($950 & UNDER),0325,38,M,H,243,"DIY CENTER (LOWE'S,HOME DEPOT,OSH,CONTRACTORS WAREHOUSE)",,,IC,Invest Cont,442,,,,7800    VAN NUYS                     BL,,34.2153,-118.4409
240404452,01/08/2024 12:00:00 AM,01/06/2024 12:00:00 AM,1430,04,Hollenbeck,0455,1,440,THEFT PLAIN - PETTY ($950 & UNDER),0344,72,M,W,602,BANK,,,IC,Invest Cont,440,,,,2300 E  CESAR E CHAVEZ               AV,,34.0512,-118.2093
240909781,06/15/2024 12:00:00 AM,06/13/2024 12:00:00 AM,1805,09,Van Nuys,0964,1,343,SHOPLIFTING-GRAND THEFT ($950.01 & OVER),0325,49,M,H,404,DEPARTMENT STORE,,,IC,Invest Cont,343,,,,14000    RIVERSIDE                    DR,,34.1576,-118.4387
240504686,01/18/2024 12:00:00 AM,01/18/2024 12:00:00 AM,0950,05,Harbor,0581,1,343,SHOPLIFTING-GRAND THEFT ($950.01 & OVER),0216 0325 1309,0,X,X,407,HARDWARE/BUILDING SUPPLY,,,IC,Invest Cont,343,,,,2500 S  WESTERN                      AV,,33.7244,-118.322
240906744,03/13/2024 12:00:00 AM,03/13/2024 12:00:00 AM,0900,09,Van Nuys,0946,1,510,VEHICLE - STOLEN,,0,,,101,STREET,,,IC,Invest Cont,510,,,,13800    OXNARD                       ST,,34.1794,-118.4334
241206551,02/12/2024 12:00:00 AM,02/12/2024 12:00:00 AM,1100,12,77th Street,1268,1,331,THEFT FROM MOTOR VEHICLE - GRAND ($950.01 AND OVER),1822 0344,24,M,H,108,PARKING LOT,,,IC,Invest Cont,331,,,,200 W  MANCHESTER                   AV,,33.964,-118.2739
241506139,02/14/2024 12:00:00 AM,02/13/2024 12:00:00 AM,0130,15,N Hollywood,1516,2,745,VANDALISM - MISDEAMEANOR ($399 OR UNDER),1609 1402 1822 0329 1100,33,F,W,408,AUTO SUPPLY STORE*,,,IC,Invest Cont,745,998,,,11600    ARCHWOOD                     ST,,34.1922,-118.3845
242006062,02/18/2024 12:00:00 AM,02/18/2024 12:00:00 AM,1920,20,Olympic,2027,2,624,BATTERY - SIMPLE ASSAULT,1822 0202 0446 0416 0448,40,M,A,210,RESTAURANT/FAST FOOD,400,"STRONG-ARM (HANDS, FIST, FEET OR BODILY FORCE)",IC,Invest Cont,624,,,,3500 W  6TH                          ST,,34.0636,-118.2979
241314630,11/08/2024 12:00:00 AM,11/08/2024 12:00:00 AM,1300,13,Newton,1377,1,510,VEHICLE - STOLEN,,0,,,101,STREET,,,IC,Invest Cont,510,,,,5500    DUARTE                       ST,,33.993,-118.2422
240812154,11/25/2024 12:00:00 AM,11/25/2024 12:00:00 AM,1745,08,West LA,0853,2,890,FAILURE TO YIELD,1309 0216,0,X,X,110,FREEWAY,,,IC,Invest Cont,890,,,,SANTA MONICA                 BL,SAWTELLE                     AV,34.0463,-118.449
240213029,08/16/2024 12:00:00 AM,08/15/2024 12:00:00 AM,1930,02,Rampart,0237,1,510,VEHICLE - STOLEN,,0,,,101,STREET,,,IC,Invest Cont,510,,,,1200    MIRAMAR                      ST,,34.0572,-118.2576
241308748,04/25/2024 12:00:00 AM,04/21/2024 12:00:00 AM,0200,13,Newton,1303,1,330,BURGLARY FROM VEHICLE,0344 1307,25,F,H,101,STREET,,,IC,Invest Cont,330,,,,1100 E  12TH                         ST,,34.0312,-118.2477
241214286,07/19/2024 12:00:00 AM,07/19/2024 12:00:00 AM,0700,12,77th Street,1208,2,922,CHILD STEALING,1501,0,X,X,501,SINGLE FAMILY DWELLING,,,IC,Invest Cont,922,,,,700 W  47TH                         ST,,34.0006,-118.2856
240712472,10/31/2024 12:00:00 AM,10/30/2024 12:00:00 AM,1325,07,Wilshire,0722,1,343,SHOPLIFTING-GRAND THEFT ($950.01 & OVER),0344 1822 0104 0325,0,X,X,203,OTHER BUSINESS,,,IC,Invest Cont,343,,,,100    LA CIENEGA                   BL,,34.0734,-118.3765
242013843,12/06/2024 12:00:00 AM,12/06/2024 12:00:00 AM,0100,20,Olympic,2033,1,331,THEFT FROM MOTOR VEHICLE - GRAND ($950.01 AND OVER),1822 0385 0344,32,M,H,122,"VEHICLE, PASSENGER/TRUCK",,,IC,Invest Cont,331,,,,3300    JAMES M WOOD                 BL,,34.0559,-118.3063
241004409,01/11/2024 12:00:00 AM,01/11/2024 12:00:00 AM,1524,10,West Valley,1015,1,442,SHOPLIFTING - PETTY THEFT ($950 & UNDER),1822 0325,0,M,W,403,DRUG STORE,,,AO,Adult Other,442,,,,18200    SHERMAN                      WY,,34.2012,-118.5296
240807311,03/21/2024 12:00:00 AM,03/15/2024 12:00:00 AM,1200,08,West LA,0831,1,330,BURGLARY FROM VEHICLE,0344,0,X,X,252,"COFFEE SHOP (STARBUCKS, COFFEE BEAN, PEET'S, ETC.)",,,IC,Invest Cont,330,,,,12000    WILSHIRE                     BL,,34.0473,-118.4768
241107945,05/07/2024 12:00:00 AM,05/05/2024 12:00:00 AM,0049,11,Northeast,1173,2,354,THEFT OF IDENTITY,0100 0928,31,F,W,501,SINGLE FAMILY DWELLING,,,IC,Invest Cont,354,,,,1900    ECHO PARK                    AV,,34.0916,-118.2539
241011988,10/29/2024 12:00:00 AM,10/29/2024 12:00:00 AM,1540,10,West Valley,1078,1,420,THEFT FROM MOTOR VEHICLE - PETTY ($950 & UNDER),1300 1822 0344,47,M,H,108,PARKING LOT,,,IC,Invest Cont,420,,,,MAGNOLIA,HAYVENHURST,34.1649,-118.4923
242006363,02/18/2024 12:00:00 AM,02/15/2024 12:00:00 AM,1425,20,Olympic,2045,1,440,THEFT PLAIN - PETTY ($950 & UNDER),0394 1822 0344 2032,33,M,O,502,"MULTI-UNIT DWELLING (APARTMENT, DUPLEX, ETC)",,,IC,Invest Cont,440,,,,800 S  MARIPOSA                     AV,,34.0577,-118.2987
241414845,11/08/2024 12:00:00 AM,10/30/2024 12:00:00 AM,1156,14,Pacific,1409,1,440,THEFT PLAIN - PETTY ($950 & UNDER),1822 0344 0349 0394,45,M,C,502,"MULTI-UNIT DWELLING (APARTMENT, DUPLEX, ETC)",,,IC,Invest Cont,440,,,,9600    EXPOSITION                   BL,,34.0286,-118.3981
242104929,01/23/2024 12:00:00 AM,01/23/2024 12:00:00 AM,2210,21,Topanga,2147,2,930,CRIMINAL THREATS - NO WEAPON DISPLAYED,0421 1218,36,M,H,505,MOTEL,511,VERBAL THREAT,AA,Adult Arrest,930,,,,7100    DE SOTO                      AV,,34.1992,-118.5884
241516002,12/15/2024 12:00:00 AM,12/15/2024 12:00:00 AM,1600,15,N Hollywood,1566,1,510,VEHICLE - STOLEN,,0,,,101,STREET,,,IC,Invest Cont,510,,,,10800    BLOOMFIELD                   ST,,34.1493,-118.3652
242109955,06/26/2024 12:00:00 AM,06/25/2024 12:00:00 AM,0630,21,Topanga,2134,1,440,THEFT PLAIN - PETTY ($950 & UNDER),0394,50,M,H,119,"PORCH, RESIDENTIAL",,,IC,Invest Cont,440,,,,7400    FARRALONE                    AV,,34.2047,-118.6103
241411772,07/30/2024 12:00:00 AM,07/30/2024 12:00:00 AM,0430,14,Pacific,1407,1,330,BURGLARY FROM VEHICLE,0344 1300,25,F,H,707,GARAGE/CARPORT,,,IC,Invest Cont,330,,,,3600    CLARINGTON                   AV,,34.0269,-118.4037
240409046,07/26/2024 12:00:00 AM,07/23/2024 12:00:00 AM,2230,04,Hollenbeck,0428,1,420,THEFT FROM MOTOR VEHICLE - PETTY ($950 & UNDER),,0,,,101,STREET,,,IC,Invest Cont,420,,,,5000    TEMPLETON                    ST,,34.0825,-118.1737
241506371,02/18/2024 12:00:00 AM,02/18/2024 12:00:00 AM,2205,15,N Hollywood,1566,1,230,"ASSAULT WITH DEADLY WEAPON, AGGRAVATED ASSAULT",0334 0919 1240 1300 0302 0312 1822,62,M,B,108,PARKING LOT,102,HAND GUN,IC,Invest Cont,230,,,,10900    RIVERSIDE                    DR,,34.1523,-118.3685
240706939,02/16/2024 12:00:00 AM,02/16/2024 12:00:00 AM,1810,07,Wilshire,0721,1,343,SHOPLIFTING-GRAND THEFT ($950.01 & OVER),0325 1822,27,M,H,416,THE BEVERLY CENTER,,,IC,Invest Cont,343,,,,8500    BEVERLY                      BL,,34.0761,-118.3766
240205789,02/02/2024 12:00:00 AM,01/16/2024 12:00:00 AM,1200,02,Rampart,0205,1,343,SHOPLIFTING-GRAND THEFT ($950.01 & OVER),0344 0104 0325,0,M,W,404,DEPARTMENT STORE,,,AA,Adult Arrest,343,,,,600 N  DILLON                       ST,,34.0786,-118.2788
241511987,07/12/2024 12:00:00 AM,07/12/2024 12:00:00 AM,0540,15,N Hollywood,1509,1,510,VEHICLE - STOLEN,,0,,,101,STREET,,,IC,Invest Cont,510,,,,10900    SHERMAN                      WY,,34.2029,-118.3664
240308075,03/17/2024 12:00:00 AM,03/11/2024 12:00:00 AM,0900,03,Southwest,0357,1,330,BURGLARY FROM VEHICLE,1251 1822 0344 1300,21,M,A,502,"MULTI-UNIT DWELLING (APARTMENT, DUPLEX, ETC)",,,IC,Invest Cont,330,,,,1200 W  37TH                         PL,,34.02,-118.2944
240912477,10/21/2024 12:00:00 AM,10/21/2024 12:00:00 AM,0810,09,Van Nuys,0939,1,410,"BURGLARY FROM VEHICLE, ATTEMPTED",1402,30,M,H,721,HIGH SCHOOL,,,IC,Invest Cont,410,998,,,13000    OXNARD                       ST,,34.1794,-118.4161
240810947,09/21/2024 12:00:00 AM,09/21/2024 12:00:00 AM,0604,08,West LA,0834,2,956,"LETTERS, LEWD  -  TELEPHONE CALLS, LEWD",1501 1822,24,F,W,501,SINGLE FAMILY DWELLING,,,IC,Invest Cont,956,,,,10600    ASHTON                       AV,,34.0605,-118.4331
241207415,02/28/2024 12:00:00 AM,02/28/2024 12:00:00 AM,1430,12,77th Street,1268,1,440,THEFT PLAIN - PETTY ($950 & UNDER),1402 1202 0344 1822 0701 0380,77,M,H,101,STREET,,,IC,Invest Cont,440,,,,8500 S  BROADWAY,,33.9615,-118.2783
241208958,03/25/2024 12:00:00 AM,03/25/2024 12:00:00 AM,1800,12,77th Street,1265,1,236,INTIMATE PARTNER - AGGRAVATED ASSAULT,1100 0913 0400 0450 1814 2000 1309 0334 0302,38,M,H,101,STREET,101,REVOLVER,IC,Invest Cont,236,,,,NORMANDIE                    AV,MANCHESTER                   AV,33.96,-118.3003
242008019,04/02/2024 12:00:00 AM,03/23/2024 12:00:00 AM,1654,20,Olympic,2016,1,341,"THEFT-GRAND ($950.01 & OVER)EXCPT,GUNS,FOWL,LIVESTK,PROD",0344 0394 1822 2032,26,F,H,502,"MULTI-UNIT DWELLING (APARTMENT, DUPLEX, ETC)",,,IC,Invest Cont,341,,,,200 S  ALEXANDRIA                   AV,,34.0712,-118.2979
241106819,03/18/2024 12:00:00 AM,03/18/2024 12:00:00 AM,1200,11,Northeast,1162,1,480,BIKE - STOLEN,0344,36,M,W,102,SIDEWALK,,,IC,Invest Cont,480,,,,4600    HOLLYWOOD                    BL,,34.0998,-118.2897
241711134,07/11/2024 12:00:00 AM,07/07/2024 12:00:00 AM,1300,17,Devonshire,1764,1,510,VEHICLE - STOLEN,,0,,,108,PARKING LOT,,,IC,Invest Cont,510,,,,9400    CORBIN                       AV,,34.241,-118.5623
241305900,02/11/2024 12:00:00 AM,02/11/2024 12:00:00 AM,0650,13,Newton,1373,2,624,BATTERY - SIMPLE ASSAULT,0401 0416 0913 1814 2000,21,M,H,501,SINGLE FAMILY DWELLING,400,"STRONG-ARM (HANDS, FIST, FEET OR BODILY FORCE)",IC,Invest Cont,624,,,,600 E  53RD                         ST,,33.9941,-118.2652
241414865,11/09/2024 12:00:00 AM,11/01/2024 12:00:00 AM,1255,14,Pacific,1444,2,740,"VANDALISM - FELONY ($400 & OVER, ALL CHURCH VANDALISMS)",0329 1300,31,M,W,108,PARKING LOT,,,IC,Invest Cont,740,,,,4300    LINCOLN                      BL,,33.9846,-118.4428
242112563,10/21/2024 12:00:00 AM,10/21/2024 12:00:00 AM,1220,21,Topanga,2143,1,480,BIKE - STOLEN,0344 1202 0397,61,M,W,203,OTHER BUSINESS,,,IC,Invest Cont,480,,,,6400    FALLBROOK                    AV,,34.1883,-118.6274
240109809,04/01/2024 12:00:00 AM,04/01/2024 12:00:00 AM,1110,01,Central,0119,2,624,BATTERY - SIMPLE ASSAULT,1266 1402 0400 0416 1609 0910,25,M,H,834,LA UNION STATION (NOT LINE SPECIFIC),500,UNKNOWN WEAPON/OTHER WEAPON,AA,Adult Arrest,624,998,,,00    GATEWAY PLZ,,34.0547,-118.2335
241215146,09/10/2024 12:00:00 AM,09/09/2024 12:00:00 AM,2300,12,77th Street,1204,1,510,VEHICLE - STOLEN,,0,,,101,STREET,,,IC,Invest Cont,510,,,,46TH                         ST,VERMONT,34.0016,-118.2915
240205871,02/03/2024 12:00:00 AM,01/07/2024 12:00:00 AM,1825,02,Rampart,0205,1,442,SHOPLIFTING - PETTY THEFT ($950 & UNDER),0104 1822 0325,0,X,X,203,OTHER BUSINESS,,,AA,Adult Arrest,442,,,,600 N  DILLON                       ST,,34.0786,-118.2788
240709254,06/01/2024 12:00:00 AM,06/01/2024 12:00:00 AM,1340,07,Wilshire,0787,2,354,THEFT OF IDENTITY,0922 0935,54,F,B,501,SINGLE FAMILY DWELLING,,,IC,Invest Cont,354,,,,4400 W  WASHINGTON                   BL,,34.0398,-118.3354
241812075,08/08/2024 12:00:00 AM,08/07/2024 12:00:00 AM,0838,18,Southeast,1831,2,354,THEFT OF IDENTITY,1822 0100,60,F,B,501,SINGLE FAMILY DWELLING,,,IC,Invest Cont,354,,,,12600 S  HOOVER                       ST,,33.9191,-118.287
241305030,01/23/2024 12:00:00 AM,01/21/2024 12:00:00 AM,2200,13,Newton,1323,1,420,THEFT FROM MOTOR VEHICLE - PETTY ($950 & UNDER),,0,,,101,STREET,,,IC,Invest Cont,420,,,,21ST,STANFORD,34.025,-118.2567
240310581,05/17/2024 12:00:00 AM,05/17/2024 12:00:00 AM,0430,03,Southwest,0326,1,420,THEFT FROM MOTOR VEHICLE - PETTY ($950 & UNDER),,0,,,101,STREET,,,IC,Invest Cont,420,,,,1600 W  27TH                         ST,,34.0309,-118.297
240105721,01/25/2024 12:00:00 AM,01/24/2024 12:00:00 AM,2352,01,Central,0182,2,745,VANDALISM - MISDEAMEANOR ($399 OR UNDER),0329 1822,0,X,X,203,OTHER BUSINESS,500,UNKNOWN WEAPON/OTHER WEAPON,IC,Invest Cont,745,,,,1000 S  HILL                         ST,,34.042,-118.2625
241311894,08/05/2024 12:00:00 AM,08/05/2024 12:00:00 AM,0046,13,Newton,1351,1,442,SHOPLIFTING - PETTY THEFT ($950 & UNDER),0325,0,M,W,405,CLOTHING STORE,,,IC,Invest Cont,442,,,,4000 S  MAIN                         ST,,34.0075,-118.2775
241410894,06/30/2024 12:00:00 AM,06/19/2024 12:00:00 AM,0800,14,Pacific,1438,1,440,THEFT PLAIN - PETTY ($950 & UNDER),1822 0344,0,X,X,101,STREET,,,IC,Invest Cont,440,,,,10800    VENICE                       BL,,34.0185,-118.4076
240713302,12/17/2024 12:00:00 AM,12/16/2024 12:00:00 AM,1100,07,Wilshire,0711,1,341,"THEFT-GRAND ($950.01 & OVER)EXCPT,GUNS,FOWL,LIVESTK,PROD",0344,65,M,W,101,STREET,,,IC,Invest Cont,341,,,,7900    BEVERLY                      BL,,34.0782,-118.3695
240213473,08/27/2024 12:00:00 AM,08/26/2024 12:00:00 AM,2200,02,Rampart,0291,2,740,"VANDALISM - FELONY ($400 & OVER, ALL CHURCH VANDALISMS)",1300 0329 1822,31,M,H,101,STREET,,,AO,Adult Other,740,,,,1900 W  PICO                         BL,,34.0462,-118.2804
241408087,03/28/2024 12:00:00 AM,02/23/2024 12:00:00 AM,1220,14,Pacific,1438,1,330,BURGLARY FROM VEHICLE,0344 0321,35,F,W,502,"MULTI-UNIT DWELLING (APARTMENT, DUPLEX, ETC)",,,IC,Invest Cont,330,,,,3500    KELTON                       AV,,34.0221,-118.4166
240713247,12/14/2024 12:00:00 AM,12/10/2024 12:00:00 AM,1500,07,Wilshire,0724,1,442,SHOPLIFTING - PETTY THEFT ($950 & UNDER),0325 2028,23,X,X,415,THE GROVE,,,IC,Invest Cont,442,,,,100    THE GROVE                    DR,,34.0736,-118.3563
241805817,02/07/2024 12:00:00 AM,02/07/2024 12:00:00 AM,2240,18,Southeast,1824,1,230,"ASSAULT WITH DEADLY WEAPON, AGGRAVATED ASSAULT",1822 0940 0344 0216 1609 0416,39,M,B,101,STREET,212,BOTTLE,IC,Invest Cont,230,,,,COLDEN                       AV,MCKINLEY,33.9493,-118.2608
242008003,04/02/2024 12:00:00 AM,04/02/2024 12:00:00 AM,1800,20,Olympic,2034,2,888,TRESPASSING,1822 2004 2052 0910 1402,0,X,X,921,MTA - PURPLE LINE - WILSHIRE/NORMANDIE,,,IC,Invest Cont,888,998,,,3500    WILSHIRE                     BL,,34.0617,-118.3004
240313447,08/23/2024 12:00:00 AM,08/21/2024 12:00:00 AM,1600,03,Southwest,0362,1,420,THEFT FROM MOTOR VEHICLE - PETTY ($950 & UNDER),,0,,,101,STREET,,,IC,Invest Cont,420,,,,4400    PINAFORE                     ST,,34.0127,-118.3477
241212976,06/28/2024 12:00:00 AM,06/02/2024 12:00:00 AM,1830,12,77th Street,1205,1,330,BURGLARY FROM VEHICLE,1300 1302 0344 0346 1822,33,F,B,222,LAUNDROMAT,,,IC,Invest Cont,330,,,,5100 S  NORMANDIE                    AV,,33.9969,-118.3002
240606858,03/01/2024 12:00:00 AM,03/01/2024 12:00:00 AM,1440,06,Hollywood,0663,2,740,"VANDALISM - FELONY ($400 & OVER, ALL CHURCH VANDALISMS)",0913 1609 0329,0,X,X,203,OTHER BUSINESS,500,UNKNOWN WEAPON/OTHER WEAPON,AA,Adult Arrest,740,,,,6700    SANTA MONICA                 BL,,34.0907,-118.3363
241904958,01/25/2024 12:00:00 AM,01/20/2024 12:00:00 AM,1250,19,Mission,1912,1,341,"THEFT-GRAND ($950.01 & OVER)EXCPT,GUNS,FOWL,LIVESTK,PROD",,0,,,108,PARKING LOT,,,IC,Invest Cont,341,,,,13300    RALSTON                      AV,,34.3131,-118.4733
241205653,01/27/2024 12:00:00 AM,01/27/2024 12:00:00 AM,0500,12,77th Street,1248,2,626,INTIMATE PARTNER - SIMPLE ASSAULT,0912 0400 0419 1814 2000,32,F,H,502,"MULTI-UNIT DWELLING (APARTMENT, DUPLEX, ETC)",400,"STRONG-ARM (HANDS, FIST, FEET OR BODILY FORCE)",AO,Adult Other,626,,,,6200 S  VERMONT                      AV,,33.9834,-118.2915
240122724,12/15/2024 12:00:00 AM,12/15/2024 12:00:00 AM,1000,01,Central,0153,2,888,TRESPASSING,0910,0,X,X,902,MTA - RED LINE - PERSHING SQUARE,,,IC,Invest Cont,888,,,,500 S  HILL                         ST,,34.0488,-118.2518
241811774,07/29/2024 12:00:00 AM,07/28/2024 12:00:00 AM,1545,18,Southeast,1849,2,745,VANDALISM - MISDEAMEANOR ($399 OR UNDER),0329,29,M,H,504,OTHER RESIDENCE,,,IC,Invest Cont,745,,,,2100 E  110TH                        ST,,33.9351,-118.2349
240411663,11/24/2024 12:00:00 AM,11/22/2024 12:00:00 AM,1600,04,Hollenbeck,0465,1,510,VEHICLE - STOLEN,,0,,,101,STREET,,,IC,Invest Cont,510,,,,3200    LANFRANCO                    ST,,34.0332,-118.2017
240908704,05/03/2024 12:00:00 AM,04/17/2024 12:00:00 AM,1130,09,Van Nuys,0926,2,930,CRIMINAL THREATS - NO WEAPON DISPLAYED,0421 0361,72,F,W,501,SINGLE FAMILY DWELLING,511,VERBAL THREAT,IC,Invest Cont,930,,,,6600    MURIETTA                     AV,,34.1903,-118.4389
241708207,04/01/2024 12:00:00 AM,03/31/2024 12:00:00 AM,0652,17,Devonshire,1751,2,740,"VANDALISM - FELONY ($400 & OVER, ALL CHURCH VANDALISMS)",0329,0,X,X,221,PUBLIC STORAGE,,,IC,Invest Cont,740,,,,21500    DEVONSHIRE                   ST,,34.2572,-118.5988
240207325,03/05/2024 12:00:00 AM,03/03/2024 12:00:00 AM,1125,02,Rampart,0266,1,442,SHOPLIFTING - PETTY THEFT ($950 & UNDER),1822 0325 0344,0,X,X,203,OTHER BUSINESS,,,AA,Adult Arrest,442,,,,1600 W  7TH                          ST,,34.0539,-118.2712
242107010,03/18/2024 12:00:00 AM,03/15/2024 12:00:00 AM,1230,21,Topanga,2175,2,662,"BUNCO, GRAND THEFT",0701 1202,63,M,O,501,SINGLE FAMILY DWELLING,,,IC,Invest Cont,662,,,,5700    ROLLING                      RD,,34.1747,-118.6097
241205295,01/22/2024 12:00:00 AM,01/22/2024 12:00:00 AM,0240,12,77th Street,1265,2,624,BATTERY - SIMPLE ASSAULT,2021 0552 0602 0913 0419,38,F,B,502,"MULTI-UNIT DWELLING (APARTMENT, DUPLEX, ETC)",400,"STRONG-ARM (HANDS, FIST, FEET OR BODILY FORCE)",IC,Invest Cont,624,,,,1000 W  85TH                         ST,,33.961,-118.2919
241314963,11/21/2024 12:00:00 AM,11/20/2024 12:00:00 AM,1945,13,Newton,1309,1,330,BURGLARY FROM VEHICLE,0344 1307,29,M,W,108,PARKING LOT,,,IC,Invest Cont,330,,,,S  SANTA FE                     AV,VIOLET                       ST,34.0326,-118.23
241605322,02/13/2024 12:00:00 AM,01/10/2024 12:00:00 AM,1600,16,Foothill,1695,2,946,OTHER MISCELLANEOUS CRIME,0100,27,F,H,501,SINGLE FAMILY DWELLING,,,IC,Invest Cont,946,,,,7700    CRANER                       AV,,34.2102,-118.3692
241911771,09/19/2024 12:00:00 AM,09/18/2024 12:00:00 AM,1800,19,Mission,1999,1,510,VEHICLE - STOLEN,,0,,,101,STREET,,,IC,Invest Cont,510,,,,BLYTHE                       ST,GREENBUSH                    AV,34.2149,-118.4267
241708342,04/14/2024 12:00:00 AM,04/14/2024 12:00:00 AM,2205,17,Devonshire,1754,1,310,BURGLARY,0314,64,F,W,501,SINGLE FAMILY DWELLING,,,AA,Adult Arrest,310,,,,18300    LEMARSH                      ST,,34.2555,-118.5323
241111542,10/20/2024 12:00:00 AM,10/19/2024 12:00:00 AM,2030,11,Northeast,1139,1,510,VEHICLE - STOLEN,,0,,,101,STREET,,,IC,Invest Cont,510,,,,6000    HAYES                        AV,,34.1093,-118.1876
241205279,01/21/2024 12:00:00 AM,01/21/2024 12:00:00 AM,1845,12,77th Street,1249,2,624,BATTERY - SIMPLE ASSAULT,0446 1402 1817,45,F,B,101,STREET,400,"STRONG-ARM (HANDS, FIST, FEET OR BODILY FORCE)",IC,Invest Cont,624,998,,,400 W  GAGE                         AV,,33.9824,-118.2811
242012079,09/25/2024 12:00:00 AM,07/26/2024 12:00:00 AM,0805,20,Olympic,2038,1,341,"THEFT-GRAND ($950.01 & OVER)EXCPT,GUNS,FOWL,LIVESTK,PROD",1822 0344 2032,33,M,W,252,"COFFEE SHOP (STARBUCKS, COFFEE BEAN, PEET'S, ETC.)",,,IC,Invest Cont,341,,,,3100    WILSHIRE                     BL,,34.0618,-118.2891
241706962,03/11/2024 12:00:00 AM,03/11/2024 12:00:00 AM,0945,17,Devonshire,1767,1,440,THEFT PLAIN - PETTY ($950 & UNDER),2032 1822 0344,38,M,W,108,PARKING LOT,,,IC,Invest Cont,440,,,,RESEDA,PLUMMER,34.2427,-118.5361
240713252,12/13/2024 12:00:00 AM,12/12/2024 12:00:00 AM,1615,07,Wilshire,0724,2,740,"VANDALISM - FELONY ($400 & OVER, ALL CHURCH VANDALISMS)",0329 1300,35,M,W,108,PARKING LOT,,,IC,Invest Cont,740,,,,6300 W  3RD                          ST,,34.0735,-118.3571
241410556,06/16/2024 12:00:00 AM,06/16/2024 12:00:00 AM,1435,14,Pacific,1432,2,740,"VANDALISM - FELONY ($400 & OVER, ALL CHURCH VANDALISMS)",0329,60,F,W,103,ALLEY,,,IC,Invest Cont,740,,,,900    CALIFORNIA                   AV,,33.9964,-118.4621
241611027,10/24/2024 12:00:00 AM,10/24/2024 12:00:00 AM,1310,16,Foothill,1641,2,624,BATTERY - SIMPLE ASSAULT,0416,14,F,H,720,JUNIOR HIGH SCHOOL,400,"STRONG-ARM (HANDS, FIST, FEET OR BODILY FORCE)",IC,Invest Cont,624,,,,9900    LAUREL CANYON                BL,,34.2498,-118.4227
241414474,10/26/2024 12:00:00 AM,10/25/2024 12:00:00 AM,1200,14,Pacific,1432,1,420,THEFT FROM MOTOR VEHICLE - PETTY ($950 & UNDER),,0,,,101,STREET,,,IC,Invest Cont,420,,,,SHELL,VENICE                       BL,33.9909,-118.4588
241005453,02/08/2024 12:00:00 AM,02/05/2024 12:00:00 AM,0530,10,West Valley,1012,2,354,THEFT OF IDENTITY,1822 1202 0923,65,M,H,501,SINGLE FAMILY DWELLING,,,IC,Invest Cont,354,,,,18700    COHASSET                     ST,,34.2066,-118.541
242000642,03/17/2024 12:00:00 AM,03/17/2024 12:00:00 AM,1200,20,Olympic,2031,1,236,INTIMATE PARTNER - AGGRAVATED ASSAULT,1822 0305 0334 0421 2004 0917 1402,47,F,H,102,SIDEWALK,210,RAZOR BLADE,AA,Adult Arrest,236,998,,,WESTERN,7TH,34.0597,-118.3091
240609958,06/11/2024 12:00:00 AM,06/02/2024 12:00:00 AM,2215,06,Hollywood,0629,1,330,BURGLARY FROM VEHICLE,1822 1307 1300 0344 1501,47,M,H,501,SINGLE FAMILY DWELLING,500,UNKNOWN WEAPON/OTHER WEAPON,IC,Invest Cont,330,,,,1900 N  VAN NESS                     AV,,34.1053,-118.3159
240105173,01/17/2024 12:00:00 AM,01/17/2024 12:00:00 AM,1820,01,Central,0153,2,888,TRESPASSING,0910 1501,0,X,X,902,MTA - RED LINE - PERSHING SQUARE,,,IC,Invest Cont,888,,,,500 S  HILL                         ST,,34.0488,-118.2518
240606994,03/06/2024 12:00:00 AM,02/25/2024 12:00:00 AM,1000,06,Hollywood,0646,1,510,VEHICLE - STOLEN,,0,,,103,ALLEY,,,IC,Invest Cont,510,,,,1500    WILCOX                       AV,,34.098,-118.331
240708768,05/11/2024 12:00:00 AM,05/11/2024 12:00:00 AM,0035,07,Wilshire,0767,1,341,"THEFT-GRAND ($950.01 & OVER)EXCPT,GUNS,FOWL,LIVESTK,PROD",0344 0377,23,F,H,735,NIGHT CLUB (OPEN EVENINGS ONLY),,,IC,Invest Cont,341,,,,W  PICO,S  NORTON                       AV,34.0476,-118.3238
240309580,04/22/2024 12:00:00 AM,04/22/2024 12:00:00 AM,0700,03,Southwest,0334,1,310,BURGLARY,1202 1607 0329 1822 0344 0352,66,M,A,501,SINGLE FAMILY DWELLING,,,IC,Invest Cont,310,,,,3100 W  30TH                         ST,,34.0276,-118.3293
241506861,02/28/2024 12:00:00 AM,02/28/2024 12:00:00 AM,1854,15,N Hollywood,1527,1,442,SHOPLIFTING - PETTY THEFT ($950 & UNDER),1822 0325 0344,0,M,O,203,OTHER BUSINESS,,,IC,Invest Cont,442,,,,11000    VICTORY                      BL,,34.1867,-118.3703
241506160,02/14/2024 12:00:00 AM,02/10/2024 12:00:00 AM,1440,15,N Hollywood,1526,1,440,THEFT PLAIN - PETTY ($950 & UNDER),1822 0349 0344,32,M,O,501,SINGLE FAMILY DWELLING,,,IC,Invest Cont,440,,,,11400    ERWIN                        ST,,34.1831,-118.379
240706084,02/19/2024 12:00:00 AM,02/19/2024 12:00:00 AM,1055,07,Wilshire,0742,2,860,BATTERY WITH SEXUAL CONTACT,1822 0522 1817,40,F,W,501,SINGLE FAMILY DWELLING,400,"STRONG-ARM (HANDS, FIST, FEET OR BODILY FORCE)",IC,Invest Cont,860,,,,6100    WILSHIRE                     BL,,34.063,-118.3614
240704113,01/03/2024 12:00:00 AM,01/03/2024 12:00:00 AM,1845,07,Wilshire,0777,2,624,BATTERY - SIMPLE ASSAULT,1309 0416 0446 1822,37,F,W,108,PARKING LOT,400,"STRONG-ARM (HANDS, FIST, FEET OR BODILY FORCE)",IC,Invest Cont,624,,,,1600    CRENSHAW                     BL,,34.0429,-118.3329
241012075,11/04/2024 12:00:00 AM,11/01/2024 12:00:00 AM,1830,10,West Valley,1028,1,510,VEHICLE - STOLEN,,0,,,101,STREET,,,IC,Invest Cont,510,,,,6500    BALBOA                       BL,,34.1889,-118.5011
242104651,01/16/2024 12:00:00 AM,01/15/2024 12:00:00 AM,1800,21,Topanga,2105,1,420,THEFT FROM MOTOR VEHICLE - PETTY ($950 & UNDER),,0,,,101,STREET,,,IC,Invest Cont,420,,,,PARTHENIA,INTERNATIONAL,34.2282,-118.5995
242107739,04/06/2024 12:00:00 AM,04/05/2024 12:00:00 AM,1845,21,Topanga,2139,1,330,BURGLARY FROM VEHICLE,0321 0344,26,F,K,108,PARKING LOT,,,IC,Invest Cont,330,,,,20100    LEADWELL                     ST,,34.2035,-118.571
241806616,02/26/2024 12:00:00 AM,02/26/2024 12:00:00 AM,1217,18,Southeast,1821,1,210,ROBBERY,0344 0945 0334 0378 0432 1300 0216 1822 0325,0,X,X,242,"DISCOUNT STORE (99 CENT,DOLLAR,ETC.",200,KNIFE WITH BLADE 6INCHES OR LESS,IC,Invest Cont,210,,,,9500 S  VERMONT                      AV,,33.95,-118.2916
241607419,04/19/2024 12:00:00 AM,04/14/2024 12:00:00 AM,0655,16,Foothill,1623,2,888,TRESPASSING,1501,0,X,X,511,PROJECT/TENEMENT/PUBLIC HOUSING,,,IC,Invest Cont,888,,,,10800    PALA                         AV,,34.2658,-118.4169
240308361,03/17/2024 12:00:00 AM,03/17/2024 12:00:00 AM,0635,03,Southwest,0329,2,888,TRESPASSING,0910 2052,23,X,X,101,STREET,,,IC,Invest Cont,888,,,,3200 S  FLOWER                       ST,,34.023,-118.2777
241710412,06/16/2024 12:00:00 AM,06/14/2024 12:00:00 AM,1500,17,Devonshire,1794,1,420,THEFT FROM MOTOR VEHICLE - PETTY ($950 & UNDER),,0,,,101,STREET,,,IC,Invest Cont,420,,,,8400    LINDLEY                      AV,,34.2251,-118.5372
240400628,02/16/2024 12:00:00 AM,02/16/2024 12:00:00 AM,1625,04,Hollenbeck,0455,1,230,"ASSAULT WITH DEADLY WEAPON, AGGRAVATED ASSAULT",0334 0450 0302,20,M,H,101,STREET,102,HAND GUN,IC,Invest Cont,230,,,,E  CESAR E CHAVEZ               AV,CORNWELL                     ST,34.0477,-118.2097
241507866,03/20/2024 12:00:00 AM,03/15/2024 12:00:00 AM,1134,15,N Hollywood,1555,1,442,SHOPLIFTING - PETTY THEFT ($950 & UNDER),0325,0,X,X,402,MARKET,,,IC,Invest Cont,442,,,,5100    LANKERSHIM                   BL,,34.163,-118.3735
241312107,08/12/2024 12:00:00 AM,07/15/2024 12:00:00 AM,0325,13,Newton,1367,1,331,THEFT FROM MOTOR VEHICLE - GRAND ($950.01 AND OVER),1300 0344,0,M,H,101,STREET,,,IC,Invest Cont,331,,,,4500    LONG BEACH                   AV,,34.0028,-118.2431
242106412,03/01/2024 12:00:00 AM,02/29/2024 12:00:00 AM,2220,21,Topanga,2155,1,510,VEHICLE - STOLEN,,0,,,101,STREET,,,IC,Invest Cont,510,,,,6100    NEVADA                       AV,,34.1809,-118.6089
240215959,10/14/2024 12:00:00 AM,10/12/2024 12:00:00 AM,1318,02,Rampart,0269,1,440,THEFT PLAIN - PETTY ($950 & UNDER),1822 0394 0344,38,M,H,744,HIGH-RISE BUILDING,,,IC,Invest Cont,440,,,,1200 W  8TH                          ST,,34.0496,-118.2677
241605533,02/20/2024 12:00:00 AM,02/16/2024 12:00:00 AM,1415,16,Foothill,1672,1,510,VEHICLE - STOLEN,,0,,,101,STREET,,,IC,Invest Cont,510,,,,11700    PEORIA                       ST,,34.2332,-118.3878
240306525,02/17/2024 12:00:00 AM,02/17/2024 12:00:00 AM,1930,03,Southwest,0376,1,440,THEFT PLAIN - PETTY ($950 & UNDER),0913 0104 0346 0344,23,X,X,239,MEDICAL MARIJUANA FACILITIES/BUSINESSES,,,IC,Invest Cont,440,,,,1500 W  MARTIN LUTHER KING JR        BL,,34.0145,-118.3045
240609951,06/17/2024 12:00:00 AM,06/01/2024 12:00:00 AM,1245,06,Hollywood,0678,1,341,"THEFT-GRAND ($950.01 & OVER)EXCPT,GUNS,FOWL,LIVESTK,PROD",1822 0344 1204 1501,32,F,O,102,SIDEWALK,,,IC,Invest Cont,341,,,,900 N  WESTERN                      AV,,34.0865,-118.3092
240713175,12/10/2024 12:00:00 AM,05/27/2024 12:00:00 AM,0145,07,Wilshire,0765,1,330,BURGLARY FROM VEHICLE,1300 0344,40,M,W,108,PARKING LOT,,,IC,Invest Cont,330,,,,4600    VENICE                       BL,,34.0471,-118.3372
241904547,01/15/2024 12:00:00 AM,01/15/2024 12:00:00 AM,1700,19,Mission,1991,1,510,VEHICLE - STOLEN,,0,,,217,AUTO REPAIR SHOP,,,IC,Invest Cont,510,,,,15500    ROSCOE                       BL,,34.2214,-118.4699
242113512,12/02/2024 12:00:00 AM,11/29/2024 12:00:00 AM,1200,21,Topanga,2177,1,420,THEFT FROM MOTOR VEHICLE - PETTY ($950 & UNDER),,0,,,101,STREET,,,IC,Invest Cont,420,,,,20700    BERDON                       ST,,34.1712,-118.5846
241109010,06/29/2024 12:00:00 AM,06/28/2024 12:00:00 AM,2100,11,Northeast,1153,1,510,VEHICLE - STOLEN,,0,,,101,STREET,,,IC,Invest Cont,510,,,,5000    LOS FELIZ                    BL,,34.1098,-118.3039
240119259,10/01/2024 12:00:00 AM,10/01/2024 12:00:00 AM,0645,01,Central,0132,2,888,TRESPASSING,0910,0,M,O,135,MTA PROPERTY OR PARKING LOT,,,IC,Invest Cont,888,,,,200 S  HOPE                         ST,,34.0549,-118.2511
241911021,08/19/2024 12:00:00 AM,08/18/2024 12:00:00 AM,2200,19,Mission,1972,1,510,VEHICLE - STOLEN,,0,,,101,STREET,,,IC,Invest Cont,510,,,,14900    NORDHOFF                     ST,,34.2355,-118.4665
240706101,02/20/2024 12:00:00 AM,02/20/2024 12:00:00 AM,0410,07,Wilshire,0729,1,310,BURGLARY,1609 0325 0329,23,X,X,203,OTHER BUSINESS,,,IC,Invest Cont,310,,,,100 N  LARCHMONT                    BL,,34.073,-118.3236
241514542,10/09/2024 12:00:00 AM,10/07/2024 12:00:00 AM,2100,15,N Hollywood,1566,1,330,BURGLARY FROM VEHICLE,1822 0325 1300 0344,34,F,H,101,STREET,,,IC,Invest Cont,330,,,,11000    LANDALE                      ST,,34.1514,-118.3712
242106980,03/17/2024 12:00:00 AM,03/16/2024 12:00:00 AM,1730,21,Topanga,2137,2,740,"VANDALISM - FELONY ($400 & OVER, ALL CHURCH VANDALISMS)",0329 1300,35,M,H,122,"VEHICLE, PASSENGER/TRUCK",,,IC,Invest Cont,740,,,,7300    INDEPENDENCE                 AV,,34.2029,-118.5906
240114159,07/06/2024 12:00:00 AM,07/06/2024 12:00:00 AM,0715,01,Central,0119,2,888,TRESPASSING,0910 2004,0,X,X,900,MTA - RED LINE - UNION STATION,,,IC,Invest Cont,888,,,,800 N  ALAMEDA                      ST,,34.0561,-118.2375
240306404,02/16/2024 12:00:00 AM,02/16/2024 12:00:00 AM,1330,03,Southwest,0375,2,626,INTIMATE PARTNER - SIMPLE ASSAULT,2000 0913 1814 0416 0446,21,F,B,504,OTHER RESIDENCE,400,"STRONG-ARM (HANDS, FIST, FEET OR BODILY FORCE)",IC,Invest Cont,626,,,,1800    MIDDLETON                    PL,,34.0155,-118.3133
241314842,11/17/2024 12:00:00 AM,11/17/2024 12:00:00 AM,1735,13,Newton,1309,1,330,BURGLARY FROM VEHICLE,1202 0344 1307,62,M,C,108,PARKING LOT,,,IC,Invest Cont,330,,,,S  SANTA FE                     AV,VIOLET                       ST,34.0326,-118.23
240107661,02/21/2024 12:00:00 AM,02/21/2024 12:00:00 AM,1658,01,Central,0162,1,442,SHOPLIFTING - PETTY THEFT ($950 & UNDER),0325 0344 0329 0375 1607 0358,0,X,X,404,DEPARTMENT STORE,,,IC,Invest Cont,442,,,,700 W  7TH                          ST,,34.048,-118.2577
241513256,08/28/2024 12:00:00 AM,08/28/2024 12:00:00 AM,1900,15,N Hollywood,1506,1,442,SHOPLIFTING - PETTY THEFT ($950 & UNDER),0344,0,M,O,406,OTHER STORE,,,IC,Invest Cont,442,,,,7100    VINELAND                     AV,,34.2027,-118.3745
242012691,08/27/2024 12:00:00 AM,08/27/2024 12:00:00 AM,0640,20,Olympic,2029,2,888,TRESPASSING,1822 0910 2052,0,X,X,920,MTA - PURPLE LINE - WILSHIRE/VERMONT,,,IC,Invest Cont,888,,,,3100    WILSHIRE                     BL,,34.0652,-118.2878
241708589,04/19/2024 12:00:00 AM,04/19/2024 12:00:00 AM,1735,17,Devonshire,1777,2,624,BATTERY - SIMPLE ASSAULT,0913 0361 0416 1202,65,M,W,101,STREET,400,"STRONG-ARM (HANDS, FIST, FEET OR BODILY FORCE)",AO,Adult Other,624,,,,9700    SOPHIA                       AV,,34.2468,-118.488
240908230,04/20/2024 12:00:00 AM,04/20/2024 12:00:00 AM,1306,09,Van Nuys,0904,1,442,SHOPLIFTING - PETTY THEFT ($950 & UNDER),2028 0325,22,M,W,404,DEPARTMENT STORE,,,IC,Invest Cont,442,,,,14900    RAYMER                       ST,,34.2131,-118.4584
241112712,12/10/2024 12:00:00 AM,12/06/2024 12:00:00 AM,1940,11,Northeast,1145,1,330,BURGLARY FROM VEHICLE,0344 1302 1307,36,F,W,101,STREET,,,IC,Invest Cont,330,,,,RIVERSIDE                    DR,STADIUM                      WY,34.0957,-118.2449
241109484,07/23/2024 12:00:00 AM,07/22/2024 12:00:00 AM,1700,11,Northeast,1113,1,442,SHOPLIFTING - PETTY THEFT ($950 & UNDER),0325,0,X,X,203,OTHER BUSINESS,,,AA,Adult Arrest,442,,,,2600    COLORADO                     BL,,34.1421,-118.223
241413158,09/15/2024 12:00:00 AM,09/14/2024 12:00:00 AM,1615,14,Pacific,1438,1,510,VEHICLE - STOLEN,,0,,,123,PARKING UNDERGROUND/BUILDING,,,IC,Invest Cont,510,,,,3600    WESTWOOD                     BL,,34.021,-118.4128
241312370,08/20/2024 12:00:00 AM,08/19/2024 12:00:00 AM,1800,13,Newton,1385,1,510,VEHICLE - STOLEN,,0,,,101,STREET,,,IC,Invest Cont,510,,,,E  SLAUSON                      AV,MCKINLEY                     AV,33.9893,-118.2609
241810374,05/04/2024 12:00:00 AM,05/04/2024 12:00:00 AM,0030,18,Southeast,1837,2,740,"VANDALISM - FELONY ($400 & OVER, ALL CHURCH VANDALISMS)",0329 1822,28,F,H,122,"VEHICLE, PASSENGER/TRUCK",,,IC,Invest Cont,740,,,,1700 E  107TH                        ST,,33.9386,-118.2408
241215342,09/17/2024 12:00:00 AM,09/16/2024 12:00:00 AM,1800,12,77th Street,1245,1,510,VEHICLE - STOLEN,,0,,,101,STREET,,,IC,Invest Cont,510,,,,1500 W  68TH                         ST,,33.9778,-118.3024
241510818,05/18/2024 12:00:00 AM,05/18/2024 12:00:00 AM,0546,15,N Hollywood,1538,1,440,THEFT PLAIN - PETTY ($950 & UNDER),1822 0344,35,M,W,501,SINGLE FAMILY DWELLING,,,IC,Invest Cont,440,,,,CALIFA                       ST,FAIR                         AV,34.1776,-118.3747
240708660,05/07/2024 12:00:00 AM,05/07/2024 12:00:00 AM,1015,07,Wilshire,0713,1,330,BURGLARY FROM VEHICLE,1300 1307 1822 0344,34,M,W,101,STREET,,,IC,Invest Cont,330,,,,400 N  OGDEN                        DR,,34.0782,-118.3594
242112625,10/23/2024 12:00:00 AM,10/23/2024 12:00:00 AM,1742,21,Topanga,2145,2,740,"VANDALISM - FELONY ($400 & OVER, ALL CHURCH VANDALISMS)",0329,52,M,F,501,SINGLE FAMILY DWELLING,,,IC,Invest Cont,740,,,,6500    FARRALONE                    AV,,34.1884,-118.611
240808565,05/23/2024 12:00:00 AM,05/13/2024 12:00:00 AM,0527,08,West LA,0833,2,354,THEFT OF IDENTITY,,41,M,W,502,"MULTI-UNIT DWELLING (APARTMENT, DUPLEX, ETC)",,,IC,Invest Cont,354,,,,10900    ROCHESTER                    AV,,34.0562,-118.4423
242006504,02/26/2024 12:00:00 AM,02/11/2024 12:00:00 AM,1330,20,Olympic,2022,1,341,"THEFT-GRAND ($950.01 & OVER)EXCPT,GUNS,FOWL,LIVESTK,PROD",1822 0344 2032,41,M,K,252,"COFFEE SHOP (STARBUCKS, COFFEE BEAN, PEET'S, ETC.)",,,IC,Invest Cont,341,,,,500 S  WESTERN                      AV,,34.0655,-118.3114
240907011,03/20/2024 12:00:00 AM,03/20/2024 12:00:00 AM,1100,09,Van Nuys,0901,2,930,CRIMINAL THREATS - NO WEAPON DISPLAYED,0421 1822,71,F,W,502,"MULTI-UNIT DWELLING (APARTMENT, DUPLEX, ETC)",511,VERBAL THREAT,IC,Invest Cont,930,,,,7500    ZOMBAR                       AV,,34.2066,-118.4673
241806264,02/18/2024 12:00:00 AM,02/18/2024 12:00:00 AM,1220,18,Southeast,1851,1,761,BRANDISH WEAPON,0913 0602 0334 0443 0356 0432,26,F,B,501,SINGLE FAMILY DWELLING,500,UNKNOWN WEAPON/OTHER WEAPON,IC,Invest Cont,761,930,,,700 W  130TH                        ST,,33.9143,-118.2871
240809305,06/29/2024 12:00:00 AM,06/29/2024 12:00:00 AM,2050,08,West LA,0898,1,230,"ASSAULT WITH DEADLY WEAPON, AGGRAVATED ASSAULT",1300 1309 1501 1402,0,M,H,104,DRIVEWAY,307,VEHICLE,AA,Adult Arrest,230,998,,,CADILLAC,CHARITON,34.0386,-118.3786
240512072,10/19/2024 12:00:00 AM,10/18/2024 12:00:00 AM,1800,05,Harbor,0504,1,510,VEHICLE - STOLEN,,0,,,101,STREET,,,IC,Invest Cont,510,,,,1500 W  204TH                        ST,,33.8449,-118.304
242008218,04/11/2024 12:00:00 AM,04/11/2024 12:00:00 AM,1200,20,Olympic,2033,1,330,BURGLARY FROM VEHICLE,0344 1307 1609 1822,53,F,H,101,STREET,,,IC,Invest Cont,330,,,,700 S  SERRANO                      AV,,34.0577,-118.3066
241005304,02/05/2024 12:00:00 AM,01/29/2024 12:00:00 AM,1145,10,West Valley,1004,1,510,VEHICLE - STOLEN,,0,,,101,STREET,,,IC,Invest Cont,510,,,,18400    INGOMAR                      ST,,34.212,-118.534
241305695,02/06/2024 12:00:00 AM,02/05/2024 12:00:00 AM,0900,13,Newton,1327,1,520,VEHICLE - ATTEMPT STOLEN,0329 0358 1307 1822,32,F,H,101,STREET,,,IC,Invest Cont,520,,,,1400 E  25TH                         ST,,34.0172,-118.2442
241312564,08/27/2024 12:00:00 AM,08/23/2024 12:00:00 AM,0030,13,Newton,1321,1,330,BURGLARY FROM VEHICLE,0344 1300,26,M,B,108,PARKING LOT,,,IC,Invest Cont,330,,,,2500 S  GRAND                        AV,,34.0274,-118.2717
241515564,11/21/2024 12:00:00 AM,11/21/2024 12:00:00 AM,1400,15,N Hollywood,1549,2,888,TRESPASSING,1822 0910 2052,0,X,X,913,MTA - RED LINE - NORTH HOLLYWOOD,,,AA,Adult Arrest,888,,,,5300    LANKERSHIM                   BL,,34.172,-118.3789
240308056,03/20/2024 12:00:00 AM,03/19/2024 12:00:00 AM,1701,03,Southwest,0393,1,331,THEFT FROM MOTOR VEHICLE - GRAND ($950.01 AND OVER),1822 0385 1300 0344,34,F,O,101,STREET,,,IC,Invest Cont,331,,,,4100    LEIMERT                      BL,,34.0098,-118.3242
241511472,06/22/2024 12:00:00 AM,06/09/2024 12:00:00 AM,2030,15,N Hollywood,1501,1,331,THEFT FROM MOTOR VEHICLE - GRAND ($950.01 AND OVER),0344 1822 0329 0385,31,M,H,504,OTHER RESIDENCE,,,IC,Invest Cont,331,,,,13000    RATNER                       ST,,34.2167,-118.4189
241707817,04/03/2024 12:00:00 AM,03/30/2024 12:00:00 AM,1350,17,Devonshire,1791,1,510,VEHICLE - STOLEN,,0,,,101,STREET,,,IC,Invest Cont,510,,,,20700    COMMUNITY                    ST,,34.2222,-118.5842
240213587,08/29/2024 12:00:00 AM,08/29/2024 12:00:00 AM,0750,02,Rampart,0246,2,888,TRESPASSING,2004 0910 1822 2052 1501,0,X,X,904,MTA - RED LINE - WESTLAKE/MACARTHUR PARK,,,IC,Invest Cont,888,,,,600 S  ALVARADO                     ST,,34.0595,-118.2749
240711609,09/23/2024 12:00:00 AM,09/22/2024 12:00:00 AM,2001,07,Wilshire,0785,2,740,"VANDALISM - FELONY ($400 & OVER, ALL CHURCH VANDALISMS)",0311 0329 1822,48,M,O,210,RESTAURANT/FAST FOOD,,,IC,Invest Cont,740,,,,4500 W  WASHINGTON                   BL,,34.0398,-118.3378
241010711,08/28/2024 12:00:00 AM,08/27/2024 12:00:00 AM,1930,10,West Valley,1035,1,420,THEFT FROM MOTOR VEHICLE - PETTY ($950 & UNDER),,0,,,101,STREET,,,IC,Invest Cont,420,,,,6700    RESEDA                       BL,,34.1925,-118.536
241712993,09/20/2024 12:00:00 AM,09/17/2024 12:00:00 AM,0555,17,Devonshire,1794,2,740,"VANDALISM - FELONY ($400 & OVER, ALL CHURCH VANDALISMS)",0329 2004,0,X,X,247,CAR WASH,,,IC,Invest Cont,740,,,,8600    LINDLEY                      AV,,34.2251,-118.5372
241107905,05/04/2024 12:00:00 AM,05/03/2024 12:00:00 AM,1330,11,Northeast,1151,1,420,THEFT FROM MOTOR VEHICLE - PETTY ($950 & UNDER),,0,,,101,STREET,,,IC,Invest Cont,420,,,,1500 N  EDGEMONT                     ST,,34.0982,-118.2961
240712144,10/20/2024 12:00:00 AM,09/04/2024 12:00:00 AM,1900,07,Wilshire,0721,1,510,VEHICLE - STOLEN,,0,,,101,STREET,,,IC,Invest Cont,510,,,,ROBERTSON,ALDEN,34.0753,-118.3837
240805852,02/18/2024 12:00:00 AM,02/18/2024 12:00:00 AM,0445,08,West LA,0816,2,762,LEWD CONDUCT,0500 0528 0538,21,F,W,502,"MULTI-UNIT DWELLING (APARTMENT, DUPLEX, ETC)",,,IC,Invest Cont,762,,,,400    KELTON                       AV,,34.0704,-118.4539
240907695,04/06/2024 12:00:00 AM,04/06/2024 12:00:00 AM,1030,09,Van Nuys,0911,2,910,KIDNAPPING,0421 0418 1402,31,M,H,102,SIDEWALK,400,"STRONG-ARM (HANDS, FIST, FEET OR BODILY FORCE)",IC,Invest Cont,910,998,,,FIRMAMENT,LEMAY                        ST,34.1912,-118.4717
240708071,04/12/2024 12:00:00 AM,03/27/2024 12:00:00 AM,1937,07,Wilshire,0722,1,442,SHOPLIFTING - PETTY THEFT ($950 & UNDER),0344 1822 0104 0325 2028,0,X,X,203,OTHER BUSINESS,,,IC,Invest Cont,442,,,,8400    BEVERLY                      BL,,34.0761,-118.3732
241406782,02/29/2024 12:00:00 AM,02/29/2024 12:00:00 AM,2240,14,Pacific,1413,2,624,BATTERY - SIMPLE ASSAULT,0356,29,F,W,102,SIDEWALK,400,"STRONG-ARM (HANDS, FIST, FEET OR BODILY FORCE)",IC,Invest Cont,624,,,,400    WESTMINSTER                  AV,,33.9923,-118.4705
240511593,09/26/2024 12:00:00 AM,09/26/2024 12:00:00 AM,1421,05,Harbor,0502,1,520,VEHICLE - ATTEMPT STOLEN,0329 1300 1307 1309,34,M,W,108,PARKING LOT,,,IC,Invest Cont,520,,,,1300 W  182ND                        ST,,33.8684,-118.2969
241211264,05/04/2024 12:00:00 AM,05/04/2024 12:00:00 AM,1630,12,77th Street,1241,2,930,CRIMINAL THREATS - NO WEAPON DISPLAYED,,44,F,W,101,STREET,511,VERBAL THREAT,IC,Invest Cont,930,,,,W  67TH                         ST,11TH                         AV,33.9781,-118.3294
240116145,08/05/2024 12:00:00 AM,08/05/2024 12:00:00 AM,0820,01,Central,0119,2,888,TRESPASSING,0910,0,X,X,834,LA UNION STATION (NOT LINE SPECIFIC),,,IC,Invest Cont,888,,,,800 N  ALAMEDA                      ST,,34.0561,-118.2375
240115021,07/20/2024 12:00:00 AM,07/20/2024 12:00:00 AM,0730,01,Central,0166,1,510,VEHICLE - STOLEN,,0,,,101,STREET,,,IC,Invest Cont,510,,,,400 E  7TH                          ST,,34.0421,-118.2469
241111486,10/17/2024 12:00:00 AM,10/15/2024 12:00:00 AM,1322,11,Northeast,1161,1,440,THEFT PLAIN - PETTY ($950 & UNDER),0394,32,F,X,116,OTHER/OUTSIDE,,,IC,Invest Cont,440,,,,1100 N  KENMORE                      AV,,34.0908,-118.2974
241511931,07/10/2024 12:00:00 AM,07/08/2024 12:00:00 AM,0430,15,N Hollywood,1505,2,740,"VANDALISM - FELONY ($400 & OVER, ALL CHURCH VANDALISMS)",0329 1300 1822,58,F,H,123,PARKING UNDERGROUND/BUILDING,,,IC,Invest Cont,740,,,,11400    SHERMAN                      WY,,34.2012,-118.379
241508672,04/06/2024 12:00:00 AM,04/06/2024 12:00:00 AM,1730,15,N Hollywood,1555,2,624,BATTERY - SIMPLE ASSAULT,1822 0448,23,M,W,210,RESTAURANT/FAST FOOD,400,"STRONG-ARM (HANDS, FIST, FEET OR BODILY FORCE)",AO,Adult Other,624,,,,4700    LANKERSHIM                   BL,,34.1589,-118.3742
242112013,09/29/2024 12:00:00 AM,09/29/2024 12:00:00 AM,2235,21,Topanga,2173,2,740,"VANDALISM - FELONY ($400 & OVER, ALL CHURCH VANDALISMS)",0329 1307,28,F,H,108,PARKING LOT,,,IC,Invest Cont,740,,,,23100    VENTURA                      BL,,34.1637,-118.6289
241805875,02/09/2024 12:00:00 AM,02/09/2024 12:00:00 AM,0130,18,Southeast,1823,2,902,VIOLATION OF TEMPORARY RESTRAINING ORDER,2038,28,F,H,501,SINGLE FAMILY DWELLING,,,IC,Invest Cont,902,,,,400 E  99TH                         ST,,33.9465,-118.2674
240913570,12/10/2024 12:00:00 AM,10/12/2024 12:00:00 AM,1245,09,Van Nuys,0963,1,341,"THEFT-GRAND ($950.01 & OVER)EXCPT,GUNS,FOWL,LIVESTK,PROD",0344,38,M,W,501,SINGLE FAMILY DWELLING,,,IC,Invest Cont,341,,,,4800    VISTA DEL MONTE              AV,,34.1586,-118.4504
241912487,10/21/2024 12:00:00 AM,10/19/2024 12:00:00 AM,2345,19,Mission,1921,1,420,THEFT FROM MOTOR VEHICLE - PETTY ($950 & UNDER),0344 1822 1606,29,F,W,108,PARKING LOT,,,IC,Invest Cont,420,,,,12800    ENCINITAS                    AV,,34.3024,-118.477
241706850,03/10/2024 12:00:00 AM,03/10/2024 12:00:00 AM,1220,17,Devonshire,1764,1,230,"ASSAULT WITH DEADLY WEAPON, AGGRAVATED ASSAULT",0302 1402 0334 0913 0361,27,F,H,502,"MULTI-UNIT DWELLING (APARTMENT, DUPLEX, ETC)",102,HAND GUN,AO,Adult Other,230,998,,,9400    CORBIN                       AV,,34.241,-118.5623
240611805,09/11/2024 12:00:00 AM,09/11/2024 12:00:00 AM,0615,06,Hollywood,0645,2,888,TRESPASSING,1501 1822,0,X,X,809,METROLINK TRAIN,,,IC,Invest Cont,888,,,,6800    HOLLYWOOD                    BL,,34.1016,-118.3387
242004167,01/06/2024 12:00:00 AM,01/06/2024 12:00:00 AM,0920,20,Olympic,2039,1,236,INTIMATE PARTNER - AGGRAVATED ASSAULT,0913 2000 1813 0340 0416 0446 0429 2034 2002 0408,22,F,H,101,STREET,400,"STRONG-ARM (HANDS, FIST, FEET OR BODILY FORCE)",AA,Adult Arrest,236,,,,2800    SUNSET                       PL,,34.0608,-118.2842
241005019,01/27/2024 12:00:00 AM,01/27/2024 12:00:00 AM,0130,10,West Valley,1079,1,220,ATTEMPTED ROBBERY,1822 0400 2004 0334 1236 0355,54,F,W,203,OTHER BUSINESS,201,KNIFE WITH BLADE OVER 6 INCHES IN LENGTH,IC,Invest Cont,220,,,,15600    VENTURA                      BL,,34.1599,-118.4766
242112619,10/22/2024 12:00:00 AM,10/21/2024 12:00:00 AM,1300,21,Topanga,2158,1,331,THEFT FROM MOTOR VEHICLE - GRAND ($950.01 AND OVER),0377 0352 1606 0344,28,M,B,707,GARAGE/CARPORT,,,IC,Invest Cont,331,,,,21000    ERWIN                        ST,,34.1828,-118.5916
240117791,08/31/2024 12:00:00 AM,08/30/2024 12:00:00 AM,2347,01,Central,0185,1,330,BURGLARY FROM VEHICLE,1300 0344 1606,45,M,F,123,PARKING UNDERGROUND/BUILDING,,,IC,Invest Cont,330,,,,S  BROADWAY,W  OLYMPIC                      BL,34.0409,-118.2574
242010992,08/24/2024 12:00:00 AM,08/24/2024 12:00:00 AM,0705,20,Olympic,2024,2,888,TRESPASSING,0910,0,X,X,922,MTA - PURPLE LINE - WILSHIRE/WESTERN,,,IC,Invest Cont,888,,,,3700    WILSHIRE                     BL,,34.0636,-118.3047
241710845,06/29/2024 12:00:00 AM,06/18/2024 12:00:00 AM,1705,17,Devonshire,1729,1,442,SHOPLIFTING - PETTY THEFT ($950 & UNDER),0344 0325,0,X,X,404,DEPARTMENT STORE,,,IC,Invest Cont,442,,,,11100    BALBOA                       BL,,34.2757,-118.5144
241710029,06/02/2024 12:00:00 AM,06/02/2024 12:00:00 AM,1600,17,Devonshire,1751,1,420,THEFT FROM MOTOR VEHICLE - PETTY ($950 & UNDER),,0,,,101,STREET,,,IC,Invest Cont,420,,,,10100    JORDAN                       AV,,34.2541,-118.6039
240404535,01/18/2024 12:00:00 AM,01/18/2024 12:00:00 AM,0737,04,Hollenbeck,0422,1,230,"ASSAULT WITH DEADLY WEAPON, AGGRAVATED ASSAULT",2004 0334 0400 0416 1822,47,M,W,101,STREET,500,UNKNOWN WEAPON/OTHER WEAPON,IC,Invest Cont,230,,,,2300    SICHEL                       ST,,34.0719,-118.213
240216949,11/11/2024 12:00:00 AM,11/10/2024 12:00:00 AM,2200,02,Rampart,0218,1,510,VEHICLE - STOLEN,,0,,,101,STREET,,,IC,Invest Cont,510,,,,1100    LAGUNA                       AV,,34.0754,-118.2569
241104022,01/01/2024 12:00:00 AM,01/01/2024 12:00:00 AM,0150,11,Northeast,1184,1,230,"ASSAULT WITH DEADLY WEAPON, AGGRAVATED ASSAULT",1234 1822 0408 0429 0416 0444,43,M,H,207,BAR/COCKTAIL/NIGHTCLUB,400,"STRONG-ARM (HANDS, FIST, FEET OR BODILY FORCE)",IC,Invest Cont,230,,,,1400 W  SUNSET                       BL,,34.0812,-118.252
241806573,02/25/2024 12:00:00 AM,02/25/2024 12:00:00 AM,0745,18,Southeast,1823,1,210,ROBBERY,0344 1822 0416 0346,48,F,B,101,STREET,400,"STRONG-ARM (HANDS, FIST, FEET OR BODILY FORCE)",IC,Invest Cont,210,,,,CENTURY,AVALON,33.9456,-118.2652
241804480,01/10/2024 12:00:00 AM,01/01/2024 12:00:00 AM,0145,18,Southeast,1835,1,761,BRANDISH WEAPON,0334 0913,35,F,B,104,DRIVEWAY,109,SEMI-AUTOMATIC PISTOL,IC,Invest Cont,761,,,,10500    PACE                         AV,,33.941,-118.253
241913027,11/11/2024 12:00:00 AM,11/09/2024 12:00:00 AM,1824,19,Mission,1998,1,442,SHOPLIFTING - PETTY THEFT ($950 & UNDER),2028 0325,25,F,H,405,CLOTHING STORE,,,AA,Adult Arrest,442,,,,7800    VAN NUYS                     BL,,34.2153,-118.4409
241105174,02/01/2024 12:00:00 AM,01/03/2024 12:00:00 AM,1924,11,Northeast,1132,1,331,THEFT FROM MOTOR VEHICLE - GRAND ($950.01 AND OVER),0344 1300,42,M,W,103,ALLEY,,,IC,Invest Cont,331,,,,3200    ROWENA                       AV,,34.1141,-118.2755
241511775,07/03/2024 12:00:00 AM,07/03/2024 12:00:00 AM,1434,15,N Hollywood,1511,1,343,SHOPLIFTING-GRAND THEFT ($950.01 & OVER),1822 0344 1300 1309,39,M,H,217,AUTO REPAIR SHOP,,,IC,Invest Cont,343,,,,13100    SHERMAN                      WY,,34.2037,-118.421
241808248,03/31/2024 12:00:00 AM,03/31/2024 12:00:00 AM,1850,18,Southeast,1871,1,341,"THEFT-GRAND ($950.01 & OVER)EXCPT,GUNS,FOWL,LIVESTK,PROD",1300 1822 0216 0315 0344 0325 0342,0,X,X,401,MINI-MART,,,IC,Invest Cont,341,,,,800 W  ROSECRANS                    AV,,33.9019,-118.2893
240905882,02/20/2024 12:00:00 AM,02/19/2024 12:00:00 AM,0001,09,Van Nuys,0923,2,740,"VANDALISM - FELONY ($400 & OVER, ALL CHURCH VANDALISMS)",0329 1822,46,M,W,122,"VEHICLE, PASSENGER/TRUCK",,,IC,Invest Cont,740,,,,14600    GILMORE                      ST,,34.1877,-118.4509
242105193,01/30/2024 12:00:00 AM,01/22/2024 12:00:00 AM,2145,21,Topanga,2158,1,330,BURGLARY FROM VEHICLE,0344 0377,53,F,B,707,GARAGE/CARPORT,,,IC,Invest Cont,330,,,,6300    DE SOTO                      AV,,34.1844,-118.5888
242006148,02/20/2024 12:00:00 AM,02/20/2024 12:00:00 AM,2100,20,Olympic,2014,2,626,INTIMATE PARTNER - SIMPLE ASSAULT,2002 0400 0417 0432 0444 1202 1243 1813 2000,65,F,H,502,"MULTI-UNIT DWELLING (APARTMENT, DUPLEX, ETC)",400,"STRONG-ARM (HANDS, FIST, FEET OR BODILY FORCE)",AO,Adult Other,626,,,,200 S  NORMANDIE                    AV,,34.0726,-118.3029
240119555,10/06/2024 12:00:00 AM,10/05/2024 12:00:00 AM,2105,01,Central,0163,1,510,VEHICLE - STOLEN,,0,,,108,PARKING LOT,,,IC,Invest Cont,510,,,,800 S  HILL                         ST,,34.0445,-118.2558
240208522,04/04/2024 12:00:00 AM,04/02/2024 12:00:00 AM,1930,02,Rampart,0233,1,341,"THEFT-GRAND ($950.01 & OVER)EXCPT,GUNS,FOWL,LIVESTK,PROD",1822 0344 2032,29,M,W,402,MARKET,,,IC,Invest Cont,341,,,,2800    BEVERLY                      BL,,34.0706,-118.2793
240705258,01/29/2024 12:00:00 AM,01/27/2024 12:00:00 AM,1434,07,Wilshire,0782,1,440,THEFT PLAIN - PETTY ($950 & UNDER),0344,27,M,H,701,HOSPITAL,,,IC,Invest Cont,440,,,,6000    CADILLAC                     AV,,34.0374,-118.3742
240114485,07/12/2024 12:00:00 AM,07/12/2024 12:00:00 AM,1915,01,Central,0195,2,668,"EMBEZZLEMENT, GRAND THEFT ($950.01 & OVER)",1501,0,X,X,101,STREET,,,IC,Invest Cont,668,,,,1800 S  MAIN                         ST,,34.0316,-118.2641
241306040,02/14/2024 12:00:00 AM,02/14/2024 12:00:00 AM,0930,13,Newton,1313,1,210,ROBBERY,0910 0346 2048 1822 1206 0444 0344,24,F,H,934,MTA - BLUE LINE - SAN PEDRO,400,"STRONG-ARM (HANDS, FIST, FEET OR BODILY FORCE)",IC,Invest Cont,210,,,,SAN PEDRO                    ST,WASHINGTON                   BL,34.0276,-118.2574
241313601,10/03/2024 12:00:00 AM,10/03/2024 12:00:00 AM,0001,13,Newton,1365,1,510,VEHICLE - STOLEN,,0,,,101,STREET,,,IC,Invest Cont,510,,,,1300 E  53RD                         ST,,33.9994,-118.2499
241512069,07/15/2024 12:00:00 AM,07/15/2024 12:00:00 AM,2020,15,N Hollywood,1548,1,341,"THEFT-GRAND ($950.01 & OVER)EXCPT,GUNS,FOWL,LIVESTK,PROD",0344 1822 1420 2032,26,M,B,717,HEALTH SPA/GYM,,,IC,Invest Cont,341,,,,5300    LANKERSHIM                   BL,,34.167,-118.3759
240305944,02/07/2024 12:00:00 AM,02/06/2024 12:00:00 AM,2225,03,Southwest,0363,1,440,THEFT PLAIN - PETTY ($950 & UNDER),0344 1822,75,F,B,404,DEPARTMENT STORE,,,IC,Invest Cont,440,,,,3600 W  MARTIN LUTHER KING JR        BL,,34.0109,-118.3351
241814704,11/16/2024 12:00:00 AM,11/16/2024 12:00:00 AM,1404,18,Southeast,1804,1,442,SHOPLIFTING - PETTY THEFT ($950 & UNDER),0325 1822 0344,0,X,X,405,CLOTHING STORE,,,IC,Invest Cont,442,,,,8600    AVALON                       BL,,33.9601,-118.2651
240706977,03/11/2024 12:00:00 AM,03/08/2024 12:00:00 AM,1540,07,Wilshire,0702,2,624,BATTERY - SIMPLE ASSAULT,0400 0444 0913,15,M,H,721,HIGH SCHOOL,400,"STRONG-ARM (HANDS, FIST, FEET OR BODILY FORCE)",IC,Invest Cont,624,,,,7800    MELROSE                      AV,,34.0838,-118.3595
241407309,03/04/2024 12:00:00 AM,03/01/2024 12:00:00 AM,0930,14,Pacific,1414,2,740,"VANDALISM - FELONY ($400 & OVER, ALL CHURCH VANDALISMS)",0329,47,M,O,101,STREET,,,IC,Invest Cont,740,,,,200    RUTH                         AV,,34.0011,-118.4728
241204963,01/15/2024 12:00:00 AM,01/15/2024 12:00:00 AM,1915,12,77th Street,1213,2,740,"VANDALISM - FELONY ($400 & OVER, ALL CHURCH VANDALISMS)",0329,15,F,B,501,SINGLE FAMILY DWELLING,306,ROCK/THROWN OBJECT,IC,Invest Cont,740,,,,1700 W  57TH                         ST,,33.9906,-118.307
241107248,04/06/2024 12:00:00 AM,04/06/2024 12:00:00 AM,0430,11,Northeast,1129,1,510,VEHICLE - STOLEN,,0,,,104,DRIVEWAY,,,IC,Invest Cont,510,,,,6500    PICKWICK                     ST,,34.1233,-118.1752
240808686,05/28/2024 12:00:00 AM,05/28/2024 12:00:00 AM,1730,08,West LA,0893,1,440,THEFT PLAIN - PETTY ($950 & UNDER),0344 1822 0346,32,F,C,809,METROLINK TRAIN,,,IC,Invest Cont,440,,,,EXPOSITION,SEPULVEDA,34.0348,-118.4365
240308220,03/23/2024 12:00:00 AM,03/16/2024 12:00:00 AM,1800,03,Southwest,0398,2,649,DOCUMENT FORGERY / STOLEN FELONY,0100 0104 1300 1822,23,X,X,255,"AUTO DEALERSHIP (CHEVY, FORD, BMW, MERCEDES, ETC.)",,,IC,Invest Cont,649,,,,700 W  MARTIN LUTHER KING JR        BL,,34.0111,-118.2859
240610331,07/02/2024 12:00:00 AM,07/02/2024 12:00:00 AM,1130,06,Hollywood,0666,1,330,BURGLARY FROM VEHICLE,1822 1300 0344 1501,0,X,X,101,STREET,500,UNKNOWN WEAPON/OTHER WEAPON,IC,Invest Cont,330,,,,1100    VINE                         ST,,34.0907,-118.3266
242013555,11/14/2024 12:00:00 AM,11/01/2024 12:00:00 AM,2303,20,Olympic,2039,1,480,BIKE - STOLEN,0344 1822,0,X,X,135,MTA PROPERTY OR PARKING LOT,,,IC,Invest Cont,480,,,,2800    SUNSET                       PL,,34.0608,-118.2842
240121438,11/20/2024 12:00:00 AM,11/13/2024 12:00:00 AM,1142,01,Central,0156,1,341,"THEFT-GRAND ($950.01 & OVER)EXCPT,GUNS,FOWL,LIVESTK,PROD",0344 0394,25,M,W,501,SINGLE FAMILY DWELLING,,,IC,Invest Cont,341,,,,300 E  5TH                          ST,,34.0449,-118.2458
242113291,11/21/2024 12:00:00 AM,11/14/2024 12:00:00 AM,0001,21,Topanga,2189,1,440,THEFT PLAIN - PETTY ($950 & UNDER),0344 0397,41,F,B,123,PARKING UNDERGROUND/BUILDING,,,IC,Invest Cont,440,480,,,20600    VENTURA                      BL,,34.1674,-118.5821
241308886,04/30/2024 12:00:00 AM,04/28/2024 12:00:00 AM,1000,13,Newton,1331,1,510,VEHICLE - STOLEN,,0,,,101,STREET,,,IC,Invest Cont,510,,,,28TH                         ST,MAIN,34.0231,-118.2698
241509057,04/16/2024 12:00:00 AM,04/15/2024 12:00:00 AM,1700,15,N Hollywood,1526,2,625,OTHER ASSAULT,0522 1258 2002 0910,54,F,B,801,MTA BUS,400,"STRONG-ARM (HANDS, FIST, FEET OR BODILY FORCE)",IC,Invest Cont,625,,,,6400    LANKERSHIM                   BL,,34.1868,-118.3878
241911783,09/18/2024 12:00:00 AM,08/18/2024 12:00:00 AM,1149,19,Mission,1954,1,442,SHOPLIFTING - PETTY THEFT ($950 & UNDER),0325,48,F,X,404,DEPARTMENT STORE,,,IC,Invest Cont,442,,,,10300 N  SEPULVEDA                    BL,,34.2573,-118.4673
241209638,04/07/2024 12:00:00 AM,04/07/2024 12:00:00 AM,1050,12,77th Street,1231,2,930,CRIMINAL THREATS - NO WEAPON DISPLAYED,1309 1822 0919 0444 0421 0432,47,M,W,101,STREET,511,VERBAL THREAT,AO,Adult Other,930,,,,4200 W  58TH                         PL,,33.988,-118.3477
240308553,03/22/2024 12:00:00 AM,03/20/2024 12:00:00 AM,1700,03,Southwest,0315,1,440,THEFT PLAIN - PETTY ($950 & UNDER),0344 1202 1822,97,F,B,501,SINGLE FAMILY DWELLING,,,IC,Invest Cont,440,,,,2000 W  ADAMS                        BL,,34.0327,-118.309
241512680,08/09/2024 12:00:00 AM,08/09/2024 12:00:00 AM,1500,15,N Hollywood,1596,1,440,THEFT PLAIN - PETTY ($950 & UNDER),0344 0394 1822,41,M,W,119,"PORCH, RESIDENTIAL",,,IC,Invest Cont,440,,,,3800    VINELAND                     AV,,34.1377,-118.3684
241708926,04/29/2024 12:00:00 AM,04/29/2024 12:00:00 AM,0115,17,Devonshire,1794,1,230,"ASSAULT WITH DEADLY WEAPON, AGGRAVATED ASSAULT",0411 1259 1251 0202 1822 0443,14,M,H,106,TUNNEL,207,OTHER KNIFE,IC,Invest Cont,230,,,,8700    WILBUR                       AV,,34.2283,-118.5448
240912440,10/19/2024 12:00:00 AM,10/19/2024 12:00:00 AM,1000,09,Van Nuys,0932,1,510,VEHICLE - STOLEN,,0,,,101,STREET,,,IC,Invest Cont,510,,,,DELANO                       ST,LEMONA                       AV,34.1826,-118.4596
240706814,03/07/2024 12:00:00 AM,03/05/2024 12:00:00 AM,1800,07,Wilshire,0705,2,956,"LETTERS, LEWD  -  TELEPHONE CALLS, LEWD",0903 1536 2054 1822 1906,27,M,W,501,SINGLE FAMILY DWELLING,,,IC,Invest Cont,956,,,,800 N  FORMOSA                      AV,,34.0853,-118.3462
240107602,02/20/2024 12:00:00 AM,02/20/2024 12:00:00 AM,1850,01,Central,0182,1,330,BURGLARY FROM VEHICLE,0344 1307,31,M,W,108,PARKING LOT,,,IC,Invest Cont,330,,,,12TH                         ST,OLIVE,34.0394,-118.2623
241406044,02/14/2024 12:00:00 AM,02/13/2024 12:00:00 AM,0700,14,Pacific,1489,1,341,"THEFT-GRAND ($950.01 & OVER)EXCPT,GUNS,FOWL,LIVESTK,PROD",1822 0344,63,M,W,102,SIDEWALK,500,UNKNOWN WEAPON/OTHER WEAPON,IC,Invest Cont,341,,,,9500    LA CIENEGA                   BL,,33.95,-118.3701
241304905,01/20/2024 12:00:00 AM,01/20/2024 12:00:00 AM,1930,13,Newton,1367,1,210,ROBBERY,0449 0336 1822 0352 0344,41,F,H,102,SIDEWALK,500,UNKNOWN WEAPON/OTHER WEAPON,IC,Invest Cont,210,,,,57TH                         ST,HOOPER                       AV,33.9993,-118.2432
240510017,07/09/2024 12:00:00 AM,07/08/2024 12:00:00 AM,1800,05,Harbor,0525,1,510,VEHICLE - STOLEN,,0,,,101,STREET,,,IC,Invest Cont,510,,,,G                            ST,BROAD                        AV,33.7739,-118.2678
240608490,04/13/2024 12:00:00 AM,04/12/2024 12:00:00 AM,1925,06,Hollywood,0663,1,440,THEFT PLAIN - PETTY ($950 & UNDER),1501,33,F,A,102,SIDEWALK,,,IC,Invest Cont,440,,,,WILLOUGHBY                   AV,N  LAS PALMAS,34.0871,-118.3363
240119704,10/09/2024 12:00:00 AM,10/09/2024 12:00:00 AM,0700,01,Central,0119,2,888,TRESPASSING,0910 2004,0,M,O,900,MTA - RED LINE - UNION STATION,,,IC,Invest Cont,888,,,,800 N  ALAMEDA                      ST,,34.0561,-118.2375
242006911,03/07/2024 12:00:00 AM,03/07/2024 12:00:00 AM,2230,20,Olympic,2042,2,740,"VANDALISM - FELONY ($400 & OVER, ALL CHURCH VANDALISMS)",1814 1206 0329 0913 1268 2000,24,F,H,502,"MULTI-UNIT DWELLING (APARTMENT, DUPLEX, ETC)",,,IC,Invest Cont,740,,,,3700    SAN MARINO                   ST,,34.0564,-118.3131
240704851,01/21/2024 12:00:00 AM,01/20/2024 12:00:00 AM,2000,07,Wilshire,0753,1,510,VEHICLE - STOLEN,,0,,,101,STREET,,,IC,Invest Cont,510,,,,5800    PACKARD                      ST,,34.0529,-118.3638
240909057,05/11/2024 12:00:00 AM,05/11/2024 12:00:00 AM,1100,09,Van Nuys,0989,1,341,"THEFT-GRAND ($950.01 & OVER)EXCPT,GUNS,FOWL,LIVESTK,PROD",0344 0352 1822,30,M,W,717,HEALTH SPA/GYM,,,IC,Invest Cont,341,,,,13700    VENTURA                      BL,,34.148,-118.4312
240808352,05/14/2024 12:00:00 AM,05/13/2024 12:00:00 AM,1109,08,West LA,0852,1,442,SHOPLIFTING - PETTY THEFT ($950 & UNDER),0325 1822 1420,0,X,X,203,OTHER BUSINESS,,,IC,Invest Cont,442,,,,11800    SANTA MONICA                 BL,,34.0428,-118.4582
240307691,03/12/2024 12:00:00 AM,03/12/2024 12:00:00 AM,1550,03,Southwest,0319,2,624,BATTERY - SIMPLE ASSAULT,0305 0342 0417 0429 1822 1259 1251 0416 0216,14,M,H,729,SPECIALTY SCHOOL/OTHER,400,"STRONG-ARM (HANDS, FIST, FEET OR BODILY FORCE)",IC,Invest Cont,624,,,,2300    FIGUEROA                     WY,,34.0311,-118.275
241804168,01/03/2024 12:00:00 AM,01/03/2024 12:00:00 AM,2140,18,Southeast,1849,1,510,VEHICLE - STOLEN,,0,,,101,STREET,,,IC,Invest Cont,510,,,,109TH,WILMINGTON,33.9327,-118.2351
242104498,01/13/2024 12:00:00 AM,01/11/2024 12:00:00 AM,2200,21,Topanga,2136,1,510,VEHICLE - STOLEN,,0,,,101,STREET,,,IC,Invest Cont,510,,,,7300    ALABAMA                      AV,,34.2028,-118.599
240613564,11/24/2024 12:00:00 AM,08/01/2024 12:00:00 AM,1300,06,Hollywood,0663,1,341,"THEFT-GRAND ($950.01 & OVER)EXCPT,GUNS,FOWL,LIVESTK,PROD",1822 0344 1501,20,F,W,501,SINGLE FAMILY DWELLING,,,IC,Invest Cont,341,,,,6600    SANTA MONICA                 BL,,34.0907,-118.3332
240811794,10/21/2024 12:00:00 AM,10/18/2024 12:00:00 AM,1700,08,West LA,0849,1,331,THEFT FROM MOTOR VEHICLE - GRAND ($950.01 AND OVER),0344 1822,42,M,H,504,OTHER RESIDENCE,,,IC,Invest Cont,331,,,,900 S  BEDFORD                      ST,,34.0609,-118.3803
241105164,01/28/2024 12:00:00 AM,01/28/2024 12:00:00 AM,1100,11,Northeast,1148,1,331,THEFT FROM MOTOR VEHICLE - GRAND ($950.01 AND OVER),0344,28,M,W,101,STREET,,,IC,Invest Cont,331,,,,700    TERRACE 49,,34.1104,-118.2098
241515824,12/06/2024 12:00:00 AM,11/30/2024 12:00:00 AM,1820,15,N Hollywood,1525,1,442,SHOPLIFTING - PETTY THEFT ($950 & UNDER),0325,35,M,X,406,OTHER STORE,,,IC,Invest Cont,442,,,,6100    LAUREL CANYON                BL,,34.1814,-118.3965
240410121,09/14/2024 12:00:00 AM,09/11/2024 12:00:00 AM,1345,04,Hollenbeck,0477,1,440,THEFT PLAIN - PETTY ($950 & UNDER),0344,57,F,H,704,ELEMENTARY SCHOOL,,,IC,Invest Cont,440,,,,1000 S  SOTO                         ST,,34.0323,-118.217
240504085,01/01/2024 12:00:00 AM,01/01/2024 12:00:00 AM,1259,05,Harbor,0569,2,740,"VANDALISM - FELONY ($400 & OVER, ALL CHURCH VANDALISMS)",0329 0311,0,X,X,506,ABANDONED BUILDING ABANDONED HOUSE,,,IC,Invest Cont,740,,,,2500    SIGNAL                       ST,,33.7203,-118.2723
240713147,12/09/2024 12:00:00 AM,12/05/2024 12:00:00 AM,1618,07,Wilshire,0721,1,442,SHOPLIFTING - PETTY THEFT ($950 & UNDER),0325,23,X,X,203,OTHER BUSINESS,,,IC,Invest Cont,442,,,,8500    BEVERLY                      BL,,34.0761,-118.3766
241704247,01/07/2024 12:00:00 AM,01/07/2024 12:00:00 AM,0115,17,Devonshire,1758,1,341,"THEFT-GRAND ($950.01 & OVER)EXCPT,GUNS,FOWL,LIVESTK,PROD",,0,,,101,STREET,,,IC,Invest Cont,341,,,,16300    MAYALL                       ST,,34.2538,-118.4872
240304656,01/13/2024 12:00:00 AM,01/13/2024 12:00:00 AM,1500,03,Southwest,0379,2,901,VIOLATION OF RESTRAINING ORDER,0360 0554 0913 2004 2021 2038,39,F,B,501,SINGLE FAMILY DWELLING,,,AA,Adult Arrest,901,,,,3900 S  BUDLONG                      AV,,34.0155,-118.2959
240408446,06/27/2024 12:00:00 AM,06/22/2024 12:00:00 AM,1330,04,Hollenbeck,0422,1,341,"THEFT-GRAND ($950.01 & OVER)EXCPT,GUNS,FOWL,LIVESTK,PROD",0344 0394,31,M,C,501,SINGLE FAMILY DWELLING,,,IC,Invest Cont,341,,,,2200    SICHEL                       ST,,34.0702,-118.213
241911740,09/18/2024 12:00:00 AM,09/17/2024 12:00:00 AM,1200,19,Mission,1984,1,420,THEFT FROM MOTOR VEHICLE - PETTY ($950 & UNDER),,0,,,122,"VEHICLE, PASSENGER/TRUCK",,,IC,Invest Cont,420,,,,WILLIS                       ST,PARTHENIA                    ST,34.2281,-118.4553
241509353,04/21/2024 12:00:00 AM,04/20/2024 12:00:00 AM,1700,15,N Hollywood,1596,1,510,VEHICLE - STOLEN,,0,,,101,STREET,,,IC,Invest Cont,510,,,,3700    BERRY                        DR,,34.1346,-118.3759
241215732,09/29/2024 12:00:00 AM,09/27/2024 12:00:00 AM,2200,12,77th Street,1268,1,510,VEHICLE - STOLEN,,0,,,101,STREET,,,IC,Invest Cont,510,,,,80TH                         ST,MAIN                         ST,33.967,-118.2739
242110489,07/22/2024 12:00:00 AM,07/17/2024 12:00:00 AM,1641,21,Topanga,2187,1,442,SHOPLIFTING - PETTY THEFT ($950 & UNDER),0325 0378,0,M,W,406,OTHER STORE,,,AA,Adult Arrest,442,,,,21900    VENTURA                      BL,,34.1685,-118.6038
241407120,03/08/2024 12:00:00 AM,03/08/2024 12:00:00 AM,0230,14,Pacific,1466,2,626,INTIMATE PARTNER - SIMPLE ASSAULT,0401 2000,70,M,W,501,SINGLE FAMILY DWELLING,400,"STRONG-ARM (HANDS, FIST, FEET OR BODILY FORCE)",AO,Adult Other,626,,,,7100    ALVERSTONE                   AV,,33.9765,-118.3971
242009338,05/30/2024 12:00:00 AM,05/30/2024 12:00:00 AM,0915,20,Olympic,2031,1,330,BURGLARY FROM VEHICLE,1822 0344 0352 1221 1307,51,M,W,108,PARKING LOT,,,IC,Invest Cont,330,,,,3900    WILSHIRE                     BL,,34.0617,-118.3115
240913037,11/15/2024 12:00:00 AM,11/14/2024 12:00:00 AM,2300,09,Van Nuys,0935,1,230,"ASSAULT WITH DEADLY WEAPON, AGGRAVATED ASSAULT",1100 1300 1310 0430 1402,48,M,H,101,STREET,106,UNKNOWN FIREARM,IC,Invest Cont,230,998,,,14100    DELANO                       ST,,34.1827,-118.44
242004536,01/01/2024 12:00:00 AM,01/01/2024 12:00:00 AM,0630,20,Olympic,2025,1,330,BURGLARY FROM VEHICLE,1822 0344,40,F,A,123,PARKING UNDERGROUND/BUILDING,,,IC,Invest Cont,330,,,,300 S  MARIPOSA                     AV,,34.069,-118.2991
240109835,04/01/2024 12:00:00 AM,04/01/2024 12:00:00 AM,1250,01,Central,0152,2,624,BATTERY - SIMPLE ASSAULT,2021 2048 1822 0400 0910 0417,60,M,B,903,MTA - RED LINE - 7TH AND METRO CENTER,400,"STRONG-ARM (HANDS, FIST, FEET OR BODILY FORCE)",IC,Invest Cont,624,,,,7TH                          ST,FLOWER                       ST,34.049,-118.2592
240310624,05/19/2024 12:00:00 AM,05/18/2024 12:00:00 AM,0430,03,Southwest,0315,1,510,VEHICLE - STOLEN,,0,,,101,STREET,,,IC,Invest Cont,510,,,,2200 W  24TH                         ST,,34.0349,-118.3148
241504521,01/10/2024 12:00:00 AM,01/04/2024 12:00:00 AM,1800,15,N Hollywood,1585,1,442,SHOPLIFTING - PETTY THEFT ($950 & UNDER),1822 0325,0,X,X,405,CLOTHING STORE,,,AA,Adult Arrest,442,,,,11200    VENTURA                      BL,,34.143,-118.3727
241310658,06/24/2024 12:00:00 AM,06/24/2024 12:00:00 AM,1825,13,Newton,1317,1,510,VEHICLE - STOLEN,,0,,,101,STREET,,,IC,Invest Cont,510,,,,20TH                         ST,LONG BEACH                   AV,34.0188,-118.2432
240611587,09/02/2024 12:00:00 AM,01/02/2024 12:00:00 AM,1340,06,Hollywood,0636,2,946,OTHER MISCELLANEOUS CRIME,0921 1528,38,F,O,502,"MULTI-UNIT DWELLING (APARTMENT, DUPLEX, ETC)",,,IC,Invest Cont,946,999,,,6700    FRANKLIN                     PL,,34.1042,-118.3362
240907436,03/31/2024 12:00:00 AM,03/30/2024 12:00:00 AM,1615,09,Van Nuys,0911,1,210,ROBBERY,1822 0448 0444 0344 0945 1420,0,X,X,210,RESTAURANT/FAST FOOD,400,"STRONG-ARM (HANDS, FIST, FEET OR BODILY FORCE)",IC,Invest Cont,210,,,,6400 N  SEPULVEDA                    BL,,34.1938,-118.4702
240605449,01/27/2024 12:00:00 AM,01/25/2024 12:00:00 AM,2112,06,Hollywood,0626,1,330,BURGLARY FROM VEHICLE,1300 1609 1307,31,F,H,504,OTHER RESIDENCE,,,IC,Invest Cont,330,,,,FRANKLIN                     AV,IVAR                         AV,34.1053,-118.329
241406785,03/01/2024 12:00:00 AM,02/06/2024 12:00:00 AM,1200,14,Pacific,1479,2,354,THEFT OF IDENTITY,0377,57,M,W,101,STREET,,,IC,Invest Cont,354,,,,7700    HINDRY                       AV,,33.9673,-118.3748
241413889,10/06/2024 12:00:00 AM,10/05/2024 12:00:00 AM,1750,14,Pacific,1444,1,442,SHOPLIFTING - PETTY THEFT ($950 & UNDER),0344 0325,0,X,X,202,LIQUOR STORE,,,IC,Invest Cont,442,,,,4200    LINCOLN                      BL,,33.9868,-118.4444
241305457,02/01/2024 12:00:00 AM,01/31/2024 12:00:00 AM,2330,13,Newton,1347,1,210,ROBBERY,1822 0344 0302 0337 1252 1309,52,F,H,102,SIDEWALK,109,SEMI-AUTOMATIC PISTOL,IC,Invest Cont,210,,,,1800 E  MARTIN LUTHER KING JR        BL,,34.0098,-118.2413
240215412,10/02/2024 12:00:00 AM,10/02/2024 12:00:00 AM,1400,02,Rampart,0269,1,510,VEHICLE - STOLEN,,23,M,W,108,PARKING LOT,,,AO,Adult Other,510,,,,1500 W  8TH                          ST,,34.0511,-118.2707
242012072,09/25/2024 12:00:00 AM,09/20/2024 12:00:00 AM,2020,20,Olympic,2056,1,330,BURGLARY FROM VEHICLE,1822 0344,0,,,102,SIDEWALK,,,IC,Invest Cont,330,,,,1100 S  BERENDO                      ST,,34.0509,-118.2937
240611481,08/28/2024 12:00:00 AM,08/27/2024 12:00:00 AM,0648,06,Hollywood,0648,1,331,THEFT FROM MOTOR VEHICLE - GRAND ($950.01 AND OVER),1822 0344 1300,36,M,H,503,HOTEL,,,IC,Invest Cont,331,,,,1600 N  WESTERN                      AV,,34.1001,-118.3092
240510004,07/08/2024 12:00:00 AM,07/08/2024 12:00:00 AM,0530,05,Harbor,0525,1,420,THEFT FROM MOTOR VEHICLE - PETTY ($950 & UNDER),,0,,,101,STREET,,,IC,Invest Cont,420,,,,900 W  D                            ST,,33.7736,-118.2724
240507700,04/07/2024 12:00:00 AM,04/07/2024 12:00:00 AM,1700,05,Harbor,0583,1,230,"ASSAULT WITH DEADLY WEAPON, AGGRAVATED ASSAULT",1822 0416 1402,32,M,W,101,STREET,400,"STRONG-ARM (HANDS, FIST, FEET OR BODILY FORCE)",IC,Invest Cont,230,998,,,25TH,WESTERN,33.723,-118.3129
241513351,09/02/2024 12:00:00 AM,09/01/2024 12:00:00 AM,0745,15,N Hollywood,1503,1,510,VEHICLE - STOLEN,,0,,,101,STREET,,,IC,Invest Cont,510,,,,6800    BELLINGHAM                   AV,,34.1939,-118.3987
241309471,05/18/2024 12:00:00 AM,05/18/2024 12:00:00 AM,0100,13,Newton,1317,1,330,BURGLARY FROM VEHICLE,1307 0344,25,M,B,101,STREET,,,IC,Invest Cont,330,,,,COMPTON                      AV,E  WASHINGTON                   ST,34.0209,-118.2439
241712978,09/20/2024 12:00:00 AM,05/19/2024 12:00:00 AM,1000,17,Devonshire,1757,2,740,"VANDALISM - FELONY ($400 & OVER, ALL CHURCH VANDALISMS)",0329,45,M,H,108,PARKING LOT,,,IC,Invest Cont,740,,,,16900    DEVONSHIRE                   ST,,34.2575,-118.5004
241310979,07/03/2024 12:00:00 AM,06/30/2024 12:00:00 AM,2200,13,Newton,1373,1,341,"THEFT-GRAND ($950.01 & OVER)EXCPT,GUNS,FOWL,LIVESTK,PROD",0344,0,M,W,238,TELECOMMUNICATION FACILITY/LOCATION,,,IC,Invest Cont,341,,,,5500    AVALON                       BL,,33.9925,-118.2652
241807402,03/12/2024 12:00:00 AM,03/12/2024 12:00:00 AM,0630,18,Southeast,1841,2,624,BATTERY - SIMPLE ASSAULT,1300 1220 0400,33,M,H,101,STREET,400,"STRONG-ARM (HANDS, FIST, FEET OR BODILY FORCE)",AO,Adult Other,624,,,,106TH                        ST,BROADWAY,33.9367,-118.2871
241404089,01/03/2024 12:00:00 AM,01/02/2024 12:00:00 AM,0345,14,Pacific,1427,1,510,VEHICLE - STOLEN,,0,,,101,STREET,,,IC,Invest Cont,510,,,,3400 S  SEPULVEDA                    BL,,34.0212,-118.4238
240112635,06/10/2024 12:00:00 AM,06/10/2024 12:00:00 AM,1855,01,Central,0138,1,510,VEHICLE - STOLEN,,0,,,101,STREET,,,IC,Invest Cont,510,,,,300 S  ALAMEDA                      ST,,34.0468,-118.2415
241304056,01/02/2024 12:00:00 AM,01/01/2024 12:00:00 AM,2100,13,Newton,1347,1,510,VEHICLE - STOLEN,,0,,,101,STREET,,,IC,Invest Cont,510,,,,41ST,LONG BEACH,34.0072,-118.2432
241610559,09/27/2024 12:00:00 AM,09/26/2024 12:00:00 AM,1342,16,Foothill,1681,2,354,THEFT OF IDENTITY,0377 1822 1202 0929 0930,74,M,J,501,SINGLE FAMILY DWELLING,,,IC,Invest Cont,354,,,,12200    ART                          ST,,34.2275,-118.4006
241107019,03/27/2024 12:00:00 AM,03/19/2024 12:00:00 AM,1500,11,Northeast,1132,1,420,THEFT FROM MOTOR VEHICLE - PETTY ($950 & UNDER),,0,,,101,STREET,,,IC,Invest Cont,420,,,,3400    HUXLEY                       ST,,34.1158,-118.2732
241510681,05/23/2024 12:00:00 AM,04/19/2024 12:00:00 AM,0940,15,N Hollywood,1546,2,354,THEFT OF IDENTITY,0930,37,M,B,501,SINGLE FAMILY DWELLING,,,IC,Invest Cont,354,,,,5300    LEMP                         AV,,34.1667,-118.3845
241709709,05/16/2024 12:00:00 AM,05/14/2024 12:00:00 AM,1800,17,Devonshire,1767,1,331,THEFT FROM MOTOR VEHICLE - GRAND ($950.01 AND OVER),0344 1602 0385 0329,32,F,H,101,STREET,,,IC,Invest Cont,331,,,,18500    PRAIRIE                      ST,,34.2442,-118.5362
241406728,02/29/2024 12:00:00 AM,02/28/2024 12:00:00 AM,0100,14,Pacific,1415,1,510,VEHICLE - STOLEN,,0,,,101,STREET,,,IC,Invest Cont,510,,,,1300    APPLETON                     WY,,34.0038,-118.4553
241905620,02/11/2024 12:00:00 AM,02/11/2024 12:00:00 AM,2155,19,Mission,1917,2,956,"LETTERS, LEWD  -  TELEPHONE CALLS, LEWD",1906,13,F,H,720,JUNIOR HIGH SCHOOL,,,JO,Juv Other,956,,,,14100    PADDOCK                      ST,,34.3128,-118.4415
240700535,01/30/2024 12:00:00 AM,01/29/2024 12:00:00 AM,2330,07,Wilshire,0723,1,410,"BURGLARY FROM VEHICLE, ATTEMPTED",1309 1300 1402 1605 0329 1822 0216,59,M,W,101,STREET,,,IC,Invest Cont,410,998,,,100 S  LA JOLLA                     AV,,34.0743,-118.368
240405919,02/27/2024 12:00:00 AM,02/26/2024 12:00:00 AM,1545,04,Hollenbeck,0422,1,761,BRANDISH WEAPON,0216 0334 0371 0906,18,M,H,102,SIDEWALK,101,REVOLVER,IC,Invest Cont,761,,,,THOMAS                       ST,BALDWIN                      ST,34.0703,-118.2052
240905054,01/31/2024 12:00:00 AM,01/30/2024 12:00:00 AM,2230,09,Van Nuys,0901,1,330,BURGLARY FROM VEHICLE,0344 1300 1307,36,M,W,108,PARKING LOT,,,IC,Invest Cont,330,,,,15300    SHERMAN                      WY,,34.2012,-118.4725
241605414,02/16/2024 12:00:00 AM,01/19/2024 12:00:00 AM,1415,16,Foothill,1619,2,354,THEFT OF IDENTITY,1822 1202 0930,62,F,W,501,SINGLE FAMILY DWELLING,,,IC,Invest Cont,354,,,,11100    PROVENCE                     LN,,34.2707,-118.2917
241513941,09/20/2024 12:00:00 AM,09/16/2024 12:00:00 AM,1800,15,N Hollywood,1523,1,420,THEFT FROM MOTOR VEHICLE - PETTY ($950 & UNDER),,0,,,101,STREET,,,IC,Invest Cont,420,,,,6100    WHITSETT                     AV,,34.1849,-118.4095
241605270,02/11/2024 12:00:00 AM,02/11/2024 12:00:00 AM,1920,16,Foothill,1681,2,888,TRESPASSING,0913 1202 1501,79,M,O,501,SINGLE FAMILY DWELLING,,,AA,Adult Arrest,888,,,,8700    SHARP                        AV,,34.2278,-118.4051
241604405,01/14/2024 12:00:00 AM,01/13/2024 12:00:00 AM,0720,16,Foothill,1673,1,230,"ASSAULT WITH DEADLY WEAPON, AGGRAVATED ASSAULT",0400 1822 1310 0416,36,M,H,101,STREET,207,OTHER KNIFE,IC,Invest Cont,230,,,,8700    LANKERSHIM                   BL,,34.2271,-118.3878
242106032,02/20/2024 12:00:00 AM,02/17/2024 12:00:00 AM,2330,21,Topanga,2103,1,420,THEFT FROM MOTOR VEHICLE - PETTY ($950 & UNDER),0385,44,F,O,104,DRIVEWAY,,,IC,Invest Cont,420,,,,22700    NAPA                         ST,,34.226,-118.6214
242004546,01/16/2024 12:00:00 AM,01/16/2024 12:00:00 AM,1510,20,Olympic,2013,2,624,BATTERY - SIMPLE ASSAULT,2047 0400 0429 0444 1202 1822,80,F,O,124,BUS STOP,400,"STRONG-ARM (HANDS, FIST, FEET OR BODILY FORCE)",IC,Invest Cont,624,,,,HOBART                       BL,3RD                          ST,34.069,-118.3054
240119644,10/04/2024 12:00:00 AM,09/27/2024 12:00:00 AM,2345,01,Central,0142,1,440,THEFT PLAIN - PETTY ($950 & UNDER),0344 2014,42,F,B,122,"VEHICLE, PASSENGER/TRUCK",,,IC,Invest Cont,440,,,,W  3RD,S  GRAND,34.0531,-118.2512
242011172,08/20/2024 12:00:00 AM,08/17/2024 12:00:00 AM,2300,20,Olympic,2033,1,341,"THEFT-GRAND ($950.01 & OVER)EXCPT,GUNS,FOWL,LIVESTK,PROD",0344 1822,36,F,C,207,BAR/COCKTAIL/NIGHTCLUB,,,IC,Invest Cont,341,,,,3700    WILSHIRE                     BL,,34.0617,-118.3066
241414280,10/16/2024 12:00:00 AM,10/16/2024 12:00:00 AM,1546,14,Pacific,1489,1,341,"THEFT-GRAND ($950.01 & OVER)EXCPT,GUNS,FOWL,LIVESTK,PROD",1822 0344,46,M,H,223,VIDEO RENTAL STORE,500,UNKNOWN WEAPON/OTHER WEAPON,IC,Invest Cont,341,,,,5200 W  98TH                         ST,,33.9469,-118.3703
240710284,07/24/2024 12:00:00 AM,07/23/2024 12:00:00 AM,1400,07,Wilshire,0788,1,510,VEHICLE - STOLEN,,0,,,101,STREET,,,IC,Invest Cont,510,,,,4000 W  23RD                         ST,,34.0362,-118.3284
240104953,01/15/2024 12:00:00 AM,01/15/2024 12:00:00 AM,0100,01,Central,0101,2,745,VANDALISM - MISDEAMEANOR ($399 OR UNDER),0329 0400 0416,0,X,X,503,HOTEL,500,UNKNOWN WEAPON/OTHER WEAPON,IC,Invest Cont,745,,,,1300 W  SUNSET                       BL,,34.0685,-118.246
240410786,10/14/2024 12:00:00 AM,10/11/2024 12:00:00 AM,2330,04,Hollenbeck,0421,1,341,"THEFT-GRAND ($950.01 & OVER)EXCPT,GUNS,FOWL,LIVESTK,PROD",0344,29,M,B,210,RESTAURANT/FAST FOOD,,,IC,Invest Cont,341,,,,1700    ALBION                       ST,,34.0675,-118.224
240309674,04/24/2024 12:00:00 AM,04/24/2024 12:00:00 AM,1500,03,Southwest,0358,1,230,"ASSAULT WITH DEADLY WEAPON, AGGRAVATED ASSAULT",1822 0334 0416 0445 0449 1202,70,F,W,102,SIDEWALK,308,STICK,IC,Invest Cont,230,,,,FLOWER                       ST,JEFFERSON                    BL,34.0215,-118.2868
240910892,08/13/2024 12:00:00 AM,08/12/2024 12:00:00 AM,2300,09,Van Nuys,0914,1,510,VEHICLE - STOLEN,,0,,,108,PARKING LOT,,,IC,Invest Cont,510,,,,6900    VESPER                       AV,,34.1961,-118.451
